source,kind,faction,role_or_helper,struct_key,sid,refkey,root_values,slot,category,player_rank,rank,difficulty,slot_extra,candidate,path,item_sid,generator_sid,mode,weight,chance,min_count,max_count,ammo_min,ammo_max,durability_min,durability_max,candidate_all_values
vanilla/Stalker2/Content/GameLite/GameData/ItemGeneratorPrototypes.cfg,consumable,shared,,GeneralNPC_Consumables,GeneralNPC_Consumables,,"{""SID"":""GeneralNPC_Consumables""}",[0],Consumable,"ERank::Newbie, ERank::Experienced",,"EGameDifficulty::Easy, EGameDifficulty::Medium, EGameDifficulty::Hard",{},[0],GeneralNPC_Consumables.ItemGenerator.[0].PossibleItems.[0],Bandage,,chance,,0.15,1,1,,,,,"{""ItemPrototypeSID"":""Bandage"",""Chance"":""0.15"",""MinCount"":""1"",""MaxCount"":""1""}"
vanilla/Stalker2/Content/GameLite/GameData/ItemGeneratorPrototypes.cfg,consumable,shared,,GeneralNPC_Consumables,GeneralNPC_Consumables,,"{""SID"":""GeneralNPC_Consumables""}",[0],Consumable,"ERank::Newbie, ERank::Experienced",,"EGameDifficulty::Easy, EGameDifficulty::Medium, EGameDifficulty::Hard",{},[1],GeneralNPC_Consumables.ItemGenerator.[0].PossibleItems.[1],Sausage,,chance,,0.3,1,1,,,,,"{""ItemPrototypeSID"":""Sausage"",""Chance"":""0.3"",""MinCount"":""1"",""MaxCount"":""1""}"
vanilla/Stalker2/Content/GameLite/GameData/ItemGeneratorPrototypes.cfg,consumable,shared,,GeneralNPC_Consumables,GeneralNPC_Consumables,,"{""SID"":""GeneralNPC_Consumables""}",[0],Consumable,"ERank::Newbie, ERank::Experienced",,"EGameDifficulty::Easy, EGameDifficulty::Medium, EGameDifficulty::Hard",{},[2],GeneralNPC_Consumables.ItemGenerator.[0].PossibleItems.[2],Energetic,,chance,,0.1,1,1,,,,,"{""ItemPrototypeSID"":""Energetic"",""Chance"":""0.1"",""MinCount"":""1"",""MaxCount"":""1""}"
vanilla/Stalker2/Content/GameLite/GameData/ItemGeneratorPrototypes.cfg,consumable,shared,,GeneralNPC_Consumables,GeneralNPC_Consumables,,"{""SID"":""GeneralNPC_Consumables""}",[0],Consumable,"ERank::Newbie, ERank::Experienced",,"EGameDifficulty::Easy, EGameDifficulty::Medium, EGameDifficulty::Hard",{},[3],GeneralNPC_Consumables.ItemGenerator.[0].PossibleItems.[3],Medkit,,chance,,0.2,1,1,,,,,"{""ItemPrototypeSID"":""Medkit"",""Chance"":""0.2"",""MinCount"":""1"",""MaxCount"":""1""}"
vanilla/Stalker2/Content/GameLite/GameData/ItemGeneratorPrototypes.cfg,consumable,shared,,GeneralNPC_Consumables,GeneralNPC_Consumables,,"{""SID"":""GeneralNPC_Consumables""}",[0],Consumable,"ERank::Newbie, ERank::Experienced",,"EGameDifficulty::Easy, EGameDifficulty::Medium, EGameDifficulty::Hard",{},[4],GeneralNPC_Consumables.ItemGenerator.[0].PossibleItems.[4],Vodka,,chance,,0.1,1,1,,,,,"{""ItemPrototypeSID"":""Vodka"",""Chance"":""0.1"",""MinCount"":""1"",""MaxCount"":""1""}"
vanilla/Stalker2/Content/GameLite/GameData/ItemGeneratorPrototypes.cfg,consumable,shared,,GeneralNPC_Consumables,GeneralNPC_Consumables,,"{""SID"":""GeneralNPC_Consumables""}",[1],Consumable,"ERank::Veteran, ERank::Master",,"EGameDifficulty::Easy, EGameDifficulty::Medium, EGameDifficulty::Hard",{},[0],GeneralNPC_Consumables.ItemGenerator.[1].PossibleItems.[0],Bandage,,chance,,1,1,3,,,,,"{""ItemPrototypeSID"":""Bandage"",""Chance"":""1"",""MinCount"":""1"",""MaxCount"":""3""}"
vanilla/Stalker2/Content/GameLite/GameData/ItemGeneratorPrototypes.cfg,consumable,shared,,GeneralNPC_Consumables,GeneralNPC_Consumables,,"{""SID"":""GeneralNPC_Consumables""}",[1],Consumable,"ERank::Veteran, ERank::Master",,"EGameDifficulty::Easy, EGameDifficulty::Medium, EGameDifficulty::Hard",{},[1],GeneralNPC_Consumables.ItemGenerator.[1].PossibleItems.[1],CannedFood,,chance,,1.0,1,1,,,,,"{""ItemPrototypeSID"":""CannedFood"",""Chance"":""1.0"",""MinCount"":""1"",""MaxCount"":""1""}"
vanilla/Stalker2/Content/GameLite/GameData/ItemGeneratorPrototypes.cfg,consumable,shared,,GeneralNPC_Consumables,GeneralNPC_Consumables,,"{""SID"":""GeneralNPC_Consumables""}",[1],Consumable,"ERank::Veteran, ERank::Master",,"EGameDifficulty::Easy, EGameDifficulty::Medium, EGameDifficulty::Hard",{},[2],GeneralNPC_Consumables.ItemGenerator.[1].PossibleItems.[2],Energetic,,chance,,1.0,0,1,,,,,"{""ItemPrototypeSID"":""Energetic"",""Chance"":""1.0"",""MinCount"":""0"",""MaxCount"":""1""}"
vanilla/Stalker2/Content/GameLite/GameData/ItemGeneratorPrototypes.cfg,consumable,shared,,GeneralNPC_Consumables,GeneralNPC_Consumables,,"{""SID"":""GeneralNPC_Consumables""}",[1],Consumable,"ERank::Veteran, ERank::Master",,"EGameDifficulty::Easy, EGameDifficulty::Medium, EGameDifficulty::Hard",{},[3],GeneralNPC_Consumables.ItemGenerator.[1].PossibleItems.[3],Medkit,,chance,,1.0,1,1,,,,,"{""ItemPrototypeSID"":""Medkit"",""Chance"":""1.0"",""MinCount"":""1"",""MaxCount"":""1""}"
vanilla/Stalker2/Content/GameLite/GameData/ItemGeneratorPrototypes.cfg,consumable,shared,,GeneralNPC_Consumables,GeneralNPC_Consumables,,"{""SID"":""GeneralNPC_Consumables""}",[1],Consumable,"ERank::Veteran, ERank::Master",,"EGameDifficulty::Easy, EGameDifficulty::Medium, EGameDifficulty::Hard",{},[4],GeneralNPC_Consumables.ItemGenerator.[1].PossibleItems.[4],ArmyMedkit,,chance,,1.0,0,1,,,,,"{""ItemPrototypeSID"":""ArmyMedkit"",""Chance"":""1.0"",""MinCount"":""0"",""MaxCount"":""1""}"
vanilla/Stalker2/Content/GameLite/GameData/ItemGeneratorPrototypes.cfg,consumable,shared,,GeneralNPC_Consumables,GeneralNPC_Consumables,,"{""SID"":""GeneralNPC_Consumables""}",[1],Consumable,"ERank::Veteran, ERank::Master",,"EGameDifficulty::Easy, EGameDifficulty::Medium, EGameDifficulty::Hard",{},[5],GeneralNPC_Consumables.ItemGenerator.[1].PossibleItems.[5],AntiRad,,chance,,1.0,0,2,,,,,"{""ItemPrototypeSID"":""AntiRad"",""Chance"":""1.0"",""MinCount"":""0"",""MaxCount"":""2""}"
vanilla/Stalker2/Content/GameLite/GameData/ItemGeneratorPrototypes.cfg,consumable,shared,,GeneralNPC_Consumables,GeneralNPC_Consumables,,"{""SID"":""GeneralNPC_Consumables""}",[2],Consumable,"ERank::Newbie, ERank::Experienced",,EGameDifficulty::Stalker,{},[0],GeneralNPC_Consumables.ItemGenerator.[2].PossibleItems.[0],Bandage,,chance,,0.06,1,1,,,,,"{""ItemPrototypeSID"":""Bandage"",""Chance"":""0.06"",""MinCount"":""1"",""MaxCount"":""1""}"
vanilla/Stalker2/Content/GameLite/GameData/ItemGeneratorPrototypes.cfg,consumable,shared,,GeneralNPC_Consumables,GeneralNPC_Consumables,,"{""SID"":""GeneralNPC_Consumables""}",[2],Consumable,"ERank::Newbie, ERank::Experienced",,EGameDifficulty::Stalker,{},[1],GeneralNPC_Consumables.ItemGenerator.[2].PossibleItems.[1],Sausage,,chance,,0.3,1,1,,,,,"{""ItemPrototypeSID"":""Sausage"",""Chance"":""0.3"",""MinCount"":""1"",""MaxCount"":""1""}"
vanilla/Stalker2/Content/GameLite/GameData/ItemGeneratorPrototypes.cfg,consumable,shared,,GeneralNPC_Consumables,GeneralNPC_Consumables,,"{""SID"":""GeneralNPC_Consumables""}",[2],Consumable,"ERank::Newbie, ERank::Experienced",,EGameDifficulty::Stalker,{},[2],GeneralNPC_Consumables.ItemGenerator.[2].PossibleItems.[2],Energetic,,chance,,0.1,1,1,,,,,"{""ItemPrototypeSID"":""Energetic"",""Chance"":""0.1"",""MinCount"":""1"",""MaxCount"":""1""}"
vanilla/Stalker2/Content/GameLite/GameData/ItemGeneratorPrototypes.cfg,consumable,shared,,GeneralNPC_Consumables,GeneralNPC_Consumables,,"{""SID"":""GeneralNPC_Consumables""}",[2],Consumable,"ERank::Newbie, ERank::Experienced",,EGameDifficulty::Stalker,{},[3],GeneralNPC_Consumables.ItemGenerator.[2].PossibleItems.[3],Medkit,,chance,,0.05,1,1,,,,,"{""ItemPrototypeSID"":""Medkit"",""Chance"":""0.05"",""MinCount"":""1"",""MaxCount"":""1""}"
vanilla/Stalker2/Content/GameLite/GameData/ItemGeneratorPrototypes.cfg,consumable,shared,,GeneralNPC_Consumables,GeneralNPC_Consumables,,"{""SID"":""GeneralNPC_Consumables""}",[2],Consumable,"ERank::Newbie, ERank::Experienced",,EGameDifficulty::Stalker,{},[4],GeneralNPC_Consumables.ItemGenerator.[2].PossibleItems.[4],Vodka,,chance,,0.1,1,1,,,,,"{""ItemPrototypeSID"":""Vodka"",""Chance"":""0.1"",""MinCount"":""1"",""MaxCount"":""1""}"
vanilla/Stalker2/Content/GameLite/GameData/ItemGeneratorPrototypes.cfg,consumable,shared,,GeneralNPC_Consumables,GeneralNPC_Consumables,,"{""SID"":""GeneralNPC_Consumables""}",[3],Consumable,"ERank::Veteran, ERank::Master",,EGameDifficulty::Stalker,{},[0],GeneralNPC_Consumables.ItemGenerator.[3].PossibleItems.[0],Bandage,,chance,,0.5,1,2,,,,,"{""ItemPrototypeSID"":""Bandage"",""Chance"":""0.5"",""MinCount"":""1"",""MaxCount"":""2""}"
vanilla/Stalker2/Content/GameLite/GameData/ItemGeneratorPrototypes.cfg,consumable,shared,,GeneralNPC_Consumables,GeneralNPC_Consumables,,"{""SID"":""GeneralNPC_Consumables""}",[3],Consumable,"ERank::Veteran, ERank::Master",,EGameDifficulty::Stalker,{},[1],GeneralNPC_Consumables.ItemGenerator.[3].PossibleItems.[1],CannedFood,,chance,,1.0,1,1,,,,,"{""ItemPrototypeSID"":""CannedFood"",""Chance"":""1.0"",""MinCount"":""1"",""MaxCount"":""1""}"
vanilla/Stalker2/Content/GameLite/GameData/ItemGeneratorPrototypes.cfg,consumable,shared,,GeneralNPC_Consumables,GeneralNPC_Consumables,,"{""SID"":""GeneralNPC_Consumables""}",[3],Consumable,"ERank::Veteran, ERank::Master",,EGameDifficulty::Stalker,{},[2],GeneralNPC_Consumables.ItemGenerator.[3].PossibleItems.[2],Energetic,,chance,,1.0,0,1,,,,,"{""ItemPrototypeSID"":""Energetic"",""Chance"":""1.0"",""MinCount"":""0"",""MaxCount"":""1""}"
vanilla/Stalker2/Content/GameLite/GameData/ItemGeneratorPrototypes.cfg,consumable,shared,,GeneralNPC_Consumables,GeneralNPC_Consumables,,"{""SID"":""GeneralNPC_Consumables""}",[3],Consumable,"ERank::Veteran, ERank::Master",,EGameDifficulty::Stalker,{},[3],GeneralNPC_Consumables.ItemGenerator.[3].PossibleItems.[3],Medkit,,chance,,0.5,1,1,,,,,"{""ItemPrototypeSID"":""Medkit"",""Chance"":""0.5"",""MinCount"":""1"",""MaxCount"":""1""}"
vanilla/Stalker2/Content/GameLite/GameData/ItemGeneratorPrototypes.cfg,consumable,shared,,GeneralNPC_Consumables,GeneralNPC_Consumables,,"{""SID"":""GeneralNPC_Consumables""}",[3],Consumable,"ERank::Veteran, ERank::Master",,EGameDifficulty::Stalker,{},[4],GeneralNPC_Consumables.ItemGenerator.[3].PossibleItems.[4],ArmyMedkit,,chance,,0.2,1,1,,,,,"{""ItemPrototypeSID"":""ArmyMedkit"",""Chance"":""0.2"",""MinCount"":""1"",""MaxCount"":""1""}"
vanilla/Stalker2/Content/GameLite/GameData/ItemGeneratorPrototypes.cfg,consumable,shared,,GeneralNPC_Consumables,GeneralNPC_Consumables,,"{""SID"":""GeneralNPC_Consumables""}",[3],Consumable,"ERank::Veteran, ERank::Master",,EGameDifficulty::Stalker,{},[5],GeneralNPC_Consumables.ItemGenerator.[3].PossibleItems.[5],AntiRad,,chance,,1.0,0,2,,,,,"{""ItemPrototypeSID"":""AntiRad"",""Chance"":""1.0"",""MinCount"":""0"",""MaxCount"":""2""}"
vanilla/Stalker2/Content/GameLite/GameData/ItemGeneratorPrototypes.cfg,consumable,shared,Recon,GeneralNPC_Consumables_Recon,GeneralNPC_Consumables_Recon,,"{""SID"":""GeneralNPC_Consumables_Recon""}",[0],Consumable,"ERank::Newbie, ERank::Experienced",,"EGameDifficulty::Easy, EGameDifficulty::Medium, EGameDifficulty::Hard",{},[0],GeneralNPC_Consumables_Recon.ItemGenerator.[0].PossibleItems.[0],Bandage,,chance,,0.3,1,1,,,,,"{""ItemPrototypeSID"":""Bandage"",""Chance"":""0.3"",""MinCount"":""1"",""MaxCount"":""1""}"
vanilla/Stalker2/Content/GameLite/GameData/ItemGeneratorPrototypes.cfg,consumable,shared,Recon,GeneralNPC_Consumables_Recon,GeneralNPC_Consumables_Recon,,"{""SID"":""GeneralNPC_Consumables_Recon""}",[0],Consumable,"ERank::Newbie, ERank::Experienced",,"EGameDifficulty::Easy, EGameDifficulty::Medium, EGameDifficulty::Hard",{},[1],GeneralNPC_Consumables_Recon.ItemGenerator.[0].PossibleItems.[1],Bread,,chance,,0.7,1,1,,,,,"{""ItemPrototypeSID"":""Bread"",""Chance"":""0.7"",""MinCount"":""1"",""MaxCount"":""1""}"
vanilla/Stalker2/Content/GameLite/GameData/ItemGeneratorPrototypes.cfg,consumable,shared,Recon,GeneralNPC_Consumables_Recon,GeneralNPC_Consumables_Recon,,"{""SID"":""GeneralNPC_Consumables_Recon""}",[0],Consumable,"ERank::Newbie, ERank::Experienced",,"EGameDifficulty::Easy, EGameDifficulty::Medium, EGameDifficulty::Hard",{},[2],GeneralNPC_Consumables_Recon.ItemGenerator.[0].PossibleItems.[2],Energetic,,chance,,0.2,1,1,,,,,"{""ItemPrototypeSID"":""Energetic"",""Chance"":""0.2"",""MinCount"":""1"",""MaxCount"":""1""}"
vanilla/Stalker2/Content/GameLite/GameData/ItemGeneratorPrototypes.cfg,consumable,shared,Recon,GeneralNPC_Consumables_Recon,GeneralNPC_Consumables_Recon,,"{""SID"":""GeneralNPC_Consumables_Recon""}",[0],Consumable,"ERank::Newbie, ERank::Experienced",,"EGameDifficulty::Easy, EGameDifficulty::Medium, EGameDifficulty::Hard",{},[3],GeneralNPC_Consumables_Recon.ItemGenerator.[0].PossibleItems.[3],Medkit,,chance,,0.1,1,1,,,,,"{""ItemPrototypeSID"":""Medkit"",""Chance"":""0.1"",""MinCount"":""1"",""MaxCount"":""1""}"
vanilla/Stalker2/Content/GameLite/GameData/ItemGeneratorPrototypes.cfg,consumable,shared,Recon,GeneralNPC_Consumables_Recon,GeneralNPC_Consumables_Recon,,"{""SID"":""GeneralNPC_Consumables_Recon""}",[1],Consumable,"ERank::Veteran, ERank::Master",,"EGameDifficulty::Easy, EGameDifficulty::Medium, EGameDifficulty::Hard",{},[0],GeneralNPC_Consumables_Recon.ItemGenerator.[1].PossibleItems.[0],Bandage,,chance,,1,1,2,,,,,"{""ItemPrototypeSID"":""Bandage"",""Chance"":""1"",""MinCount"":""1"",""MaxCount"":""2""}"
vanilla/Stalker2/Content/GameLite/GameData/ItemGeneratorPrototypes.cfg,consumable,shared,Recon,GeneralNPC_Consumables_Recon,GeneralNPC_Consumables_Recon,,"{""SID"":""GeneralNPC_Consumables_Recon""}",[1],Consumable,"ERank::Veteran, ERank::Master",,"EGameDifficulty::Easy, EGameDifficulty::Medium, EGameDifficulty::Hard",{},[1],GeneralNPC_Consumables_Recon.ItemGenerator.[1].PossibleItems.[1],CannedFood,,chance,,0.5,1,1,,,,,"{""ItemPrototypeSID"":""CannedFood"",""Chance"":""0.5"",""MinCount"":""1"",""MaxCount"":""1""}"
vanilla/Stalker2/Content/GameLite/GameData/ItemGeneratorPrototypes.cfg,consumable,shared,Recon,GeneralNPC_Consumables_Recon,GeneralNPC_Consumables_Recon,,"{""SID"":""GeneralNPC_Consumables_Recon""}",[1],Consumable,"ERank::Veteran, ERank::Master",,"EGameDifficulty::Easy, EGameDifficulty::Medium, EGameDifficulty::Hard",{},[2],GeneralNPC_Consumables_Recon.ItemGenerator.[1].PossibleItems.[2],Energetic,,chance,,1.0,1,1,,,,,"{""ItemPrototypeSID"":""Energetic"",""Chance"":""1.0"",""MinCount"":""1"",""MaxCount"":""1""}"
vanilla/Stalker2/Content/GameLite/GameData/ItemGeneratorPrototypes.cfg,consumable,shared,Recon,GeneralNPC_Consumables_Recon,GeneralNPC_Consumables_Recon,,"{""SID"":""GeneralNPC_Consumables_Recon""}",[1],Consumable,"ERank::Veteran, ERank::Master",,"EGameDifficulty::Easy, EGameDifficulty::Medium, EGameDifficulty::Hard",{},[3],GeneralNPC_Consumables_Recon.ItemGenerator.[1].PossibleItems.[3],Medkit,,chance,,0.25,1,1,,,,,"{""ItemPrototypeSID"":""Medkit"",""Chance"":""0.25"",""MinCount"":""1"",""MaxCount"":""1""}"
vanilla/Stalker2/Content/GameLite/GameData/ItemGeneratorPrototypes.cfg,consumable,shared,Recon,GeneralNPC_Consumables_Recon,GeneralNPC_Consumables_Recon,,"{""SID"":""GeneralNPC_Consumables_Recon""}",[1],Consumable,"ERank::Veteran, ERank::Master",,"EGameDifficulty::Easy, EGameDifficulty::Medium, EGameDifficulty::Hard",{},[4],GeneralNPC_Consumables_Recon.ItemGenerator.[1].PossibleItems.[4],AntiRad,,chance,,0.4,1,1,,,,,"{""ItemPrototypeSID"":""AntiRad"",""Chance"":""0.4"",""MinCount"":""1"",""MaxCount"":""1""}"
vanilla/Stalker2/Content/GameLite/GameData/ItemGeneratorPrototypes.cfg,consumable,shared,Recon,GeneralNPC_Consumables_Recon,GeneralNPC_Consumables_Recon,,"{""SID"":""GeneralNPC_Consumables_Recon""}",[2],Consumable,"ERank::Newbie, ERank::Experienced",,EGameDifficulty::Stalker,{},[0],GeneralNPC_Consumables_Recon.ItemGenerator.[2].PossibleItems.[0],Bandage,,chance,,0.05,1,1,,,,,"{""ItemPrototypeSID"":""Bandage"",""Chance"":""0.05"",""MinCount"":""1"",""MaxCount"":""1""}"
vanilla/Stalker2/Content/GameLite/GameData/ItemGeneratorPrototypes.cfg,consumable,shared,Recon,GeneralNPC_Consumables_Recon,GeneralNPC_Consumables_Recon,,"{""SID"":""GeneralNPC_Consumables_Recon""}",[2],Consumable,"ERank::Newbie, ERank::Experienced",,EGameDifficulty::Stalker,{},[1],GeneralNPC_Consumables_Recon.ItemGenerator.[2].PossibleItems.[1],Bread,,chance,,0.7,1,1,,,,,"{""ItemPrototypeSID"":""Bread"",""Chance"":""0.7"",""MinCount"":""1"",""MaxCount"":""1""}"
vanilla/Stalker2/Content/GameLite/GameData/ItemGeneratorPrototypes.cfg,consumable,shared,Recon,GeneralNPC_Consumables_Recon,GeneralNPC_Consumables_Recon,,"{""SID"":""GeneralNPC_Consumables_Recon""}",[2],Consumable,"ERank::Newbie, ERank::Experienced",,EGameDifficulty::Stalker,{},[2],GeneralNPC_Consumables_Recon.ItemGenerator.[2].PossibleItems.[2],Energetic,,chance,,0.2,1,1,,,,,"{""ItemPrototypeSID"":""Energetic"",""Chance"":""0.2"",""MinCount"":""1"",""MaxCount"":""1""}"
vanilla/Stalker2/Content/GameLite/GameData/ItemGeneratorPrototypes.cfg,consumable,shared,Recon,GeneralNPC_Consumables_Recon,GeneralNPC_Consumables_Recon,,"{""SID"":""GeneralNPC_Consumables_Recon""}",[2],Consumable,"ERank::Newbie, ERank::Experienced",,EGameDifficulty::Stalker,{},[3],GeneralNPC_Consumables_Recon.ItemGenerator.[2].PossibleItems.[3],Medkit,,chance,,0.06,1,1,,,,,"{""ItemPrototypeSID"":""Medkit"",""Chance"":""0.06"",""MinCount"":""1"",""MaxCount"":""1""}"
vanilla/Stalker2/Content/GameLite/GameData/ItemGeneratorPrototypes.cfg,consumable,shared,Recon,GeneralNPC_Consumables_Recon,GeneralNPC_Consumables_Recon,,"{""SID"":""GeneralNPC_Consumables_Recon""}",[3],Consumable,"ERank::Veteran, ERank::Master",,EGameDifficulty::Stalker,{},[0],GeneralNPC_Consumables_Recon.ItemGenerator.[3].PossibleItems.[0],Bandage,,chance,,0.5,1,2,,,,,"{""ItemPrototypeSID"":""Bandage"",""Chance"":""0.5"",""MinCount"":""1"",""MaxCount"":""2""}"
vanilla/Stalker2/Content/GameLite/GameData/ItemGeneratorPrototypes.cfg,consumable,shared,Recon,GeneralNPC_Consumables_Recon,GeneralNPC_Consumables_Recon,,"{""SID"":""GeneralNPC_Consumables_Recon""}",[3],Consumable,"ERank::Veteran, ERank::Master",,EGameDifficulty::Stalker,{},[1],GeneralNPC_Consumables_Recon.ItemGenerator.[3].PossibleItems.[1],CannedFood,,chance,,0.5,1,1,,,,,"{""ItemPrototypeSID"":""CannedFood"",""Chance"":""0.5"",""MinCount"":""1"",""MaxCount"":""1""}"
vanilla/Stalker2/Content/GameLite/GameData/ItemGeneratorPrototypes.cfg,consumable,shared,Recon,GeneralNPC_Consumables_Recon,GeneralNPC_Consumables_Recon,,"{""SID"":""GeneralNPC_Consumables_Recon""}",[3],Consumable,"ERank::Veteran, ERank::Master",,EGameDifficulty::Stalker,{},[2],GeneralNPC_Consumables_Recon.ItemGenerator.[3].PossibleItems.[2],Energetic,,chance,,1.0,1,1,,,,,"{""ItemPrototypeSID"":""Energetic"",""Chance"":""1.0"",""MinCount"":""1"",""MaxCount"":""1""}"
vanilla/Stalker2/Content/GameLite/GameData/ItemGeneratorPrototypes.cfg,consumable,shared,Recon,GeneralNPC_Consumables_Recon,GeneralNPC_Consumables_Recon,,"{""SID"":""GeneralNPC_Consumables_Recon""}",[3],Consumable,"ERank::Veteran, ERank::Master",,EGameDifficulty::Stalker,{},[3],GeneralNPC_Consumables_Recon.ItemGenerator.[3].PossibleItems.[3],Medkit,,chance,,0.17,1,1,,,,,"{""ItemPrototypeSID"":""Medkit"",""Chance"":""0.17"",""MinCount"":""1"",""MaxCount"":""1""}"
vanilla/Stalker2/Content/GameLite/GameData/ItemGeneratorPrototypes.cfg,consumable,shared,Recon,GeneralNPC_Consumables_Recon,GeneralNPC_Consumables_Recon,,"{""SID"":""GeneralNPC_Consumables_Recon""}",[3],Consumable,"ERank::Veteran, ERank::Master",,EGameDifficulty::Stalker,{},[4],GeneralNPC_Consumables_Recon.ItemGenerator.[3].PossibleItems.[4],AntiRad,,chance,,0.4,1,1,,,,,"{""ItemPrototypeSID"":""AntiRad"",""Chance"":""0.4"",""MinCount"":""1"",""MaxCount"":""1""}"
vanilla/Stalker2/Content/GameLite/GameData/ItemGeneratorPrototypes.cfg,consumable,shared,Noon,GeneralNPC_Consumables_Noon,GeneralNPC_Consumables_Noon,,"{""SID"":""GeneralNPC_Consumables_Noon""}",[0],Consumable,"ERank::Newbie, ERank::Experienced",,"EGameDifficulty::Easy, EGameDifficulty::Medium, EGameDifficulty::Hard",{},[0],GeneralNPC_Consumables_Noon.ItemGenerator.[0].PossibleItems.[0],Bandage,,chance,,0.2,1,1,,,,,"{""ItemPrototypeSID"":""Bandage"",""Chance"":""0.2"",""MinCount"":""1"",""MaxCount"":""1""}"
vanilla/Stalker2/Content/GameLite/GameData/ItemGeneratorPrototypes.cfg,consumable,shared,Noon,GeneralNPC_Consumables_Noon,GeneralNPC_Consumables_Noon,,"{""SID"":""GeneralNPC_Consumables_Noon""}",[0],Consumable,"ERank::Newbie, ERank::Experienced",,"EGameDifficulty::Easy, EGameDifficulty::Medium, EGameDifficulty::Hard",{},[1],GeneralNPC_Consumables_Noon.ItemGenerator.[0].PossibleItems.[1],Sausage,,chance,,0.6,1,1,,,,,"{""ItemPrototypeSID"":""Sausage"",""Chance"":""0.6"",""MinCount"":""1"",""MaxCount"":""1""}"
vanilla/Stalker2/Content/GameLite/GameData/ItemGeneratorPrototypes.cfg,consumable,shared,Noon,GeneralNPC_Consumables_Noon,GeneralNPC_Consumables_Noon,,"{""SID"":""GeneralNPC_Consumables_Noon""}",[0],Consumable,"ERank::Newbie, ERank::Experienced",,"EGameDifficulty::Easy, EGameDifficulty::Medium, EGameDifficulty::Hard",{},[2],GeneralNPC_Consumables_Noon.ItemGenerator.[0].PossibleItems.[2],Energetic,,chance,,0.15,1,1,,,,,"{""ItemPrototypeSID"":""Energetic"",""Chance"":""0.15"",""MinCount"":""1"",""MaxCount"":""1""}"
vanilla/Stalker2/Content/GameLite/GameData/ItemGeneratorPrototypes.cfg,consumable,shared,Noon,GeneralNPC_Consumables_Noon,GeneralNPC_Consumables_Noon,,"{""SID"":""GeneralNPC_Consumables_Noon""}",[0],Consumable,"ERank::Newbie, ERank::Experienced",,"EGameDifficulty::Easy, EGameDifficulty::Medium, EGameDifficulty::Hard",{},[3],GeneralNPC_Consumables_Noon.ItemGenerator.[0].PossibleItems.[3],Medkit,,chance,,0.1,1,1,,,,,"{""ItemPrototypeSID"":""Medkit"",""Chance"":""0.1"",""MinCount"":""1"",""MaxCount"":""1""}"
vanilla/Stalker2/Content/GameLite/GameData/ItemGeneratorPrototypes.cfg,consumable,shared,Noon,GeneralNPC_Consumables_Noon,GeneralNPC_Consumables_Noon,,"{""SID"":""GeneralNPC_Consumables_Noon""}",[1],Consumable,"ERank::Veteran, ERank::Master",,"EGameDifficulty::Easy, EGameDifficulty::Medium, EGameDifficulty::Hard",{},[0],GeneralNPC_Consumables_Noon.ItemGenerator.[1].PossibleItems.[0],Bandage,,chance,,1.0,1,3,,,,,"{""ItemPrototypeSID"":""Bandage"",""Chance"":""1.0"",""MinCount"":""1"",""MaxCount"":""3""}"
vanilla/Stalker2/Content/GameLite/GameData/ItemGeneratorPrototypes.cfg,consumable,shared,Noon,GeneralNPC_Consumables_Noon,GeneralNPC_Consumables_Noon,,"{""SID"":""GeneralNPC_Consumables_Noon""}",[1],Consumable,"ERank::Veteran, ERank::Master",,"EGameDifficulty::Easy, EGameDifficulty::Medium, EGameDifficulty::Hard",{},[1],GeneralNPC_Consumables_Noon.ItemGenerator.[1].PossibleItems.[1],CannedFood,,chance,,1.0,1,1,,,,,"{""ItemPrototypeSID"":""CannedFood"",""Chance"":""1.0"",""MinCount"":""1"",""MaxCount"":""1""}"
vanilla/Stalker2/Content/GameLite/GameData/ItemGeneratorPrototypes.cfg,consumable,shared,Noon,GeneralNPC_Consumables_Noon,GeneralNPC_Consumables_Noon,,"{""SID"":""GeneralNPC_Consumables_Noon""}",[1],Consumable,"ERank::Veteran, ERank::Master",,"EGameDifficulty::Easy, EGameDifficulty::Medium, EGameDifficulty::Hard",{},[2],GeneralNPC_Consumables_Noon.ItemGenerator.[1].PossibleItems.[2],Energetic,,chance,,0.5,0,1,,,,,"{""ItemPrototypeSID"":""Energetic"",""Chance"":""0.5"",""MinCount"":""0"",""MaxCount"":""1""}"
vanilla/Stalker2/Content/GameLite/GameData/ItemGeneratorPrototypes.cfg,consumable,shared,Noon,GeneralNPC_Consumables_Noon,GeneralNPC_Consumables_Noon,,"{""SID"":""GeneralNPC_Consumables_Noon""}",[1],Consumable,"ERank::Veteran, ERank::Master",,"EGameDifficulty::Easy, EGameDifficulty::Medium, EGameDifficulty::Hard",{},[3],GeneralNPC_Consumables_Noon.ItemGenerator.[1].PossibleItems.[3],Medkit,,chance,,0.4,1,1,,,,,"{""ItemPrototypeSID"":""Medkit"",""Chance"":""0.4"",""MinCount"":""1"",""MaxCount"":""1""}"
vanilla/Stalker2/Content/GameLite/GameData/ItemGeneratorPrototypes.cfg,consumable,shared,Noon,GeneralNPC_Consumables_Noon,GeneralNPC_Consumables_Noon,,"{""SID"":""GeneralNPC_Consumables_Noon""}",[1],Consumable,"ERank::Veteran, ERank::Master",,"EGameDifficulty::Easy, EGameDifficulty::Medium, EGameDifficulty::Hard",{},[4],GeneralNPC_Consumables_Noon.ItemGenerator.[1].PossibleItems.[4],ArmyMedkit,,chance,,0.2,0,1,,,,,"{""ItemPrototypeSID"":""ArmyMedkit"",""Chance"":""0.2"",""MinCount"":""0"",""MaxCount"":""1""}"
vanilla/Stalker2/Content/GameLite/GameData/ItemGeneratorPrototypes.cfg,consumable,shared,Noon,GeneralNPC_Consumables_Noon,GeneralNPC_Consumables_Noon,,"{""SID"":""GeneralNPC_Consumables_Noon""}",[1],Consumable,"ERank::Veteran, ERank::Master",,"EGameDifficulty::Easy, EGameDifficulty::Medium, EGameDifficulty::Hard",{},[5],GeneralNPC_Consumables_Noon.ItemGenerator.[1].PossibleItems.[5],AntiRad,,chance,,0.5,0,2,,,,,"{""ItemPrototypeSID"":""AntiRad"",""Chance"":""0.5"",""MinCount"":""0"",""MaxCount"":""2""}"
vanilla/Stalker2/Content/GameLite/GameData/ItemGeneratorPrototypes.cfg,consumable,shared,Noon,GeneralNPC_Consumables_Noon,GeneralNPC_Consumables_Noon,,"{""SID"":""GeneralNPC_Consumables_Noon""}",[2],Consumable,"ERank::Newbie, ERank::Experienced",,EGameDifficulty::Stalker,{},[0],GeneralNPC_Consumables_Noon.ItemGenerator.[2].PossibleItems.[0],Bandage,,chance,,0.05,1,1,,,,,"{""ItemPrototypeSID"":""Bandage"",""Chance"":""0.05"",""MinCount"":""1"",""MaxCount"":""1""}"
vanilla/Stalker2/Content/GameLite/GameData/ItemGeneratorPrototypes.cfg,consumable,shared,Noon,GeneralNPC_Consumables_Noon,GeneralNPC_Consumables_Noon,,"{""SID"":""GeneralNPC_Consumables_Noon""}",[2],Consumable,"ERank::Newbie, ERank::Experienced",,EGameDifficulty::Stalker,{},[1],GeneralNPC_Consumables_Noon.ItemGenerator.[2].PossibleItems.[1],Sausage,,chance,,0.6,1,1,,,,,"{""ItemPrototypeSID"":""Sausage"",""Chance"":""0.6"",""MinCount"":""1"",""MaxCount"":""1""}"
vanilla/Stalker2/Content/GameLite/GameData/ItemGeneratorPrototypes.cfg,consumable,shared,Noon,GeneralNPC_Consumables_Noon,GeneralNPC_Consumables_Noon,,"{""SID"":""GeneralNPC_Consumables_Noon""}",[2],Consumable,"ERank::Newbie, ERank::Experienced",,EGameDifficulty::Stalker,{},[2],GeneralNPC_Consumables_Noon.ItemGenerator.[2].PossibleItems.[2],Energetic,,chance,,0.15,1,1,,,,,"{""ItemPrototypeSID"":""Energetic"",""Chance"":""0.15"",""MinCount"":""1"",""MaxCount"":""1""}"
vanilla/Stalker2/Content/GameLite/GameData/ItemGeneratorPrototypes.cfg,consumable,shared,Noon,GeneralNPC_Consumables_Noon,GeneralNPC_Consumables_Noon,,"{""SID"":""GeneralNPC_Consumables_Noon""}",[2],Consumable,"ERank::Newbie, ERank::Experienced",,EGameDifficulty::Stalker,{},[3],GeneralNPC_Consumables_Noon.ItemGenerator.[2].PossibleItems.[3],Medkit,,chance,,0.07,1,1,,,,,"{""ItemPrototypeSID"":""Medkit"",""Chance"":""0.07"",""MinCount"":""1"",""MaxCount"":""1""}"
vanilla/Stalker2/Content/GameLite/GameData/ItemGeneratorPrototypes.cfg,consumable,shared,Noon,GeneralNPC_Consumables_Noon,GeneralNPC_Consumables_Noon,,"{""SID"":""GeneralNPC_Consumables_Noon""}",[3],Consumable,"ERank::Veteran, ERank::Master",,EGameDifficulty::Stalker,{},[0],GeneralNPC_Consumables_Noon.ItemGenerator.[3].PossibleItems.[0],Bandage,,chance,,0.5,1,2,,,,,"{""ItemPrototypeSID"":""Bandage"",""Chance"":""0.5"",""MinCount"":""1"",""MaxCount"":""2""}"
vanilla/Stalker2/Content/GameLite/GameData/ItemGeneratorPrototypes.cfg,consumable,shared,Noon,GeneralNPC_Consumables_Noon,GeneralNPC_Consumables_Noon,,"{""SID"":""GeneralNPC_Consumables_Noon""}",[3],Consumable,"ERank::Veteran, ERank::Master",,EGameDifficulty::Stalker,{},[1],GeneralNPC_Consumables_Noon.ItemGenerator.[3].PossibleItems.[1],CannedFood,,chance,,1.0,1,1,,,,,"{""ItemPrototypeSID"":""CannedFood"",""Chance"":""1.0"",""MinCount"":""1"",""MaxCount"":""1""}"
vanilla/Stalker2/Content/GameLite/GameData/ItemGeneratorPrototypes.cfg,consumable,shared,Noon,GeneralNPC_Consumables_Noon,GeneralNPC_Consumables_Noon,,"{""SID"":""GeneralNPC_Consumables_Noon""}",[3],Consumable,"ERank::Veteran, ERank::Master",,EGameDifficulty::Stalker,{},[2],GeneralNPC_Consumables_Noon.ItemGenerator.[3].PossibleItems.[2],Energetic,,chance,,0.5,0,1,,,,,"{""ItemPrototypeSID"":""Energetic"",""Chance"":""0.5"",""MinCount"":""0"",""MaxCount"":""1""}"
vanilla/Stalker2/Content/GameLite/GameData/ItemGeneratorPrototypes.cfg,consumable,shared,Noon,GeneralNPC_Consumables_Noon,GeneralNPC_Consumables_Noon,,"{""SID"":""GeneralNPC_Consumables_Noon""}",[3],Consumable,"ERank::Veteran, ERank::Master",,EGameDifficulty::Stalker,{},[3],GeneralNPC_Consumables_Noon.ItemGenerator.[3].PossibleItems.[3],Medkit,,chance,,0.3,1,1,,,,,"{""ItemPrototypeSID"":""Medkit"",""Chance"":""0.3"",""MinCount"":""1"",""MaxCount"":""1""}"
vanilla/Stalker2/Content/GameLite/GameData/ItemGeneratorPrototypes.cfg,consumable,shared,Noon,GeneralNPC_Consumables_Noon,GeneralNPC_Consumables_Noon,,"{""SID"":""GeneralNPC_Consumables_Noon""}",[3],Consumable,"ERank::Veteran, ERank::Master",,EGameDifficulty::Stalker,{},[4],GeneralNPC_Consumables_Noon.ItemGenerator.[3].PossibleItems.[4],ArmyMedkit,,chance,,0.2,0,1,,,,,"{""ItemPrototypeSID"":""ArmyMedkit"",""Chance"":""0.2"",""MinCount"":""0"",""MaxCount"":""1""}"
vanilla/Stalker2/Content/GameLite/GameData/ItemGeneratorPrototypes.cfg,consumable,shared,Noon,GeneralNPC_Consumables_Noon,GeneralNPC_Consumables_Noon,,"{""SID"":""GeneralNPC_Consumables_Noon""}",[3],Consumable,"ERank::Veteran, ERank::Master",,EGameDifficulty::Stalker,{},[5],GeneralNPC_Consumables_Noon.ItemGenerator.[3].PossibleItems.[5],AntiRad,,chance,,0.5,0,2,,,,,"{""ItemPrototypeSID"":""AntiRad"",""Chance"":""0.5"",""MinCount"":""0"",""MaxCount"":""2""}"
vanilla/Stalker2/Content/GameLite/GameData/ItemGeneratorPrototypes.cfg,consumable,shared,CloseCombat,GeneralNPC_Consumables_CloseCombat,GeneralNPC_Consumables_CloseCombat,,"{""SID"":""GeneralNPC_Consumables_CloseCombat""}",[0],Consumable,"ERank::Newbie, ERank::Experienced",,"EGameDifficulty::Easy, EGameDifficulty::Medium, EGameDifficulty::Hard",{},[0],GeneralNPC_Consumables_CloseCombat.ItemGenerator.[0].PossibleItems.[0],Bandage,,chance,,0.2,1,1,,,,,"{""ItemPrototypeSID"":""Bandage"",""Chance"":""0.2"",""MinCount"":""1"",""MaxCount"":""1""}"
vanilla/Stalker2/Content/GameLite/GameData/ItemGeneratorPrototypes.cfg,consumable,shared,CloseCombat,GeneralNPC_Consumables_CloseCombat,GeneralNPC_Consumables_CloseCombat,,"{""SID"":""GeneralNPC_Consumables_CloseCombat""}",[0],Consumable,"ERank::Newbie, ERank::Experienced",,"EGameDifficulty::Easy, EGameDifficulty::Medium, EGameDifficulty::Hard",{},[1],GeneralNPC_Consumables_CloseCombat.ItemGenerator.[0].PossibleItems.[1],Sausage,,chance,,0.6,1,1,,,,,"{""ItemPrototypeSID"":""Sausage"",""Chance"":""0.6"",""MinCount"":""1"",""MaxCount"":""1""}"
vanilla/Stalker2/Content/GameLite/GameData/ItemGeneratorPrototypes.cfg,consumable,shared,CloseCombat,GeneralNPC_Consumables_CloseCombat,GeneralNPC_Consumables_CloseCombat,,"{""SID"":""GeneralNPC_Consumables_CloseCombat""}",[0],Consumable,"ERank::Newbie, ERank::Experienced",,"EGameDifficulty::Easy, EGameDifficulty::Medium, EGameDifficulty::Hard",{},[2],GeneralNPC_Consumables_CloseCombat.ItemGenerator.[0].PossibleItems.[2],Medkit,,chance,,0.2,1,1,,,,,"{""ItemPrototypeSID"":""Medkit"",""Chance"":""0.2"",""MinCount"":""1"",""MaxCount"":""1""}"
vanilla/Stalker2/Content/GameLite/GameData/ItemGeneratorPrototypes.cfg,consumable,shared,CloseCombat,GeneralNPC_Consumables_CloseCombat,GeneralNPC_Consumables_CloseCombat,,"{""SID"":""GeneralNPC_Consumables_CloseCombat""}",[0],Consumable,"ERank::Newbie, ERank::Experienced",,"EGameDifficulty::Easy, EGameDifficulty::Medium, EGameDifficulty::Hard",{},[3],GeneralNPC_Consumables_CloseCombat.ItemGenerator.[0].PossibleItems.[3],Beer,,chance,,0.4,1,1,,,,,"{""ItemPrototypeSID"":""Beer"",""Chance"":""0.4"",""MinCount"":""1"",""MaxCount"":""1""}"
vanilla/Stalker2/Content/GameLite/GameData/ItemGeneratorPrototypes.cfg,consumable,shared,CloseCombat,GeneralNPC_Consumables_CloseCombat,GeneralNPC_Consumables_CloseCombat,,"{""SID"":""GeneralNPC_Consumables_CloseCombat""}",[1],Consumable,"ERank::Veteran, ERank::Master",,"EGameDifficulty::Easy, EGameDifficulty::Medium, EGameDifficulty::Hard",{},[0],GeneralNPC_Consumables_CloseCombat.ItemGenerator.[1].PossibleItems.[0],Bandage,,chance,,1,1,2,,,,,"{""ItemPrototypeSID"":""Bandage"",""Chance"":""1"",""MinCount"":""1"",""MaxCount"":""2""}"
vanilla/Stalker2/Content/GameLite/GameData/ItemGeneratorPrototypes.cfg,consumable,shared,CloseCombat,GeneralNPC_Consumables_CloseCombat,GeneralNPC_Consumables_CloseCombat,,"{""SID"":""GeneralNPC_Consumables_CloseCombat""}",[1],Consumable,"ERank::Veteran, ERank::Master",,"EGameDifficulty::Easy, EGameDifficulty::Medium, EGameDifficulty::Hard",{},[1],GeneralNPC_Consumables_CloseCombat.ItemGenerator.[1].PossibleItems.[1],Sausage,,chance,,0.6,1,1,,,,,"{""ItemPrototypeSID"":""Sausage"",""Chance"":""0.6"",""MinCount"":""1"",""MaxCount"":""1""}"
vanilla/Stalker2/Content/GameLite/GameData/ItemGeneratorPrototypes.cfg,consumable,shared,CloseCombat,GeneralNPC_Consumables_CloseCombat,GeneralNPC_Consumables_CloseCombat,,"{""SID"":""GeneralNPC_Consumables_CloseCombat""}",[1],Consumable,"ERank::Veteran, ERank::Master",,"EGameDifficulty::Easy, EGameDifficulty::Medium, EGameDifficulty::Hard",{},[2],GeneralNPC_Consumables_CloseCombat.ItemGenerator.[1].PossibleItems.[2],Medkit,,chance,,0.4,1,1,,,,,"{""ItemPrototypeSID"":""Medkit"",""Chance"":""0.4"",""MinCount"":""1"",""MaxCount"":""1""}"
vanilla/Stalker2/Content/GameLite/GameData/ItemGeneratorPrototypes.cfg,consumable,shared,CloseCombat,GeneralNPC_Consumables_CloseCombat,GeneralNPC_Consumables_CloseCombat,,"{""SID"":""GeneralNPC_Consumables_CloseCombat""}",[1],Consumable,"ERank::Veteran, ERank::Master",,"EGameDifficulty::Easy, EGameDifficulty::Medium, EGameDifficulty::Hard",{},[3],GeneralNPC_Consumables_CloseCombat.ItemGenerator.[1].PossibleItems.[3],Beer,,chance,,1,1,2,,,,,"{""ItemPrototypeSID"":""Beer"",""Chance"":""1"",""MinCount"":""1"",""MaxCount"":""2""}"
vanilla/Stalker2/Content/GameLite/GameData/ItemGeneratorPrototypes.cfg,consumable,shared,CloseCombat,GeneralNPC_Consumables_CloseCombat,GeneralNPC_Consumables_CloseCombat,,"{""SID"":""GeneralNPC_Consumables_CloseCombat""}",[2],Consumable,"ERank::Newbie, ERank::Experienced",,EGameDifficulty::Stalker,{},[0],GeneralNPC_Consumables_CloseCombat.ItemGenerator.[2].PossibleItems.[0],Bandage,,chance,,0.05,1,1,,,,,"{""ItemPrototypeSID"":""Bandage"",""Chance"":""0.05"",""MinCount"":""1"",""MaxCount"":""1""}"
vanilla/Stalker2/Content/GameLite/GameData/ItemGeneratorPrototypes.cfg,consumable,shared,CloseCombat,GeneralNPC_Consumables_CloseCombat,GeneralNPC_Consumables_CloseCombat,,"{""SID"":""GeneralNPC_Consumables_CloseCombat""}",[2],Consumable,"ERank::Newbie, ERank::Experienced",,EGameDifficulty::Stalker,{},[1],GeneralNPC_Consumables_CloseCombat.ItemGenerator.[2].PossibleItems.[1],Sausage,,chance,,0.6,1,1,,,,,"{""ItemPrototypeSID"":""Sausage"",""Chance"":""0.6"",""MinCount"":""1"",""MaxCount"":""1""}"
vanilla/Stalker2/Content/GameLite/GameData/ItemGeneratorPrototypes.cfg,consumable,shared,CloseCombat,GeneralNPC_Consumables_CloseCombat,GeneralNPC_Consumables_CloseCombat,,"{""SID"":""GeneralNPC_Consumables_CloseCombat""}",[2],Consumable,"ERank::Newbie, ERank::Experienced",,EGameDifficulty::Stalker,{},[2],GeneralNPC_Consumables_CloseCombat.ItemGenerator.[2].PossibleItems.[2],Medkit,,chance,,0.06,1,1,,,,,"{""ItemPrototypeSID"":""Medkit"",""Chance"":""0.06"",""MinCount"":""1"",""MaxCount"":""1""}"
vanilla/Stalker2/Content/GameLite/GameData/ItemGeneratorPrototypes.cfg,consumable,shared,CloseCombat,GeneralNPC_Consumables_CloseCombat,GeneralNPC_Consumables_CloseCombat,,"{""SID"":""GeneralNPC_Consumables_CloseCombat""}",[2],Consumable,"ERank::Newbie, ERank::Experienced",,EGameDifficulty::Stalker,{},[3],GeneralNPC_Consumables_CloseCombat.ItemGenerator.[2].PossibleItems.[3],Beer,,chance,,0.4,1,1,,,,,"{""ItemPrototypeSID"":""Beer"",""Chance"":""0.4"",""MinCount"":""1"",""MaxCount"":""1""}"
vanilla/Stalker2/Content/GameLite/GameData/ItemGeneratorPrototypes.cfg,consumable,shared,CloseCombat,GeneralNPC_Consumables_CloseCombat,GeneralNPC_Consumables_CloseCombat,,"{""SID"":""GeneralNPC_Consumables_CloseCombat""}",[3],Consumable,"ERank::Veteran, ERank::Master",,EGameDifficulty::Stalker,{},[0],GeneralNPC_Consumables_CloseCombat.ItemGenerator.[3].PossibleItems.[0],Bandage,,chance,,0.5,1,2,,,,,"{""ItemPrototypeSID"":""Bandage"",""Chance"":""0.5"",""MinCount"":""1"",""MaxCount"":""2""}"
vanilla/Stalker2/Content/GameLite/GameData/ItemGeneratorPrototypes.cfg,consumable,shared,CloseCombat,GeneralNPC_Consumables_CloseCombat,GeneralNPC_Consumables_CloseCombat,,"{""SID"":""GeneralNPC_Consumables_CloseCombat""}",[3],Consumable,"ERank::Veteran, ERank::Master",,EGameDifficulty::Stalker,{},[1],GeneralNPC_Consumables_CloseCombat.ItemGenerator.[3].PossibleItems.[1],Sausage,,chance,,0.6,1,1,,,,,"{""ItemPrototypeSID"":""Sausage"",""Chance"":""0.6"",""MinCount"":""1"",""MaxCount"":""1""}"
vanilla/Stalker2/Content/GameLite/GameData/ItemGeneratorPrototypes.cfg,consumable,shared,CloseCombat,GeneralNPC_Consumables_CloseCombat,GeneralNPC_Consumables_CloseCombat,,"{""SID"":""GeneralNPC_Consumables_CloseCombat""}",[3],Consumable,"ERank::Veteran, ERank::Master",,EGameDifficulty::Stalker,{},[2],GeneralNPC_Consumables_CloseCombat.ItemGenerator.[3].PossibleItems.[2],Medkit,,chance,,0.3,1,1,,,,,"{""ItemPrototypeSID"":""Medkit"",""Chance"":""0.3"",""MinCount"":""1"",""MaxCount"":""1""}"
vanilla/Stalker2/Content/GameLite/GameData/ItemGeneratorPrototypes.cfg,consumable,shared,CloseCombat,GeneralNPC_Consumables_CloseCombat,GeneralNPC_Consumables_CloseCombat,,"{""SID"":""GeneralNPC_Consumables_CloseCombat""}",[3],Consumable,"ERank::Veteran, ERank::Master",,EGameDifficulty::Stalker,{},[3],GeneralNPC_Consumables_CloseCombat.ItemGenerator.[3].PossibleItems.[3],Beer,,chance,,1,1,2,,,,,"{""ItemPrototypeSID"":""Beer"",""Chance"":""1"",""MinCount"":""1"",""MaxCount"":""2""}"
vanilla/Stalker2/Content/GameLite/GameData/ItemGeneratorPrototypes.cfg,consumable,shared,Sniper,GeneralNPC_Consumables_Sniper,GeneralNPC_Consumables_Sniper,,"{""SID"":""GeneralNPC_Consumables_Sniper""}",[0],Consumable,"ERank::Newbie, ERank::Experienced",,"EGameDifficulty::Easy, EGameDifficulty::Medium, EGameDifficulty::Hard",{},[0],GeneralNPC_Consumables_Sniper.ItemGenerator.[0].PossibleItems.[0],Bandage,,chance,,0.1,1,1,,,,,"{""ItemPrototypeSID"":""Bandage"",""Chance"":""0.1"",""MinCount"":""1"",""MaxCount"":""1""}"
vanilla/Stalker2/Content/GameLite/GameData/ItemGeneratorPrototypes.cfg,consumable,shared,Sniper,GeneralNPC_Consumables_Sniper,GeneralNPC_Consumables_Sniper,,"{""SID"":""GeneralNPC_Consumables_Sniper""}",[0],Consumable,"ERank::Newbie, ERank::Experienced",,"EGameDifficulty::Easy, EGameDifficulty::Medium, EGameDifficulty::Hard",{},[1],GeneralNPC_Consumables_Sniper.ItemGenerator.[0].PossibleItems.[1],CannedFood,,chance,,0.6,1,1,,,,,"{""ItemPrototypeSID"":""CannedFood"",""Chance"":""0.6"",""MinCount"":""1"",""MaxCount"":""1""}"
vanilla/Stalker2/Content/GameLite/GameData/ItemGeneratorPrototypes.cfg,consumable,shared,Sniper,GeneralNPC_Consumables_Sniper,GeneralNPC_Consumables_Sniper,,"{""SID"":""GeneralNPC_Consumables_Sniper""}",[0],Consumable,"ERank::Newbie, ERank::Experienced",,"EGameDifficulty::Easy, EGameDifficulty::Medium, EGameDifficulty::Hard",{},[2],GeneralNPC_Consumables_Sniper.ItemGenerator.[0].PossibleItems.[2],Energetic,,chance,,0.2,1,1,,,,,"{""ItemPrototypeSID"":""Energetic"",""Chance"":""0.2"",""MinCount"":""1"",""MaxCount"":""1""}"
vanilla/Stalker2/Content/GameLite/GameData/ItemGeneratorPrototypes.cfg,consumable,shared,Sniper,GeneralNPC_Consumables_Sniper,GeneralNPC_Consumables_Sniper,,"{""SID"":""GeneralNPC_Consumables_Sniper""}",[1],Consumable,"ERank::Veteran, ERank::Master",,"EGameDifficulty::Easy, EGameDifficulty::Medium, EGameDifficulty::Hard",{},[0],GeneralNPC_Consumables_Sniper.ItemGenerator.[1].PossibleItems.[0],Bandage,,chance,,1,1,2,,,,,"{""ItemPrototypeSID"":""Bandage"",""Chance"":""1"",""MinCount"":""1"",""MaxCount"":""2""}"
vanilla/Stalker2/Content/GameLite/GameData/ItemGeneratorPrototypes.cfg,consumable,shared,Sniper,GeneralNPC_Consumables_Sniper,GeneralNPC_Consumables_Sniper,,"{""SID"":""GeneralNPC_Consumables_Sniper""}",[1],Consumable,"ERank::Veteran, ERank::Master",,"EGameDifficulty::Easy, EGameDifficulty::Medium, EGameDifficulty::Hard",{},[1],GeneralNPC_Consumables_Sniper.ItemGenerator.[1].PossibleItems.[1],CannedFood,,chance,,0.5,1,1,,,,,"{""ItemPrototypeSID"":""CannedFood"",""Chance"":""0.5"",""MinCount"":""1"",""MaxCount"":""1""}"
vanilla/Stalker2/Content/GameLite/GameData/ItemGeneratorPrototypes.cfg,consumable,shared,Sniper,GeneralNPC_Consumables_Sniper,GeneralNPC_Consumables_Sniper,,"{""SID"":""GeneralNPC_Consumables_Sniper""}",[1],Consumable,"ERank::Veteran, ERank::Master",,"EGameDifficulty::Easy, EGameDifficulty::Medium, EGameDifficulty::Hard",{},[2],GeneralNPC_Consumables_Sniper.ItemGenerator.[1].PossibleItems.[2],Energetic,,chance,,1,1,1,,,,,"{""ItemPrototypeSID"":""Energetic"",""Chance"":""1"",""MinCount"":""1"",""MaxCount"":""1""}"
vanilla/Stalker2/Content/GameLite/GameData/ItemGeneratorPrototypes.cfg,consumable,shared,Sniper,GeneralNPC_Consumables_Sniper,GeneralNPC_Consumables_Sniper,,"{""SID"":""GeneralNPC_Consumables_Sniper""}",[1],Consumable,"ERank::Veteran, ERank::Master",,"EGameDifficulty::Easy, EGameDifficulty::Medium, EGameDifficulty::Hard",{},[3],GeneralNPC_Consumables_Sniper.ItemGenerator.[1].PossibleItems.[3],ArmyMedkit,,chance,,0.3,1,1,,,,,"{""ItemPrototypeSID"":""ArmyMedkit"",""Chance"":""0.3"",""MinCount"":""1"",""MaxCount"":""1""}"
vanilla/Stalker2/Content/GameLite/GameData/ItemGeneratorPrototypes.cfg,consumable,shared,Sniper,GeneralNPC_Consumables_Sniper,GeneralNPC_Consumables_Sniper,,"{""SID"":""GeneralNPC_Consumables_Sniper""}",[1],Consumable,"ERank::Veteran, ERank::Master",,"EGameDifficulty::Easy, EGameDifficulty::Medium, EGameDifficulty::Hard",{},[4],GeneralNPC_Consumables_Sniper.ItemGenerator.[1].PossibleItems.[4],Bread,,chance,,1,1,1,,,,,"{""ItemPrototypeSID"":""Bread"",""Chance"":""1"",""MinCount"":""1"",""MaxCount"":""1""}"
vanilla/Stalker2/Content/GameLite/GameData/ItemGeneratorPrototypes.cfg,consumable,shared,Sniper,GeneralNPC_Consumables_Sniper,GeneralNPC_Consumables_Sniper,,"{""SID"":""GeneralNPC_Consumables_Sniper""}",[2],Consumable,"ERank::Newbie, ERank::Experienced",,EGameDifficulty::Stalker,{},[0],GeneralNPC_Consumables_Sniper.ItemGenerator.[2].PossibleItems.[0],Bandage,,chance,,0.07,1,1,,,,,"{""ItemPrototypeSID"":""Bandage"",""Chance"":""0.07"",""MinCount"":""1"",""MaxCount"":""1""}"
vanilla/Stalker2/Content/GameLite/GameData/ItemGeneratorPrototypes.cfg,consumable,shared,Sniper,GeneralNPC_Consumables_Sniper,GeneralNPC_Consumables_Sniper,,"{""SID"":""GeneralNPC_Consumables_Sniper""}",[2],Consumable,"ERank::Newbie, ERank::Experienced",,EGameDifficulty::Stalker,{},[1],GeneralNPC_Consumables_Sniper.ItemGenerator.[2].PossibleItems.[1],CannedFood,,chance,,0.6,1,1,,,,,"{""ItemPrototypeSID"":""CannedFood"",""Chance"":""0.6"",""MinCount"":""1"",""MaxCount"":""1""}"
vanilla/Stalker2/Content/GameLite/GameData/ItemGeneratorPrototypes.cfg,consumable,shared,Sniper,GeneralNPC_Consumables_Sniper,GeneralNPC_Consumables_Sniper,,"{""SID"":""GeneralNPC_Consumables_Sniper""}",[2],Consumable,"ERank::Newbie, ERank::Experienced",,EGameDifficulty::Stalker,{},[2],GeneralNPC_Consumables_Sniper.ItemGenerator.[2].PossibleItems.[2],Energetic,,chance,,0.2,1,1,,,,,"{""ItemPrototypeSID"":""Energetic"",""Chance"":""0.2"",""MinCount"":""1"",""MaxCount"":""1""}"
vanilla/Stalker2/Content/GameLite/GameData/ItemGeneratorPrototypes.cfg,consumable,shared,Sniper,GeneralNPC_Consumables_Sniper,GeneralNPC_Consumables_Sniper,,"{""SID"":""GeneralNPC_Consumables_Sniper""}",[3],Consumable,"ERank::Veteran, ERank::Master",,EGameDifficulty::Stalker,{},[0],GeneralNPC_Consumables_Sniper.ItemGenerator.[3].PossibleItems.[0],Bandage,,chance,,0.07,1,2,,,,,"{""ItemPrototypeSID"":""Bandage"",""Chance"":""0.07"",""MinCount"":""1"",""MaxCount"":""2""}"
vanilla/Stalker2/Content/GameLite/GameData/ItemGeneratorPrototypes.cfg,consumable,shared,Sniper,GeneralNPC_Consumables_Sniper,GeneralNPC_Consumables_Sniper,,"{""SID"":""GeneralNPC_Consumables_Sniper""}",[3],Consumable,"ERank::Veteran, ERank::Master",,EGameDifficulty::Stalker,{},[1],GeneralNPC_Consumables_Sniper.ItemGenerator.[3].PossibleItems.[1],CannedFood,,chance,,0.5,1,1,,,,,"{""ItemPrototypeSID"":""CannedFood"",""Chance"":""0.5"",""MinCount"":""1"",""MaxCount"":""1""}"
vanilla/Stalker2/Content/GameLite/GameData/ItemGeneratorPrototypes.cfg,consumable,shared,Sniper,GeneralNPC_Consumables_Sniper,GeneralNPC_Consumables_Sniper,,"{""SID"":""GeneralNPC_Consumables_Sniper""}",[3],Consumable,"ERank::Veteran, ERank::Master",,EGameDifficulty::Stalker,{},[2],GeneralNPC_Consumables_Sniper.ItemGenerator.[3].PossibleItems.[2],Energetic,,chance,,1,1,1,,,,,"{""ItemPrototypeSID"":""Energetic"",""Chance"":""1"",""MinCount"":""1"",""MaxCount"":""1""}"
vanilla/Stalker2/Content/GameLite/GameData/ItemGeneratorPrototypes.cfg,consumable,shared,Sniper,GeneralNPC_Consumables_Sniper,GeneralNPC_Consumables_Sniper,,"{""SID"":""GeneralNPC_Consumables_Sniper""}",[3],Consumable,"ERank::Veteran, ERank::Master",,EGameDifficulty::Stalker,{},[3],GeneralNPC_Consumables_Sniper.ItemGenerator.[3].PossibleItems.[3],ArmyMedkit,,chance,,0.2,1,1,,,,,"{""ItemPrototypeSID"":""ArmyMedkit"",""Chance"":""0.2"",""MinCount"":""1"",""MaxCount"":""1""}"
vanilla/Stalker2/Content/GameLite/GameData/ItemGeneratorPrototypes.cfg,consumable,shared,Sniper,GeneralNPC_Consumables_Sniper,GeneralNPC_Consumables_Sniper,,"{""SID"":""GeneralNPC_Consumables_Sniper""}",[3],Consumable,"ERank::Veteran, ERank::Master",,EGameDifficulty::Stalker,{},[4],GeneralNPC_Consumables_Sniper.ItemGenerator.[3].PossibleItems.[4],Bread,,chance,,1,1,1,,,,,"{""ItemPrototypeSID"":""Bread"",""Chance"":""1"",""MinCount"":""1"",""MaxCount"":""1""}"
vanilla/Stalker2/Content/GameLite/GameData/ItemGeneratorPrototypes.cfg,consumable,shared,Stormtrooper,GeneralNPC_Consumables_Stormtrooper,GeneralNPC_Consumables_Stormtrooper,,"{""SID"":""GeneralNPC_Consumables_Stormtrooper""}",[0],Consumable,"ERank::Newbie, ERank::Experienced",,"EGameDifficulty::Easy, EGameDifficulty::Medium, EGameDifficulty::Hard",{},[0],GeneralNPC_Consumables_Stormtrooper.ItemGenerator.[0].PossibleItems.[0],Bandage,,chance,,0.3,1,1,,,,,"{""ItemPrototypeSID"":""Bandage"",""Chance"":""0.3"",""MinCount"":""1"",""MaxCount"":""1""}"
vanilla/Stalker2/Content/GameLite/GameData/ItemGeneratorPrototypes.cfg,consumable,shared,Stormtrooper,GeneralNPC_Consumables_Stormtrooper,GeneralNPC_Consumables_Stormtrooper,,"{""SID"":""GeneralNPC_Consumables_Stormtrooper""}",[0],Consumable,"ERank::Newbie, ERank::Experienced",,"EGameDifficulty::Easy, EGameDifficulty::Medium, EGameDifficulty::Hard",{},[1],GeneralNPC_Consumables_Stormtrooper.ItemGenerator.[0].PossibleItems.[1],Bread,,chance,,0.7,1,1,,,,,"{""ItemPrototypeSID"":""Bread"",""Chance"":""0.7"",""MinCount"":""1"",""MaxCount"":""1""}"
vanilla/Stalker2/Content/GameLite/GameData/ItemGeneratorPrototypes.cfg,consumable,shared,Stormtrooper,GeneralNPC_Consumables_Stormtrooper,GeneralNPC_Consumables_Stormtrooper,,"{""SID"":""GeneralNPC_Consumables_Stormtrooper""}",[0],Consumable,"ERank::Newbie, ERank::Experienced",,"EGameDifficulty::Easy, EGameDifficulty::Medium, EGameDifficulty::Hard",{},[2],GeneralNPC_Consumables_Stormtrooper.ItemGenerator.[0].PossibleItems.[2],Medkit,,chance,,0.1,1,1,,,,,"{""ItemPrototypeSID"":""Medkit"",""Chance"":""0.1"",""MinCount"":""1"",""MaxCount"":""1""}"
vanilla/Stalker2/Content/GameLite/GameData/ItemGeneratorPrototypes.cfg,consumable,shared,Stormtrooper,GeneralNPC_Consumables_Stormtrooper,GeneralNPC_Consumables_Stormtrooper,,"{""SID"":""GeneralNPC_Consumables_Stormtrooper""}",[0],Consumable,"ERank::Newbie, ERank::Experienced",,"EGameDifficulty::Easy, EGameDifficulty::Medium, EGameDifficulty::Hard",{},[3],GeneralNPC_Consumables_Stormtrooper.ItemGenerator.[0].PossibleItems.[3],Vodka,,chance,,0.1,1,1,,,,,"{""ItemPrototypeSID"":""Vodka"",""Chance"":""0.1"",""MinCount"":""1"",""MaxCount"":""1""}"
vanilla/Stalker2/Content/GameLite/GameData/ItemGeneratorPrototypes.cfg,consumable,shared,Stormtrooper,GeneralNPC_Consumables_Stormtrooper,GeneralNPC_Consumables_Stormtrooper,,"{""SID"":""GeneralNPC_Consumables_Stormtrooper""}",[1],Consumable,"ERank::Veteran, ERank::Master",,"EGameDifficulty::Easy, EGameDifficulty::Medium, EGameDifficulty::Hard",{},[0],GeneralNPC_Consumables_Stormtrooper.ItemGenerator.[1].PossibleItems.[0],Bandage,,chance,,1,1,2,,,,,"{""ItemPrototypeSID"":""Bandage"",""Chance"":""1"",""MinCount"":""1"",""MaxCount"":""2""}"
vanilla/Stalker2/Content/GameLite/GameData/ItemGeneratorPrototypes.cfg,consumable,shared,Stormtrooper,GeneralNPC_Consumables_Stormtrooper,GeneralNPC_Consumables_Stormtrooper,,"{""SID"":""GeneralNPC_Consumables_Stormtrooper""}",[1],Consumable,"ERank::Veteran, ERank::Master",,"EGameDifficulty::Easy, EGameDifficulty::Medium, EGameDifficulty::Hard",{},[1],GeneralNPC_Consumables_Stormtrooper.ItemGenerator.[1].PossibleItems.[1],Bread,,chance,,0.6,1,1,,,,,"{""ItemPrototypeSID"":""Bread"",""Chance"":""0.6"",""MinCount"":""1"",""MaxCount"":""1""}"
vanilla/Stalker2/Content/GameLite/GameData/ItemGeneratorPrototypes.cfg,consumable,shared,Stormtrooper,GeneralNPC_Consumables_Stormtrooper,GeneralNPC_Consumables_Stormtrooper,,"{""SID"":""GeneralNPC_Consumables_Stormtrooper""}",[1],Consumable,"ERank::Veteran, ERank::Master",,"EGameDifficulty::Easy, EGameDifficulty::Medium, EGameDifficulty::Hard",{},[2],GeneralNPC_Consumables_Stormtrooper.ItemGenerator.[1].PossibleItems.[2],Medkit,,chance,,0.3,1,1,,,,,"{""ItemPrototypeSID"":""Medkit"",""Chance"":""0.3"",""MinCount"":""1"",""MaxCount"":""1""}"
vanilla/Stalker2/Content/GameLite/GameData/ItemGeneratorPrototypes.cfg,consumable,shared,Stormtrooper,GeneralNPC_Consumables_Stormtrooper,GeneralNPC_Consumables_Stormtrooper,,"{""SID"":""GeneralNPC_Consumables_Stormtrooper""}",[1],Consumable,"ERank::Veteran, ERank::Master",,"EGameDifficulty::Easy, EGameDifficulty::Medium, EGameDifficulty::Hard",{},[3],GeneralNPC_Consumables_Stormtrooper.ItemGenerator.[1].PossibleItems.[3],Vodka,,chance,,0.5,1,1,,,,,"{""ItemPrototypeSID"":""Vodka"",""Chance"":""0.5"",""MinCount"":""1"",""MaxCount"":""1""}"
vanilla/Stalker2/Content/GameLite/GameData/ItemGeneratorPrototypes.cfg,consumable,shared,Stormtrooper,GeneralNPC_Consumables_Stormtrooper,GeneralNPC_Consumables_Stormtrooper,,"{""SID"":""GeneralNPC_Consumables_Stormtrooper""}",[1],Consumable,"ERank::Veteran, ERank::Master",,"EGameDifficulty::Easy, EGameDifficulty::Medium, EGameDifficulty::Hard",{},[4],GeneralNPC_Consumables_Stormtrooper.ItemGenerator.[1].PossibleItems.[4],AntiRad,,chance,,0.3,1,1,,,,,"{""ItemPrototypeSID"":""AntiRad"",""Chance"":""0.3"",""MinCount"":""1"",""MaxCount"":""1""}"
vanilla/Stalker2/Content/GameLite/GameData/ItemGeneratorPrototypes.cfg,consumable,shared,Stormtrooper,GeneralNPC_Consumables_Stormtrooper,GeneralNPC_Consumables_Stormtrooper,,"{""SID"":""GeneralNPC_Consumables_Stormtrooper""}",[2],Consumable,"ERank::Newbie, ERank::Experienced",,EGameDifficulty::Stalker,{},[0],GeneralNPC_Consumables_Stormtrooper.ItemGenerator.[2].PossibleItems.[0],Bandage,,chance,,0.06,1,1,,,,,"{""ItemPrototypeSID"":""Bandage"",""Chance"":""0.06"",""MinCount"":""1"",""MaxCount"":""1""}"
vanilla/Stalker2/Content/GameLite/GameData/ItemGeneratorPrototypes.cfg,consumable,shared,Stormtrooper,GeneralNPC_Consumables_Stormtrooper,GeneralNPC_Consumables_Stormtrooper,,"{""SID"":""GeneralNPC_Consumables_Stormtrooper""}",[2],Consumable,"ERank::Newbie, ERank::Experienced",,EGameDifficulty::Stalker,{},[1],GeneralNPC_Consumables_Stormtrooper.ItemGenerator.[2].PossibleItems.[1],Bread,,chance,,0.7,1,1,,,,,"{""ItemPrototypeSID"":""Bread"",""Chance"":""0.7"",""MinCount"":""1"",""MaxCount"":""1""}"
vanilla/Stalker2/Content/GameLite/GameData/ItemGeneratorPrototypes.cfg,consumable,shared,Stormtrooper,GeneralNPC_Consumables_Stormtrooper,GeneralNPC_Consumables_Stormtrooper,,"{""SID"":""GeneralNPC_Consumables_Stormtrooper""}",[2],Consumable,"ERank::Newbie, ERank::Experienced",,EGameDifficulty::Stalker,{},[2],GeneralNPC_Consumables_Stormtrooper.ItemGenerator.[2].PossibleItems.[2],Medkit,,chance,,0.05,1,1,,,,,"{""ItemPrototypeSID"":""Medkit"",""Chance"":""0.05"",""MinCount"":""1"",""MaxCount"":""1""}"
vanilla/Stalker2/Content/GameLite/GameData/ItemGeneratorPrototypes.cfg,consumable,shared,Stormtrooper,GeneralNPC_Consumables_Stormtrooper,GeneralNPC_Consumables_Stormtrooper,,"{""SID"":""GeneralNPC_Consumables_Stormtrooper""}",[2],Consumable,"ERank::Newbie, ERank::Experienced",,EGameDifficulty::Stalker,{},[3],GeneralNPC_Consumables_Stormtrooper.ItemGenerator.[2].PossibleItems.[3],Vodka,,chance,,0.1,1,1,,,,,"{""ItemPrototypeSID"":""Vodka"",""Chance"":""0.1"",""MinCount"":""1"",""MaxCount"":""1""}"
vanilla/Stalker2/Content/GameLite/GameData/ItemGeneratorPrototypes.cfg,consumable,shared,Stormtrooper,GeneralNPC_Consumables_Stormtrooper,GeneralNPC_Consumables_Stormtrooper,,"{""SID"":""GeneralNPC_Consumables_Stormtrooper""}",[3],Consumable,"ERank::Veteran, ERank::Master",,EGameDifficulty::Stalker,{},[0],GeneralNPC_Consumables_Stormtrooper.ItemGenerator.[3].PossibleItems.[0],Bandage,,chance,,0.07,1,2,,,,,"{""ItemPrototypeSID"":""Bandage"",""Chance"":""0.07"",""MinCount"":""1"",""MaxCount"":""2""}"
vanilla/Stalker2/Content/GameLite/GameData/ItemGeneratorPrototypes.cfg,consumable,shared,Stormtrooper,GeneralNPC_Consumables_Stormtrooper,GeneralNPC_Consumables_Stormtrooper,,"{""SID"":""GeneralNPC_Consumables_Stormtrooper""}",[3],Consumable,"ERank::Veteran, ERank::Master",,EGameDifficulty::Stalker,{},[1],GeneralNPC_Consumables_Stormtrooper.ItemGenerator.[3].PossibleItems.[1],Bread,,chance,,0.6,1,1,,,,,"{""ItemPrototypeSID"":""Bread"",""Chance"":""0.6"",""MinCount"":""1"",""MaxCount"":""1""}"
vanilla/Stalker2/Content/GameLite/GameData/ItemGeneratorPrototypes.cfg,consumable,shared,Stormtrooper,GeneralNPC_Consumables_Stormtrooper,GeneralNPC_Consumables_Stormtrooper,,"{""SID"":""GeneralNPC_Consumables_Stormtrooper""}",[3],Consumable,"ERank::Veteran, ERank::Master",,EGameDifficulty::Stalker,{},[2],GeneralNPC_Consumables_Stormtrooper.ItemGenerator.[3].PossibleItems.[2],Medkit,,chance,,0.2,1,1,,,,,"{""ItemPrototypeSID"":""Medkit"",""Chance"":""0.2"",""MinCount"":""1"",""MaxCount"":""1""}"
vanilla/Stalker2/Content/GameLite/GameData/ItemGeneratorPrototypes.cfg,consumable,shared,Stormtrooper,GeneralNPC_Consumables_Stormtrooper,GeneralNPC_Consumables_Stormtrooper,,"{""SID"":""GeneralNPC_Consumables_Stormtrooper""}",[3],Consumable,"ERank::Veteran, ERank::Master",,EGameDifficulty::Stalker,{},[3],GeneralNPC_Consumables_Stormtrooper.ItemGenerator.[3].PossibleItems.[3],Vodka,,chance,,0.5,1,1,,,,,"{""ItemPrototypeSID"":""Vodka"",""Chance"":""0.5"",""MinCount"":""1"",""MaxCount"":""1""}"
vanilla/Stalker2/Content/GameLite/GameData/ItemGeneratorPrototypes.cfg,consumable,shared,Stormtrooper,GeneralNPC_Consumables_Stormtrooper,GeneralNPC_Consumables_Stormtrooper,,"{""SID"":""GeneralNPC_Consumables_Stormtrooper""}",[3],Consumable,"ERank::Veteran, ERank::Master",,EGameDifficulty::Stalker,{},[4],GeneralNPC_Consumables_Stormtrooper.ItemGenerator.[3].PossibleItems.[4],AntiRad,,chance,,0.3,1,1,,,,,"{""ItemPrototypeSID"":""AntiRad"",""Chance"":""0.3"",""MinCount"":""1"",""MaxCount"":""1""}"
vanilla/Stalker2/Content/GameLite/GameData/ItemGeneratorPrototypes.cfg,consumable,shared,Armored,GeneralNPC_Consumables_Armored,GeneralNPC_Consumables_Recon_Armored,,"{""SID"":""GeneralNPC_Consumables_Recon_Armored""}",[0],Consumable,"ERank::Newbie, ERank::Experienced",,"EGameDifficulty::Easy, EGameDifficulty::Medium, EGameDifficulty::Hard",{},[0],GeneralNPC_Consumables_Armored.ItemGenerator.[0].PossibleItems.[0],Bandage,,chance,,0.15,1,1,,,,,"{""ItemPrototypeSID"":""Bandage"",""Chance"":""0.15"",""MinCount"":""1"",""MaxCount"":""1""}"
vanilla/Stalker2/Content/GameLite/GameData/ItemGeneratorPrototypes.cfg,consumable,shared,Armored,GeneralNPC_Consumables_Armored,GeneralNPC_Consumables_Recon_Armored,,"{""SID"":""GeneralNPC_Consumables_Recon_Armored""}",[0],Consumable,"ERank::Newbie, ERank::Experienced",,"EGameDifficulty::Easy, EGameDifficulty::Medium, EGameDifficulty::Hard",{},[1],GeneralNPC_Consumables_Armored.ItemGenerator.[0].PossibleItems.[1],Medkit,,chance,,0.2,1,1,,,,,"{""ItemPrototypeSID"":""Medkit"",""Chance"":""0.2"",""MinCount"":""1"",""MaxCount"":""1""}"
vanilla/Stalker2/Content/GameLite/GameData/ItemGeneratorPrototypes.cfg,consumable,shared,Armored,GeneralNPC_Consumables_Armored,GeneralNPC_Consumables_Recon_Armored,,"{""SID"":""GeneralNPC_Consumables_Recon_Armored""}",[0],Consumable,"ERank::Newbie, ERank::Experienced",,"EGameDifficulty::Easy, EGameDifficulty::Medium, EGameDifficulty::Hard",{},[2],GeneralNPC_Consumables_Armored.ItemGenerator.[0].PossibleItems.[2],Vodka,,chance,,0.1,1,1,,,,,"{""ItemPrototypeSID"":""Vodka"",""Chance"":""0.1"",""MinCount"":""1"",""MaxCount"":""1""}"
vanilla/Stalker2/Content/GameLite/GameData/ItemGeneratorPrototypes.cfg,consumable,shared,Armored,GeneralNPC_Consumables_Armored,GeneralNPC_Consumables_Recon_Armored,,"{""SID"":""GeneralNPC_Consumables_Recon_Armored""}",[1],Consumable,"ERank::Veteran, ERank::Master",,"EGameDifficulty::Easy, EGameDifficulty::Medium, EGameDifficulty::Hard",{},[0],GeneralNPC_Consumables_Armored.ItemGenerator.[1].PossibleItems.[0],Bandage,,chance,,1,1,2,,,,,"{""ItemPrototypeSID"":""Bandage"",""Chance"":""1"",""MinCount"":""1"",""MaxCount"":""2""}"
vanilla/Stalker2/Content/GameLite/GameData/ItemGeneratorPrototypes.cfg,consumable,shared,Armored,GeneralNPC_Consumables_Armored,GeneralNPC_Consumables_Recon_Armored,,"{""SID"":""GeneralNPC_Consumables_Recon_Armored""}",[1],Consumable,"ERank::Veteran, ERank::Master",,"EGameDifficulty::Easy, EGameDifficulty::Medium, EGameDifficulty::Hard",{},[1],GeneralNPC_Consumables_Armored.ItemGenerator.[1].PossibleItems.[1],Medkit,,chance,,0.5,1,1,,,,,"{""ItemPrototypeSID"":""Medkit"",""Chance"":""0.5"",""MinCount"":""1"",""MaxCount"":""1""}"
vanilla/Stalker2/Content/GameLite/GameData/ItemGeneratorPrototypes.cfg,consumable,shared,Armored,GeneralNPC_Consumables_Armored,GeneralNPC_Consumables_Recon_Armored,,"{""SID"":""GeneralNPC_Consumables_Recon_Armored""}",[1],Consumable,"ERank::Veteran, ERank::Master",,"EGameDifficulty::Easy, EGameDifficulty::Medium, EGameDifficulty::Hard",{},[2],GeneralNPC_Consumables_Armored.ItemGenerator.[1].PossibleItems.[2],ArmyMedkit,,chance,,0.1,1,1,,,,,"{""ItemPrototypeSID"":""ArmyMedkit"",""Chance"":""0.1"",""MinCount"":""1"",""MaxCount"":""1""}"
vanilla/Stalker2/Content/GameLite/GameData/ItemGeneratorPrototypes.cfg,consumable,shared,Armored,GeneralNPC_Consumables_Armored,GeneralNPC_Consumables_Recon_Armored,,"{""SID"":""GeneralNPC_Consumables_Recon_Armored""}",[1],Consumable,"ERank::Veteran, ERank::Master",,"EGameDifficulty::Easy, EGameDifficulty::Medium, EGameDifficulty::Hard",{},[3],GeneralNPC_Consumables_Armored.ItemGenerator.[1].PossibleItems.[3],Vodka,,chance,,0.5,1,1,,,,,"{""ItemPrototypeSID"":""Vodka"",""Chance"":""0.5"",""MinCount"":""1"",""MaxCount"":""1""}"
vanilla/Stalker2/Content/GameLite/GameData/ItemGeneratorPrototypes.cfg,consumable,shared,Armored,GeneralNPC_Consumables_Armored,GeneralNPC_Consumables_Recon_Armored,,"{""SID"":""GeneralNPC_Consumables_Recon_Armored""}",[1],Consumable,"ERank::Veteran, ERank::Master",,"EGameDifficulty::Easy, EGameDifficulty::Medium, EGameDifficulty::Hard",{},[4],GeneralNPC_Consumables_Armored.ItemGenerator.[1].PossibleItems.[4],CannedFood,,chance,,0.3,1,1,,,,,"{""ItemPrototypeSID"":""CannedFood"",""Chance"":""0.3"",""MinCount"":""1"",""MaxCount"":""1""}"
vanilla/Stalker2/Content/GameLite/GameData/ItemGeneratorPrototypes.cfg,consumable,shared,Armored,GeneralNPC_Consumables_Armored,GeneralNPC_Consumables_Recon_Armored,,"{""SID"":""GeneralNPC_Consumables_Recon_Armored""}",[2],Consumable,"ERank::Newbie, ERank::Experienced",,EGameDifficulty::Stalker,{},[0],GeneralNPC_Consumables_Armored.ItemGenerator.[2].PossibleItems.[0],Bandage,,chance,,0.06,1,1,,,,,"{""ItemPrototypeSID"":""Bandage"",""Chance"":""0.06"",""MinCount"":""1"",""MaxCount"":""1""}"
vanilla/Stalker2/Content/GameLite/GameData/ItemGeneratorPrototypes.cfg,consumable,shared,Armored,GeneralNPC_Consumables_Armored,GeneralNPC_Consumables_Recon_Armored,,"{""SID"":""GeneralNPC_Consumables_Recon_Armored""}",[2],Consumable,"ERank::Newbie, ERank::Experienced",,EGameDifficulty::Stalker,{},[1],GeneralNPC_Consumables_Armored.ItemGenerator.[2].PossibleItems.[1],Medkit,,chance,,0.05,1,1,,,,,"{""ItemPrototypeSID"":""Medkit"",""Chance"":""0.05"",""MinCount"":""1"",""MaxCount"":""1""}"
vanilla/Stalker2/Content/GameLite/GameData/ItemGeneratorPrototypes.cfg,consumable,shared,Armored,GeneralNPC_Consumables_Armored,GeneralNPC_Consumables_Recon_Armored,,"{""SID"":""GeneralNPC_Consumables_Recon_Armored""}",[2],Consumable,"ERank::Newbie, ERank::Experienced",,EGameDifficulty::Stalker,{},[2],GeneralNPC_Consumables_Armored.ItemGenerator.[2].PossibleItems.[2],Vodka,,chance,,0.1,1,1,,,,,"{""ItemPrototypeSID"":""Vodka"",""Chance"":""0.1"",""MinCount"":""1"",""MaxCount"":""1""}"
vanilla/Stalker2/Content/GameLite/GameData/ItemGeneratorPrototypes.cfg,consumable,shared,Armored,GeneralNPC_Consumables_Armored,GeneralNPC_Consumables_Recon_Armored,,"{""SID"":""GeneralNPC_Consumables_Recon_Armored""}",[3],Consumable,"ERank::Veteran, ERank::Master",,EGameDifficulty::Stalker,{},[0],GeneralNPC_Consumables_Armored.ItemGenerator.[3].PossibleItems.[0],Bandage,,chance,,0.07,1,2,,,,,"{""ItemPrototypeSID"":""Bandage"",""Chance"":""0.07"",""MinCount"":""1"",""MaxCount"":""2""}"
vanilla/Stalker2/Content/GameLite/GameData/ItemGeneratorPrototypes.cfg,consumable,shared,Armored,GeneralNPC_Consumables_Armored,GeneralNPC_Consumables_Recon_Armored,,"{""SID"":""GeneralNPC_Consumables_Recon_Armored""}",[3],Consumable,"ERank::Veteran, ERank::Master",,EGameDifficulty::Stalker,{},[1],GeneralNPC_Consumables_Armored.ItemGenerator.[3].PossibleItems.[1],Medkit,,chance,,0.35,1,1,,,,,"{""ItemPrototypeSID"":""Medkit"",""Chance"":""0.35"",""MinCount"":""1"",""MaxCount"":""1""}"
vanilla/Stalker2/Content/GameLite/GameData/ItemGeneratorPrototypes.cfg,consumable,shared,Armored,GeneralNPC_Consumables_Armored,GeneralNPC_Consumables_Recon_Armored,,"{""SID"":""GeneralNPC_Consumables_Recon_Armored""}",[3],Consumable,"ERank::Veteran, ERank::Master",,EGameDifficulty::Stalker,{},[2],GeneralNPC_Consumables_Armored.ItemGenerator.[3].PossibleItems.[2],ArmyMedkit,,chance,,0.1,1,1,,,,,"{""ItemPrototypeSID"":""ArmyMedkit"",""Chance"":""0.1"",""MinCount"":""1"",""MaxCount"":""1""}"
vanilla/Stalker2/Content/GameLite/GameData/ItemGeneratorPrototypes.cfg,consumable,shared,Armored,GeneralNPC_Consumables_Armored,GeneralNPC_Consumables_Recon_Armored,,"{""SID"":""GeneralNPC_Consumables_Recon_Armored""}",[3],Consumable,"ERank::Veteran, ERank::Master",,EGameDifficulty::Stalker,{},[3],GeneralNPC_Consumables_Armored.ItemGenerator.[3].PossibleItems.[3],Vodka,,chance,,0.5,1,1,,,,,"{""ItemPrototypeSID"":""Vodka"",""Chance"":""0.5"",""MinCount"":""1"",""MaxCount"":""1""}"
vanilla/Stalker2/Content/GameLite/GameData/ItemGeneratorPrototypes.cfg,consumable,shared,Armored,GeneralNPC_Consumables_Armored,GeneralNPC_Consumables_Recon_Armored,,"{""SID"":""GeneralNPC_Consumables_Recon_Armored""}",[3],Consumable,"ERank::Veteran, ERank::Master",,EGameDifficulty::Stalker,{},[4],GeneralNPC_Consumables_Armored.ItemGenerator.[3].PossibleItems.[4],CannedFood,,chance,,0.3,1,1,,,,,"{""ItemPrototypeSID"":""CannedFood"",""Chance"":""0.3"",""MinCount"":""1"",""MaxCount"":""1""}"
vanilla/Stalker2/Content/GameLite/GameData/ItemGeneratorPrototypes.cfg,consumable,shared,Heavy,GeneralNPC_Consumables_Heavy,GeneralNPC_Consumables_Heavy,,"{""SID"":""GeneralNPC_Consumables_Heavy""}",[0],Consumable,"ERank::Newbie, ERank::Experienced",,"EGameDifficulty::Easy, EGameDifficulty::Medium, EGameDifficulty::Hard",{},[0],GeneralNPC_Consumables_Heavy.ItemGenerator.[0].PossibleItems.[0],Bandage,,chance,,0.4,1,1,,,,,"{""ItemPrototypeSID"":""Bandage"",""Chance"":""0.4"",""MinCount"":""1"",""MaxCount"":""1""}"
vanilla/Stalker2/Content/GameLite/GameData/ItemGeneratorPrototypes.cfg,consumable,shared,Heavy,GeneralNPC_Consumables_Heavy,GeneralNPC_Consumables_Heavy,,"{""SID"":""GeneralNPC_Consumables_Heavy""}",[0],Consumable,"ERank::Newbie, ERank::Experienced",,"EGameDifficulty::Easy, EGameDifficulty::Medium, EGameDifficulty::Hard",{},[1],GeneralNPC_Consumables_Heavy.ItemGenerator.[0].PossibleItems.[1],Sausage,,chance,,0.6,1,1,,,,,"{""ItemPrototypeSID"":""Sausage"",""Chance"":""0.6"",""MinCount"":""1"",""MaxCount"":""1""}"
vanilla/Stalker2/Content/GameLite/GameData/ItemGeneratorPrototypes.cfg,consumable,shared,Heavy,GeneralNPC_Consumables_Heavy,GeneralNPC_Consumables_Heavy,,"{""SID"":""GeneralNPC_Consumables_Heavy""}",[0],Consumable,"ERank::Newbie, ERank::Experienced",,"EGameDifficulty::Easy, EGameDifficulty::Medium, EGameDifficulty::Hard",{},[2],GeneralNPC_Consumables_Heavy.ItemGenerator.[0].PossibleItems.[2],Medkit,,chance,,0.25,1,1,,,,,"{""ItemPrototypeSID"":""Medkit"",""Chance"":""0.25"",""MinCount"":""1"",""MaxCount"":""1""}"
vanilla/Stalker2/Content/GameLite/GameData/ItemGeneratorPrototypes.cfg,consumable,shared,Heavy,GeneralNPC_Consumables_Heavy,GeneralNPC_Consumables_Heavy,,"{""SID"":""GeneralNPC_Consumables_Heavy""}",[1],Consumable,"ERank::Veteran, ERank::Master",,"EGameDifficulty::Easy, EGameDifficulty::Medium, EGameDifficulty::Hard",{},[0],GeneralNPC_Consumables_Heavy.ItemGenerator.[1].PossibleItems.[0],Bandage,,chance,,1,1,2,,,,,"{""ItemPrototypeSID"":""Bandage"",""Chance"":""1"",""MinCount"":""1"",""MaxCount"":""2""}"
vanilla/Stalker2/Content/GameLite/GameData/ItemGeneratorPrototypes.cfg,consumable,shared,Heavy,GeneralNPC_Consumables_Heavy,GeneralNPC_Consumables_Heavy,,"{""SID"":""GeneralNPC_Consumables_Heavy""}",[1],Consumable,"ERank::Veteran, ERank::Master",,"EGameDifficulty::Easy, EGameDifficulty::Medium, EGameDifficulty::Hard",{},[1],GeneralNPC_Consumables_Heavy.ItemGenerator.[1].PossibleItems.[1],CannedFood,,chance,,1.0,1,1,,,,,"{""ItemPrototypeSID"":""CannedFood"",""Chance"":""1.0"",""MinCount"":""1"",""MaxCount"":""1""}"
vanilla/Stalker2/Content/GameLite/GameData/ItemGeneratorPrototypes.cfg,consumable,shared,Heavy,GeneralNPC_Consumables_Heavy,GeneralNPC_Consumables_Heavy,,"{""SID"":""GeneralNPC_Consumables_Heavy""}",[1],Consumable,"ERank::Veteran, ERank::Master",,"EGameDifficulty::Easy, EGameDifficulty::Medium, EGameDifficulty::Hard",{},[2],GeneralNPC_Consumables_Heavy.ItemGenerator.[1].PossibleItems.[2],Medkit,,chance,,1.0,1,1,,,,,"{""ItemPrototypeSID"":""Medkit"",""Chance"":""1.0"",""MinCount"":""1"",""MaxCount"":""1""}"
vanilla/Stalker2/Content/GameLite/GameData/ItemGeneratorPrototypes.cfg,consumable,shared,Heavy,GeneralNPC_Consumables_Heavy,GeneralNPC_Consumables_Heavy,,"{""SID"":""GeneralNPC_Consumables_Heavy""}",[1],Consumable,"ERank::Veteran, ERank::Master",,"EGameDifficulty::Easy, EGameDifficulty::Medium, EGameDifficulty::Hard",{},[3],GeneralNPC_Consumables_Heavy.ItemGenerator.[1].PossibleItems.[3],ArmyMedkit,,chance,,0.2,1,1,,,,,"{""ItemPrototypeSID"":""ArmyMedkit"",""Chance"":""0.2"",""MinCount"":""1"",""MaxCount"":""1""}"
vanilla/Stalker2/Content/GameLite/GameData/ItemGeneratorPrototypes.cfg,consumable,shared,Heavy,GeneralNPC_Consumables_Heavy,GeneralNPC_Consumables_Heavy,,"{""SID"":""GeneralNPC_Consumables_Heavy""}",[1],Consumable,"ERank::Veteran, ERank::Master",,"EGameDifficulty::Easy, EGameDifficulty::Medium, EGameDifficulty::Hard",{},[4],GeneralNPC_Consumables_Heavy.ItemGenerator.[1].PossibleItems.[4],AntiRad,,chance,,0.3,1,1,,,,,"{""ItemPrototypeSID"":""AntiRad"",""Chance"":""0.3"",""MinCount"":""1"",""MaxCount"":""1""}"
vanilla/Stalker2/Content/GameLite/GameData/ItemGeneratorPrototypes.cfg,consumable,shared,Heavy,GeneralNPC_Consumables_Heavy,GeneralNPC_Consumables_Heavy,,"{""SID"":""GeneralNPC_Consumables_Heavy""}",[2],Consumable,"ERank::Newbie, ERank::Experienced",,EGameDifficulty::Stalker,{},[0],GeneralNPC_Consumables_Heavy.ItemGenerator.[2].PossibleItems.[0],Bandage,,chance,,0.3,1,1,,,,,"{""ItemPrototypeSID"":""Bandage"",""Chance"":""0.3"",""MinCount"":""1"",""MaxCount"":""1""}"
vanilla/Stalker2/Content/GameLite/GameData/ItemGeneratorPrototypes.cfg,consumable,shared,Heavy,GeneralNPC_Consumables_Heavy,GeneralNPC_Consumables_Heavy,,"{""SID"":""GeneralNPC_Consumables_Heavy""}",[2],Consumable,"ERank::Newbie, ERank::Experienced",,EGameDifficulty::Stalker,{},[1],GeneralNPC_Consumables_Heavy.ItemGenerator.[2].PossibleItems.[1],Sausage,,chance,,0.6,1,1,,,,,"{""ItemPrototypeSID"":""Sausage"",""Chance"":""0.6"",""MinCount"":""1"",""MaxCount"":""1""}"
vanilla/Stalker2/Content/GameLite/GameData/ItemGeneratorPrototypes.cfg,consumable,shared,Heavy,GeneralNPC_Consumables_Heavy,GeneralNPC_Consumables_Heavy,,"{""SID"":""GeneralNPC_Consumables_Heavy""}",[2],Consumable,"ERank::Newbie, ERank::Experienced",,EGameDifficulty::Stalker,{},[2],GeneralNPC_Consumables_Heavy.ItemGenerator.[2].PossibleItems.[2],Medkit,,chance,,0.17,1,1,,,,,"{""ItemPrototypeSID"":""Medkit"",""Chance"":""0.17"",""MinCount"":""1"",""MaxCount"":""1""}"
vanilla/Stalker2/Content/GameLite/GameData/ItemGeneratorPrototypes.cfg,consumable,shared,Heavy,GeneralNPC_Consumables_Heavy,GeneralNPC_Consumables_Heavy,,"{""SID"":""GeneralNPC_Consumables_Heavy""}",[3],Consumable,"ERank::Veteran, ERank::Master",,EGameDifficulty::Stalker,{},[0],GeneralNPC_Consumables_Heavy.ItemGenerator.[3].PossibleItems.[0],Bandage,,chance,,0.07,1,2,,,,,"{""ItemPrototypeSID"":""Bandage"",""Chance"":""0.07"",""MinCount"":""1"",""MaxCount"":""2""}"
vanilla/Stalker2/Content/GameLite/GameData/ItemGeneratorPrototypes.cfg,consumable,shared,Heavy,GeneralNPC_Consumables_Heavy,GeneralNPC_Consumables_Heavy,,"{""SID"":""GeneralNPC_Consumables_Heavy""}",[3],Consumable,"ERank::Veteran, ERank::Master",,EGameDifficulty::Stalker,{},[1],GeneralNPC_Consumables_Heavy.ItemGenerator.[3].PossibleItems.[1],CannedFood,,chance,,1.0,1,1,,,,,"{""ItemPrototypeSID"":""CannedFood"",""Chance"":""1.0"",""MinCount"":""1"",""MaxCount"":""1""}"
vanilla/Stalker2/Content/GameLite/GameData/ItemGeneratorPrototypes.cfg,consumable,shared,Heavy,GeneralNPC_Consumables_Heavy,GeneralNPC_Consumables_Heavy,,"{""SID"":""GeneralNPC_Consumables_Heavy""}",[3],Consumable,"ERank::Veteran, ERank::Master",,EGameDifficulty::Stalker,{},[2],GeneralNPC_Consumables_Heavy.ItemGenerator.[3].PossibleItems.[2],Medkit,,chance,,0.5,1,1,,,,,"{""ItemPrototypeSID"":""Medkit"",""Chance"":""0.5"",""MinCount"":""1"",""MaxCount"":""1""}"
vanilla/Stalker2/Content/GameLite/GameData/ItemGeneratorPrototypes.cfg,consumable,shared,Heavy,GeneralNPC_Consumables_Heavy,GeneralNPC_Consumables_Heavy,,"{""SID"":""GeneralNPC_Consumables_Heavy""}",[3],Consumable,"ERank::Veteran, ERank::Master",,EGameDifficulty::Stalker,{},[3],GeneralNPC_Consumables_Heavy.ItemGenerator.[3].PossibleItems.[3],ArmyMedkit,,chance,,0.2,1,1,,,,,"{""ItemPrototypeSID"":""ArmyMedkit"",""Chance"":""0.2"",""MinCount"":""1"",""MaxCount"":""1""}"
vanilla/Stalker2/Content/GameLite/GameData/ItemGeneratorPrototypes.cfg,consumable,shared,Heavy,GeneralNPC_Consumables_Heavy,GeneralNPC_Consumables_Heavy,,"{""SID"":""GeneralNPC_Consumables_Heavy""}",[3],Consumable,"ERank::Veteran, ERank::Master",,EGameDifficulty::Stalker,{},[4],GeneralNPC_Consumables_Heavy.ItemGenerator.[3].PossibleItems.[4],AntiRad,,chance,,0.3,1,1,,,,,"{""ItemPrototypeSID"":""AntiRad"",""Chance"":""0.3"",""MinCount"":""1"",""MaxCount"":""1""}"
vanilla/Stalker2/Content/GameLite/GameData/ItemGeneratorPrototypes.cfg,ordinary role,Neutral,CloseCombat,GeneralNPC_Neutral_CloseCombat_ItemGenerator,GeneralNPC_Neutral_CloseCombat_ItemGenerator,[0],"{""SID"":""GeneralNPC_Neutral_CloseCombat_ItemGenerator"",""RefreshTime"":""1d"",""SpecificRewardSound"":""EUISound::SystemNotificationNews""}",[0],WeaponPrimary,ERank::Newbie,,"EGameDifficulty::Easy, EGameDifficulty::Medium, EGameDifficulty::Hard",{},[0],GeneralNPC_Neutral_CloseCombat_ItemGenerator.ItemGenerator.[0].PossibleItems.[0],GunObrez_SG,,weight,1000,,,,0,2,0.25,0.5,"{""ItemPrototypeSID"":""GunObrez_SG"",""Weight"":""1000"",""MinDurability"":""0.25"",""MaxDurability"":""0.5"",""AmmoMinCount"":""0"",""AmmoMaxCount"":""2""}"
vanilla/Stalker2/Content/GameLite/GameData/ItemGeneratorPrototypes.cfg,ordinary role,Neutral,CloseCombat,GeneralNPC_Neutral_CloseCombat_ItemGenerator,GeneralNPC_Neutral_CloseCombat_ItemGenerator,[0],"{""SID"":""GeneralNPC_Neutral_CloseCombat_ItemGenerator"",""RefreshTime"":""1d"",""SpecificRewardSound"":""EUISound::SystemNotificationNews""}",[0],WeaponPrimary,ERank::Newbie,,"EGameDifficulty::Easy, EGameDifficulty::Medium, EGameDifficulty::Hard",{},[1],GeneralNPC_Neutral_CloseCombat_ItemGenerator.ItemGenerator.[0].PossibleItems.[1],GunTOZ_SG,,weight,100,,,,0,2,0.25,0.5,"{""ItemPrototypeSID"":""GunTOZ_SG"",""Weight"":""100"",""MinDurability"":""0.25"",""MaxDurability"":""0.5"",""AmmoMinCount"":""0"",""AmmoMaxCount"":""2""}"
vanilla/Stalker2/Content/GameLite/GameData/ItemGeneratorPrototypes.cfg,ordinary role,Neutral,CloseCombat,GeneralNPC_Neutral_CloseCombat_ItemGenerator,GeneralNPC_Neutral_CloseCombat_ItemGenerator,[0],"{""SID"":""GeneralNPC_Neutral_CloseCombat_ItemGenerator"",""RefreshTime"":""1d"",""SpecificRewardSound"":""EUISound::SystemNotificationNews""}",[1],WeaponPrimary,ERank::Experienced,,"EGameDifficulty::Easy, EGameDifficulty::Medium, EGameDifficulty::Hard",{},[0],GeneralNPC_Neutral_CloseCombat_ItemGenerator.ItemGenerator.[1].PossibleItems.[0],GunM860_SG,,weight,100,,,,2,4,0.25,0.5,"{""ItemPrototypeSID"":""GunM860_SG"",""Weight"":""100"",""MinDurability"":""0.25"",""MaxDurability"":""0.5"",""AmmoMinCount"":""2"",""AmmoMaxCount"":""4""}"
vanilla/Stalker2/Content/GameLite/GameData/ItemGeneratorPrototypes.cfg,ordinary role,Neutral,CloseCombat,GeneralNPC_Neutral_CloseCombat_ItemGenerator,GeneralNPC_Neutral_CloseCombat_ItemGenerator,[0],"{""SID"":""GeneralNPC_Neutral_CloseCombat_ItemGenerator"",""RefreshTime"":""1d"",""SpecificRewardSound"":""EUISound::SystemNotificationNews""}",[1],WeaponPrimary,ERank::Experienced,,"EGameDifficulty::Easy, EGameDifficulty::Medium, EGameDifficulty::Hard",{},[1],GeneralNPC_Neutral_CloseCombat_ItemGenerator.ItemGenerator.[1].PossibleItems.[1],GunTOZ_SG,,weight,1000,,,,2,4,0.25,0.5,"{""ItemPrototypeSID"":""GunTOZ_SG"",""Weight"":""1000"",""MinDurability"":""0.25"",""MaxDurability"":""0.5"",""AmmoMinCount"":""2"",""AmmoMaxCount"":""4""}"
vanilla/Stalker2/Content/GameLite/GameData/ItemGeneratorPrototypes.cfg,ordinary role,Neutral,CloseCombat,GeneralNPC_Neutral_CloseCombat_ItemGenerator,GeneralNPC_Neutral_CloseCombat_ItemGenerator,[0],"{""SID"":""GeneralNPC_Neutral_CloseCombat_ItemGenerator"",""RefreshTime"":""1d"",""SpecificRewardSound"":""EUISound::SystemNotificationNews""}",[2],WeaponPrimary,ERank::Newbie,,EGameDifficulty::Stalker,{},[0],GeneralNPC_Neutral_CloseCombat_ItemGenerator.ItemGenerator.[2].PossibleItems.[0],GunObrez_SG,,weight,1000,,,,0,2,0.25,0.5,"{""ItemPrototypeSID"":""GunObrez_SG"",""Weight"":""1000"",""MinDurability"":""0.25"",""MaxDurability"":""0.5"",""AmmoMinCount"":""0"",""AmmoMaxCount"":""2""}"
vanilla/Stalker2/Content/GameLite/GameData/ItemGeneratorPrototypes.cfg,ordinary role,Neutral,CloseCombat,GeneralNPC_Neutral_CloseCombat_ItemGenerator,GeneralNPC_Neutral_CloseCombat_ItemGenerator,[0],"{""SID"":""GeneralNPC_Neutral_CloseCombat_ItemGenerator"",""RefreshTime"":""1d"",""SpecificRewardSound"":""EUISound::SystemNotificationNews""}",[2],WeaponPrimary,ERank::Newbie,,EGameDifficulty::Stalker,{},[1],GeneralNPC_Neutral_CloseCombat_ItemGenerator.ItemGenerator.[2].PossibleItems.[1],GunTOZ_SG,,weight,100,,,,0,2,0.25,0.5,"{""ItemPrototypeSID"":""GunTOZ_SG"",""Weight"":""100"",""MinDurability"":""0.25"",""MaxDurability"":""0.5"",""AmmoMinCount"":""0"",""AmmoMaxCount"":""2""}"
vanilla/Stalker2/Content/GameLite/GameData/ItemGeneratorPrototypes.cfg,ordinary role,Neutral,CloseCombat,GeneralNPC_Neutral_CloseCombat_ItemGenerator,GeneralNPC_Neutral_CloseCombat_ItemGenerator,[0],"{""SID"":""GeneralNPC_Neutral_CloseCombat_ItemGenerator"",""RefreshTime"":""1d"",""SpecificRewardSound"":""EUISound::SystemNotificationNews""}",[3],WeaponPrimary,ERank::Experienced,,EGameDifficulty::Stalker,{},[0],GeneralNPC_Neutral_CloseCombat_ItemGenerator.ItemGenerator.[3].PossibleItems.[0],GunM860_SG,,weight,100,,,,1,4,0.25,0.5,"{""ItemPrototypeSID"":""GunM860_SG"",""Weight"":""100"",""MinDurability"":""0.25"",""MaxDurability"":""0.5"",""AmmoMinCount"":""1"",""AmmoMaxCount"":""4""}"
vanilla/Stalker2/Content/GameLite/GameData/ItemGeneratorPrototypes.cfg,ordinary role,Neutral,CloseCombat,GeneralNPC_Neutral_CloseCombat_ItemGenerator,GeneralNPC_Neutral_CloseCombat_ItemGenerator,[0],"{""SID"":""GeneralNPC_Neutral_CloseCombat_ItemGenerator"",""RefreshTime"":""1d"",""SpecificRewardSound"":""EUISound::SystemNotificationNews""}",[3],WeaponPrimary,ERank::Experienced,,EGameDifficulty::Stalker,{},[1],GeneralNPC_Neutral_CloseCombat_ItemGenerator.ItemGenerator.[3].PossibleItems.[1],GunTOZ_SG,,weight,1000,,,,1,4,0.25,0.5,"{""ItemPrototypeSID"":""GunTOZ_SG"",""Weight"":""1000"",""MinDurability"":""0.25"",""MaxDurability"":""0.5"",""AmmoMinCount"":""1"",""AmmoMaxCount"":""4""}"
vanilla/Stalker2/Content/GameLite/GameData/ItemGeneratorPrototypes.cfg,ordinary role,Neutral,CloseCombat,GeneralNPC_Neutral_CloseCombat_ItemGenerator,GeneralNPC_Neutral_CloseCombat_ItemGenerator,[0],"{""SID"":""GeneralNPC_Neutral_CloseCombat_ItemGenerator"",""RefreshTime"":""1d"",""SpecificRewardSound"":""EUISound::SystemNotificationNews""}",[4],SubItemGenerator,,,,{},[0],GeneralNPC_Neutral_CloseCombat_ItemGenerator.ItemGenerator.[4].PossibleItems.[0],,GeneralNPC_Neutral_WeaponPistol,chance,,0.3,,,,,,,"{""ItemGeneratorPrototypeSID"":""GeneralNPC_Neutral_WeaponPistol"",""Chance"":""0.3""}"
vanilla/Stalker2/Content/GameLite/GameData/ItemGeneratorPrototypes.cfg,ordinary role,Neutral,CloseCombat,GeneralNPC_Neutral_CloseCombat_ItemGenerator,GeneralNPC_Neutral_CloseCombat_ItemGenerator,[0],"{""SID"":""GeneralNPC_Neutral_CloseCombat_ItemGenerator"",""RefreshTime"":""1d"",""SpecificRewardSound"":""EUISound::SystemNotificationNews""}",[5],WeaponPrimary,ERank::Veteran,,"EGameDifficulty::Easy, EGameDifficulty::Medium, EGameDifficulty::Hard",{},[0],GeneralNPC_Neutral_CloseCombat_ItemGenerator.ItemGenerator.[5].PossibleItems.[0],GunM860_SG,,weight,1000,,,,2,4,0.25,0.5,"{""ItemPrototypeSID"":""GunM860_SG"",""Weight"":""1000"",""MinDurability"":""0.25"",""MaxDurability"":""0.5"",""AmmoMinCount"":""2"",""AmmoMaxCount"":""4""}"
vanilla/Stalker2/Content/GameLite/GameData/ItemGeneratorPrototypes.cfg,ordinary role,Neutral,CloseCombat,GeneralNPC_Neutral_CloseCombat_ItemGenerator,GeneralNPC_Neutral_CloseCombat_ItemGenerator,[0],"{""SID"":""GeneralNPC_Neutral_CloseCombat_ItemGenerator"",""RefreshTime"":""1d"",""SpecificRewardSound"":""EUISound::SystemNotificationNews""}",[5],WeaponPrimary,ERank::Veteran,,"EGameDifficulty::Easy, EGameDifficulty::Medium, EGameDifficulty::Hard",{},[1],GeneralNPC_Neutral_CloseCombat_ItemGenerator.ItemGenerator.[5].PossibleItems.[1],GunSPSA_SG,,weight,100,,,,2,4,0.25,0.5,"{""ItemPrototypeSID"":""GunSPSA_SG"",""Weight"":""100"",""MinDurability"":""0.25"",""MaxDurability"":""0.5"",""AmmoMinCount"":""2"",""AmmoMaxCount"":""4""}"
vanilla/Stalker2/Content/GameLite/GameData/ItemGeneratorPrototypes.cfg,ordinary role,Neutral,CloseCombat,GeneralNPC_Neutral_CloseCombat_ItemGenerator,GeneralNPC_Neutral_CloseCombat_ItemGenerator,[0],"{""SID"":""GeneralNPC_Neutral_CloseCombat_ItemGenerator"",""RefreshTime"":""1d"",""SpecificRewardSound"":""EUISound::SystemNotificationNews""}",[6],WeaponPrimary,ERank::Master,,"EGameDifficulty::Easy, EGameDifficulty::Medium, EGameDifficulty::Hard",{},[0],GeneralNPC_Neutral_CloseCombat_ItemGenerator.ItemGenerator.[6].PossibleItems.[0],GunSPSA_SG,,weight,1000,,,,2,4,0.25,0.5,"{""ItemPrototypeSID"":""GunSPSA_SG"",""Weight"":""1000"",""MinDurability"":""0.25"",""MaxDurability"":""0.5"",""AmmoMinCount"":""2"",""AmmoMaxCount"":""4""}"
vanilla/Stalker2/Content/GameLite/GameData/ItemGeneratorPrototypes.cfg,ordinary role,Neutral,CloseCombat,GeneralNPC_Neutral_CloseCombat_ItemGenerator,GeneralNPC_Neutral_CloseCombat_ItemGenerator,[0],"{""SID"":""GeneralNPC_Neutral_CloseCombat_ItemGenerator"",""RefreshTime"":""1d"",""SpecificRewardSound"":""EUISound::SystemNotificationNews""}",[7],WeaponPrimary,ERank::Veteran,,EGameDifficulty::Stalker,{},[0],GeneralNPC_Neutral_CloseCombat_ItemGenerator.ItemGenerator.[7].PossibleItems.[0],GunM860_SG,,weight,1000,,,,1,4,0.25,0.5,"{""ItemPrototypeSID"":""GunM860_SG"",""Weight"":""1000"",""MinDurability"":""0.25"",""MaxDurability"":""0.5"",""AmmoMinCount"":""1"",""AmmoMaxCount"":""4""}"
vanilla/Stalker2/Content/GameLite/GameData/ItemGeneratorPrototypes.cfg,ordinary role,Neutral,CloseCombat,GeneralNPC_Neutral_CloseCombat_ItemGenerator,GeneralNPC_Neutral_CloseCombat_ItemGenerator,[0],"{""SID"":""GeneralNPC_Neutral_CloseCombat_ItemGenerator"",""RefreshTime"":""1d"",""SpecificRewardSound"":""EUISound::SystemNotificationNews""}",[7],WeaponPrimary,ERank::Veteran,,EGameDifficulty::Stalker,{},[1],GeneralNPC_Neutral_CloseCombat_ItemGenerator.ItemGenerator.[7].PossibleItems.[1],GunSPSA_SG,,weight,100,,,,1,4,0.25,0.5,"{""ItemPrototypeSID"":""GunSPSA_SG"",""Weight"":""100"",""MinDurability"":""0.25"",""MaxDurability"":""0.5"",""AmmoMinCount"":""1"",""AmmoMaxCount"":""4""}"
vanilla/Stalker2/Content/GameLite/GameData/ItemGeneratorPrototypes.cfg,ordinary role,Neutral,CloseCombat,GeneralNPC_Neutral_CloseCombat_ItemGenerator,GeneralNPC_Neutral_CloseCombat_ItemGenerator,[0],"{""SID"":""GeneralNPC_Neutral_CloseCombat_ItemGenerator"",""RefreshTime"":""1d"",""SpecificRewardSound"":""EUISound::SystemNotificationNews""}",[8],WeaponPrimary,ERank::Master,,EGameDifficulty::Stalker,{},[0],GeneralNPC_Neutral_CloseCombat_ItemGenerator.ItemGenerator.[8].PossibleItems.[0],GunSPSA_SG,,weight,1000,,,,1,4,0.25,0.5,"{""ItemPrototypeSID"":""GunSPSA_SG"",""Weight"":""1000"",""MinDurability"":""0.25"",""MaxDurability"":""0.5"",""AmmoMinCount"":""1"",""AmmoMaxCount"":""4""}"
vanilla/Stalker2/Content/GameLite/GameData/ItemGeneratorPrototypes.cfg,ordinary role,Neutral,CloseCombat,GeneralNPC_Neutral_CloseCombat_ItemGenerator,GeneralNPC_Neutral_CloseCombat_ItemGenerator,[0],"{""SID"":""GeneralNPC_Neutral_CloseCombat_ItemGenerator"",""RefreshTime"":""1d"",""SpecificRewardSound"":""EUISound::SystemNotificationNews""}",[9],BodyArmor,ERank::Newbie,,,{},[0],GeneralNPC_Neutral_CloseCombat_ItemGenerator.ItemGenerator.[9].PossibleItems.[0],Jemmy_Neutral_Armor,,weight,15.0,,,,,,,,"{""ItemPrototypeSID"":""Jemmy_Neutral_Armor"",""Weight"":""15.0""}"
vanilla/Stalker2/Content/GameLite/GameData/ItemGeneratorPrototypes.cfg,ordinary role,Neutral,CloseCombat,GeneralNPC_Neutral_CloseCombat_ItemGenerator,GeneralNPC_Neutral_CloseCombat_ItemGenerator,[0],"{""SID"":""GeneralNPC_Neutral_CloseCombat_ItemGenerator"",""RefreshTime"":""1d"",""SpecificRewardSound"":""EUISound::SystemNotificationNews""}",[9],BodyArmor,ERank::Newbie,,,{},[1],GeneralNPC_Neutral_CloseCombat_ItemGenerator.ItemGenerator.[9].PossibleItems.[1],Newbee_Neutral_Armor,,weight,1.0,,,,,,,,"{""ItemPrototypeSID"":""Newbee_Neutral_Armor"",""Weight"":""1.0""}"
vanilla/Stalker2/Content/GameLite/GameData/ItemGeneratorPrototypes.cfg,ordinary role,Neutral,CloseCombat,GeneralNPC_Neutral_CloseCombat_ItemGenerator,GeneralNPC_Neutral_CloseCombat_ItemGenerator,[0],"{""SID"":""GeneralNPC_Neutral_CloseCombat_ItemGenerator"",""RefreshTime"":""1d"",""SpecificRewardSound"":""EUISound::SystemNotificationNews""}",[9],BodyArmor,ERank::Newbie,,,{},[2],GeneralNPC_Neutral_CloseCombat_ItemGenerator.ItemGenerator.[9].PossibleItems.[2],NPC_Sel_Neutral_Armor,,weight,4.0,,,,,,,,"{""ItemPrototypeSID"":""NPC_Sel_Neutral_Armor"",""Weight"":""4.0""}"
vanilla/Stalker2/Content/GameLite/GameData/ItemGeneratorPrototypes.cfg,ordinary role,Neutral,CloseCombat,GeneralNPC_Neutral_CloseCombat_ItemGenerator,GeneralNPC_Neutral_CloseCombat_ItemGenerator,[0],"{""SID"":""GeneralNPC_Neutral_CloseCombat_ItemGenerator"",""RefreshTime"":""1d"",""SpecificRewardSound"":""EUISound::SystemNotificationNews""}",[10],BodyArmor,ERank::Experienced,,,{},[0],GeneralNPC_Neutral_CloseCombat_ItemGenerator.ItemGenerator.[10].PossibleItems.[0],Nasos_Neutral_Armor,,weight,1.0,,,,,,,,"{""ItemPrototypeSID"":""Nasos_Neutral_Armor"",""Weight"":""1.0""}"
vanilla/Stalker2/Content/GameLite/GameData/ItemGeneratorPrototypes.cfg,ordinary role,Neutral,CloseCombat,GeneralNPC_Neutral_CloseCombat_ItemGenerator,GeneralNPC_Neutral_CloseCombat_ItemGenerator,[0],"{""SID"":""GeneralNPC_Neutral_CloseCombat_ItemGenerator"",""RefreshTime"":""1d"",""SpecificRewardSound"":""EUISound::SystemNotificationNews""}",[10],BodyArmor,ERank::Experienced,,,{},[1],GeneralNPC_Neutral_CloseCombat_ItemGenerator.ItemGenerator.[10].PossibleItems.[1],Zorya_Neutral_Armor,,weight,1.0,,,,,,,,"{""ItemPrototypeSID"":""Zorya_Neutral_Armor"",""Weight"":""1.0""}"
vanilla/Stalker2/Content/GameLite/GameData/ItemGeneratorPrototypes.cfg,ordinary role,Neutral,CloseCombat,GeneralNPC_Neutral_CloseCombat_ItemGenerator,GeneralNPC_Neutral_CloseCombat_ItemGenerator,[0],"{""SID"":""GeneralNPC_Neutral_CloseCombat_ItemGenerator"",""RefreshTime"":""1d"",""SpecificRewardSound"":""EUISound::SystemNotificationNews""}",[11],BodyArmor,ERank::Veteran,,,{},[0],GeneralNPC_Neutral_CloseCombat_ItemGenerator.ItemGenerator.[11].PossibleItems.[0],SEVA_Neutral_Armor,,weight,2.0,,,,,,,,"{""ItemPrototypeSID"":""SEVA_Neutral_Armor"",""Weight"":""2.0""}"
vanilla/Stalker2/Content/GameLite/GameData/ItemGeneratorPrototypes.cfg,ordinary role,Neutral,CloseCombat,GeneralNPC_Neutral_CloseCombat_ItemGenerator,GeneralNPC_Neutral_CloseCombat_ItemGenerator,[0],"{""SID"":""GeneralNPC_Neutral_CloseCombat_ItemGenerator"",""RefreshTime"":""1d"",""SpecificRewardSound"":""EUISound::SystemNotificationNews""}",[11],BodyArmor,ERank::Veteran,,,{},[1],GeneralNPC_Neutral_CloseCombat_ItemGenerator.ItemGenerator.[11].PossibleItems.[1],NPC_Cloak_Heavy_Neutral_Armor,,weight,3.0,,,,,,,,"{""ItemPrototypeSID"":""NPC_Cloak_Heavy_Neutral_Armor"",""Weight"":""3.0""}"
vanilla/Stalker2/Content/GameLite/GameData/ItemGeneratorPrototypes.cfg,ordinary role,Neutral,CloseCombat,GeneralNPC_Neutral_CloseCombat_ItemGenerator,GeneralNPC_Neutral_CloseCombat_ItemGenerator,[0],"{""SID"":""GeneralNPC_Neutral_CloseCombat_ItemGenerator"",""RefreshTime"":""1d"",""SpecificRewardSound"":""EUISound::SystemNotificationNews""}",[12],BodyArmor,ERank::Master,,,{},[0],GeneralNPC_Neutral_CloseCombat_ItemGenerator.ItemGenerator.[12].PossibleItems.[0],Exoskeleton_Neutral_Armor,,weight,2.0,,,,,,,,"{""ItemPrototypeSID"":""Exoskeleton_Neutral_Armor"",""Weight"":""2.0""}"
vanilla/Stalker2/Content/GameLite/GameData/ItemGeneratorPrototypes.cfg,ordinary role,Neutral,CloseCombat,GeneralNPC_Neutral_CloseCombat_ItemGenerator,GeneralNPC_Neutral_CloseCombat_ItemGenerator,[0],"{""SID"":""GeneralNPC_Neutral_CloseCombat_ItemGenerator"",""RefreshTime"":""1d"",""SpecificRewardSound"":""EUISound::SystemNotificationNews""}",[12],BodyArmor,ERank::Master,,,{},[1],GeneralNPC_Neutral_CloseCombat_ItemGenerator.ItemGenerator.[12].PossibleItems.[1],SEVA_Neutral_Armor,,weight,1.0,,,,,,,,"{""ItemPrototypeSID"":""SEVA_Neutral_Armor"",""Weight"":""1.0""}"
vanilla/Stalker2/Content/GameLite/GameData/ItemGeneratorPrototypes.cfg,ordinary role,Neutral,CloseCombat,GeneralNPC_Neutral_CloseCombat_ItemGenerator,GeneralNPC_Neutral_CloseCombat_ItemGenerator,[0],"{""SID"":""GeneralNPC_Neutral_CloseCombat_ItemGenerator"",""RefreshTime"":""1d"",""SpecificRewardSound"":""EUISound::SystemNotificationNews""}",[12],BodyArmor,ERank::Master,,,{},[2],GeneralNPC_Neutral_CloseCombat_ItemGenerator.ItemGenerator.[12].PossibleItems.[2],NPC_Cloak_Heavy_Neutral_Armor,,weight,2.0,,,,,,,,"{""ItemPrototypeSID"":""NPC_Cloak_Heavy_Neutral_Armor"",""Weight"":""2.0""}"
vanilla/Stalker2/Content/GameLite/GameData/ItemGeneratorPrototypes.cfg,ordinary role,Neutral,CloseCombat,GeneralNPC_Neutral_CloseCombat_ItemGenerator,GeneralNPC_Neutral_CloseCombat_ItemGenerator,[0],"{""SID"":""GeneralNPC_Neutral_CloseCombat_ItemGenerator"",""RefreshTime"":""1d"",""SpecificRewardSound"":""EUISound::SystemNotificationNews""}",[13],Head,"ERank::Newbie, ERank::Experienced",,,{},[0],GeneralNPC_Neutral_CloseCombat_ItemGenerator.ItemGenerator.[13].PossibleItems.[0],Light_Neutral_Helmet,,chance,,0.3,,,,,,,"{""ItemPrototypeSID"":""Light_Neutral_Helmet"",""Chance"":""0.3""}"
vanilla/Stalker2/Content/GameLite/GameData/ItemGeneratorPrototypes.cfg,ordinary role,Neutral,CloseCombat,GeneralNPC_Neutral_CloseCombat_ItemGenerator,GeneralNPC_Neutral_CloseCombat_ItemGenerator,[0],"{""SID"":""GeneralNPC_Neutral_CloseCombat_ItemGenerator"",""RefreshTime"":""1d"",""SpecificRewardSound"":""EUISound::SystemNotificationNews""}",[14],Head,"ERank::Veteran, ERank::Master",,,{},[0],GeneralNPC_Neutral_CloseCombat_ItemGenerator.ItemGenerator.[14].PossibleItems.[0],Light_Neutral_Helmet,,chance,,0.7,,,,,,,"{""ItemPrototypeSID"":""Light_Neutral_Helmet"",""Chance"":""0.7""}"
vanilla/Stalker2/Content/GameLite/GameData/ItemGeneratorPrototypes.cfg,ordinary role,Neutral,CloseCombat,GeneralNPC_Neutral_CloseCombat_ItemGenerator,GeneralNPC_Neutral_CloseCombat_ItemGenerator,[0],"{""SID"":""GeneralNPC_Neutral_CloseCombat_ItemGenerator"",""RefreshTime"":""1d"",""SpecificRewardSound"":""EUISound::SystemNotificationNews""}",[15],SubItemGenerator,,,,{},[0],GeneralNPC_Neutral_CloseCombat_ItemGenerator.ItemGenerator.[15].PossibleItems.[0],,GeneralNPC_Consumables_CloseCombat,weight,1,,,,,,,,"{""ItemGeneratorPrototypeSID"":""GeneralNPC_Consumables_CloseCombat"",""Weight"":""1""}"
vanilla/Stalker2/Content/GameLite/GameData/ItemGeneratorPrototypes.cfg,ordinary role,Neutral,CloseCombat,GeneralNPC_Neutral_CloseCombat_ItemGenerator,GeneralNPC_Neutral_CloseCombat_ItemGenerator,[0],"{""SID"":""GeneralNPC_Neutral_CloseCombat_ItemGenerator"",""RefreshTime"":""1d"",""SpecificRewardSound"":""EUISound::SystemNotificationNews""}",[16],Detector,,,,{},[0],GeneralNPC_Neutral_CloseCombat_ItemGenerator.ItemGenerator.[16].PossibleItems.[0],Echo,,chance,,0.05,1,,,,,,"{""ItemPrototypeSID"":""Echo"",""Chance"":""0.05"",""MinCount"":""1""}"
vanilla/Stalker2/Content/GameLite/GameData/ItemGeneratorPrototypes.cfg,ordinary role,Neutral,CloseCombat,GeneralNPC_Neutral_CloseCombat_ItemGenerator,GeneralNPC_Neutral_CloseCombat_ItemGenerator,[0],"{""SID"":""GeneralNPC_Neutral_CloseCombat_ItemGenerator"",""RefreshTime"":""1d"",""SpecificRewardSound"":""EUISound::SystemNotificationNews""}",[17],Artifact,,,,{},[0],GeneralNPC_Neutral_CloseCombat_ItemGenerator.ItemGenerator.[17].PossibleItems.[0],GrenadeRGD5,,chance,,0.2,1,1,,,,,"{""ItemPrototypeSID"":""GrenadeRGD5"",""Chance"":""0.2"",""MinCount"":""1"",""MaxCount"":""1""}"
vanilla/Stalker2/Content/GameLite/GameData/ItemGeneratorPrototypes.cfg,ordinary role,Neutral,CloseCombat,GeneralNPC_Neutral_CloseCombat_ItemGenerator,GeneralNPC_Neutral_CloseCombat_ItemGenerator,[0],"{""SID"":""GeneralNPC_Neutral_CloseCombat_ItemGenerator"",""RefreshTime"":""1d"",""SpecificRewardSound"":""EUISound::SystemNotificationNews""}",[18],SubItemGenerator,,,,{},[0],GeneralNPC_Neutral_CloseCombat_ItemGenerator.ItemGenerator.[18].PossibleItems.[0],,GeneralNPC_Neutral_NVG,chance,,1,,,,,,,"{""ItemGeneratorPrototypeSID"":""GeneralNPC_Neutral_NVG"",""Chance"":""1""}"
vanilla/Stalker2/Content/GameLite/GameData/ItemGeneratorPrototypes.cfg,ordinary role,Neutral,Recon,GeneralNPC_Neutral_Recon_ItemGenerator,GeneralNPC_Neutral_Recon_ItemGenerator,[0],"{""SID"":""GeneralNPC_Neutral_Recon_ItemGenerator"",""RefreshTime"":""1d"",""SpecificRewardSound"":""EUISound::SystemNotificationNews""}",[0],WeaponPrimary,ERank::Newbie,,,{},[0],GeneralNPC_Neutral_Recon_ItemGenerator.ItemGenerator.[0].PossibleItems.[0],GunViper_PP,,weight,1000,,,,0,5,0.25,0.5,"{""ItemPrototypeSID"":""GunViper_PP"",""Weight"":""1000"",""MinDurability"":""0.25"",""MaxDurability"":""0.5"",""AmmoMinCount"":""0"",""AmmoMaxCount"":""5""}"
vanilla/Stalker2/Content/GameLite/GameData/ItemGeneratorPrototypes.cfg,ordinary role,Neutral,Recon,GeneralNPC_Neutral_Recon_ItemGenerator,GeneralNPC_Neutral_Recon_ItemGenerator,[0],"{""SID"":""GeneralNPC_Neutral_Recon_ItemGenerator"",""RefreshTime"":""1d"",""SpecificRewardSound"":""EUISound::SystemNotificationNews""}",[0],WeaponPrimary,ERank::Newbie,,,{},[1],GeneralNPC_Neutral_Recon_ItemGenerator.ItemGenerator.[0].PossibleItems.[1],GunAKU_PP,,weight,100,,,,0,5,0.25,0.5,"{""ItemPrototypeSID"":""GunAKU_PP"",""Weight"":""100"",""MinDurability"":""0.25"",""MaxDurability"":""0.5"",""AmmoMinCount"":""0"",""AmmoMaxCount"":""5""}"
vanilla/Stalker2/Content/GameLite/GameData/ItemGeneratorPrototypes.cfg,ordinary role,Neutral,Recon,GeneralNPC_Neutral_Recon_ItemGenerator,GeneralNPC_Neutral_Recon_ItemGenerator,[0],"{""SID"":""GeneralNPC_Neutral_Recon_ItemGenerator"",""RefreshTime"":""1d"",""SpecificRewardSound"":""EUISound::SystemNotificationNews""}",[1],SubItemGenerator,,,,{},[0],GeneralNPC_Neutral_Recon_ItemGenerator.ItemGenerator.[1].PossibleItems.[0],,GeneralNPC_Neutral_WeaponPistol,chance,,0.25,,,,,,,"{""ItemGeneratorPrototypeSID"":""GeneralNPC_Neutral_WeaponPistol"",""Chance"":""0.25""}"
vanilla/Stalker2/Content/GameLite/GameData/ItemGeneratorPrototypes.cfg,ordinary role,Neutral,Recon,GeneralNPC_Neutral_Recon_ItemGenerator,GeneralNPC_Neutral_Recon_ItemGenerator,[0],"{""SID"":""GeneralNPC_Neutral_Recon_ItemGenerator"",""RefreshTime"":""1d"",""SpecificRewardSound"":""EUISound::SystemNotificationNews""}",[2],WeaponPrimary,ERank::Experienced,,"EGameDifficulty::Easy, EGameDifficulty::Medium, EGameDifficulty::Hard",{},[0],GeneralNPC_Neutral_Recon_ItemGenerator.ItemGenerator.[2].PossibleItems.[0],GunViper_PP,,weight,800,,,,0,7,0.25,0.5,"{""ItemPrototypeSID"":""GunViper_PP"",""Weight"":""800"",""MinDurability"":""0.25"",""MaxDurability"":""0.5"",""AmmoMinCount"":""0"",""AmmoMaxCount"":""7""}"
vanilla/Stalker2/Content/GameLite/GameData/ItemGeneratorPrototypes.cfg,ordinary role,Neutral,Recon,GeneralNPC_Neutral_Recon_ItemGenerator,GeneralNPC_Neutral_Recon_ItemGenerator,[0],"{""SID"":""GeneralNPC_Neutral_Recon_ItemGenerator"",""RefreshTime"":""1d"",""SpecificRewardSound"":""EUISound::SystemNotificationNews""}",[2],WeaponPrimary,ERank::Experienced,,"EGameDifficulty::Easy, EGameDifficulty::Medium, EGameDifficulty::Hard",{},[1],GeneralNPC_Neutral_Recon_ItemGenerator.ItemGenerator.[2].PossibleItems.[1],GunAKU_PP,,weight,1000,,,,0,7,0.25,0.5,"{""ItemPrototypeSID"":""GunAKU_PP"",""Weight"":""1000"",""MinDurability"":""0.25"",""MaxDurability"":""0.5"",""AmmoMinCount"":""0"",""AmmoMaxCount"":""7""}"
vanilla/Stalker2/Content/GameLite/GameData/ItemGeneratorPrototypes.cfg,ordinary role,Neutral,Recon,GeneralNPC_Neutral_Recon_ItemGenerator,GeneralNPC_Neutral_Recon_ItemGenerator,[0],"{""SID"":""GeneralNPC_Neutral_Recon_ItemGenerator"",""RefreshTime"":""1d"",""SpecificRewardSound"":""EUISound::SystemNotificationNews""}",[2],WeaponPrimary,ERank::Experienced,,"EGameDifficulty::Easy, EGameDifficulty::Medium, EGameDifficulty::Hard",{},[2],GeneralNPC_Neutral_Recon_ItemGenerator.ItemGenerator.[2].PossibleItems.[2],GunBucket_PP,,weight,100,,,,0,7,0.25,0.5,"{""ItemPrototypeSID"":""GunBucket_PP"",""Weight"":""100"",""MinDurability"":""0.25"",""MaxDurability"":""0.5"",""AmmoMinCount"":""0"",""AmmoMaxCount"":""7""}"
vanilla/Stalker2/Content/GameLite/GameData/ItemGeneratorPrototypes.cfg,ordinary role,Neutral,Recon,GeneralNPC_Neutral_Recon_ItemGenerator,GeneralNPC_Neutral_Recon_ItemGenerator,[0],"{""SID"":""GeneralNPC_Neutral_Recon_ItemGenerator"",""RefreshTime"":""1d"",""SpecificRewardSound"":""EUISound::SystemNotificationNews""}",[2],WeaponPrimary,ERank::Experienced,,"EGameDifficulty::Easy, EGameDifficulty::Medium, EGameDifficulty::Hard",{},[3],GeneralNPC_Neutral_Recon_ItemGenerator.ItemGenerator.[2].PossibleItems.[3],GunFora230_PP,,weight,100,,,,0,7,0.25,0.5,"{""ItemPrototypeSID"":""GunFora230_PP"",""Weight"":""100"",""MinDurability"":""0.25"",""MaxDurability"":""0.5"",""AmmoMinCount"":""0"",""AmmoMaxCount"":""7""}"
vanilla/Stalker2/Content/GameLite/GameData/ItemGeneratorPrototypes.cfg,ordinary role,Neutral,Recon,GeneralNPC_Neutral_Recon_ItemGenerator,GeneralNPC_Neutral_Recon_ItemGenerator,[0],"{""SID"":""GeneralNPC_Neutral_Recon_ItemGenerator"",""RefreshTime"":""1d"",""SpecificRewardSound"":""EUISound::SystemNotificationNews""}",[3],WeaponPrimary,ERank::Veteran,,"EGameDifficulty::Easy, EGameDifficulty::Medium, EGameDifficulty::Hard",{},[0],GeneralNPC_Neutral_Recon_ItemGenerator.ItemGenerator.[3].PossibleItems.[0],GunViper_PP,,weight,400,,,,0,7,0.25,0.5,"{""ItemPrototypeSID"":""GunViper_PP"",""Weight"":""400"",""MinDurability"":""0.25"",""MaxDurability"":""0.5"",""AmmoMinCount"":""0"",""AmmoMaxCount"":""7""}"
vanilla/Stalker2/Content/GameLite/GameData/ItemGeneratorPrototypes.cfg,ordinary role,Neutral,Recon,GeneralNPC_Neutral_Recon_ItemGenerator,GeneralNPC_Neutral_Recon_ItemGenerator,[0],"{""SID"":""GeneralNPC_Neutral_Recon_ItemGenerator"",""RefreshTime"":""1d"",""SpecificRewardSound"":""EUISound::SystemNotificationNews""}",[3],WeaponPrimary,ERank::Veteran,,"EGameDifficulty::Easy, EGameDifficulty::Medium, EGameDifficulty::Hard",{},[1],GeneralNPC_Neutral_Recon_ItemGenerator.ItemGenerator.[3].PossibleItems.[1],GunAKU_PP,,weight,500,,,,0,7,0.25,0.5,"{""ItemPrototypeSID"":""GunAKU_PP"",""Weight"":""500"",""MinDurability"":""0.25"",""MaxDurability"":""0.5"",""AmmoMinCount"":""0"",""AmmoMaxCount"":""7""}"
vanilla/Stalker2/Content/GameLite/GameData/ItemGeneratorPrototypes.cfg,ordinary role,Neutral,Recon,GeneralNPC_Neutral_Recon_ItemGenerator,GeneralNPC_Neutral_Recon_ItemGenerator,[0],"{""SID"":""GeneralNPC_Neutral_Recon_ItemGenerator"",""RefreshTime"":""1d"",""SpecificRewardSound"":""EUISound::SystemNotificationNews""}",[3],WeaponPrimary,ERank::Veteran,,"EGameDifficulty::Easy, EGameDifficulty::Medium, EGameDifficulty::Hard",{},[2],GeneralNPC_Neutral_Recon_ItemGenerator.ItemGenerator.[3].PossibleItems.[2],GunBucket_PP,,weight,1000,,,,0,7,0.25,0.5,"{""ItemPrototypeSID"":""GunBucket_PP"",""Weight"":""1000"",""MinDurability"":""0.25"",""MaxDurability"":""0.5"",""AmmoMinCount"":""0"",""AmmoMaxCount"":""7""}"
vanilla/Stalker2/Content/GameLite/GameData/ItemGeneratorPrototypes.cfg,ordinary role,Neutral,Recon,GeneralNPC_Neutral_Recon_ItemGenerator,GeneralNPC_Neutral_Recon_ItemGenerator,[0],"{""SID"":""GeneralNPC_Neutral_Recon_ItemGenerator"",""RefreshTime"":""1d"",""SpecificRewardSound"":""EUISound::SystemNotificationNews""}",[3],WeaponPrimary,ERank::Veteran,,"EGameDifficulty::Easy, EGameDifficulty::Medium, EGameDifficulty::Hard",{},[3],GeneralNPC_Neutral_Recon_ItemGenerator.ItemGenerator.[3].PossibleItems.[3],GunIntegral_PP,,weight,100,,,,0,7,0.25,0.5,"{""ItemPrototypeSID"":""GunIntegral_PP"",""Weight"":""100"",""MinDurability"":""0.25"",""MaxDurability"":""0.5"",""AmmoMinCount"":""0"",""AmmoMaxCount"":""7""}"
vanilla/Stalker2/Content/GameLite/GameData/ItemGeneratorPrototypes.cfg,ordinary role,Neutral,Recon,GeneralNPC_Neutral_Recon_ItemGenerator,GeneralNPC_Neutral_Recon_ItemGenerator,[0],"{""SID"":""GeneralNPC_Neutral_Recon_ItemGenerator"",""RefreshTime"":""1d"",""SpecificRewardSound"":""EUISound::SystemNotificationNews""}",[3],WeaponPrimary,ERank::Veteran,,"EGameDifficulty::Easy, EGameDifficulty::Medium, EGameDifficulty::Hard",{},[4],GeneralNPC_Neutral_Recon_ItemGenerator.ItemGenerator.[3].PossibleItems.[4],GunFora230_PP,,weight,1000,,,,0,7,0.25,0.5,"{""ItemPrototypeSID"":""GunFora230_PP"",""Weight"":""1000"",""MinDurability"":""0.25"",""MaxDurability"":""0.5"",""AmmoMinCount"":""0"",""AmmoMaxCount"":""7""}"
vanilla/Stalker2/Content/GameLite/GameData/ItemGeneratorPrototypes.cfg,ordinary role,Neutral,Recon,GeneralNPC_Neutral_Recon_ItemGenerator,GeneralNPC_Neutral_Recon_ItemGenerator,[0],"{""SID"":""GeneralNPC_Neutral_Recon_ItemGenerator"",""RefreshTime"":""1d"",""SpecificRewardSound"":""EUISound::SystemNotificationNews""}",[4],WeaponPrimary,ERank::Master,,"EGameDifficulty::Easy, EGameDifficulty::Medium, EGameDifficulty::Hard",{},[0],GeneralNPC_Neutral_Recon_ItemGenerator.ItemGenerator.[4].PossibleItems.[0],GunAKU_PP,,weight,500,,,,0,7,0.25,0.5,"{""ItemPrototypeSID"":""GunAKU_PP"",""Weight"":""500"",""MinDurability"":""0.25"",""MaxDurability"":""0.5"",""AmmoMinCount"":""0"",""AmmoMaxCount"":""7""}"
vanilla/Stalker2/Content/GameLite/GameData/ItemGeneratorPrototypes.cfg,ordinary role,Neutral,Recon,GeneralNPC_Neutral_Recon_ItemGenerator,GeneralNPC_Neutral_Recon_ItemGenerator,[0],"{""SID"":""GeneralNPC_Neutral_Recon_ItemGenerator"",""RefreshTime"":""1d"",""SpecificRewardSound"":""EUISound::SystemNotificationNews""}",[4],WeaponPrimary,ERank::Master,,"EGameDifficulty::Easy, EGameDifficulty::Medium, EGameDifficulty::Hard",{},[1],GeneralNPC_Neutral_Recon_ItemGenerator.ItemGenerator.[4].PossibleItems.[1],GunBucket_PP,,weight,1000,,,,0,7,0.25,0.5,"{""ItemPrototypeSID"":""GunBucket_PP"",""Weight"":""1000"",""MinDurability"":""0.25"",""MaxDurability"":""0.5"",""AmmoMinCount"":""0"",""AmmoMaxCount"":""7""}"
vanilla/Stalker2/Content/GameLite/GameData/ItemGeneratorPrototypes.cfg,ordinary role,Neutral,Recon,GeneralNPC_Neutral_Recon_ItemGenerator,GeneralNPC_Neutral_Recon_ItemGenerator,[0],"{""SID"":""GeneralNPC_Neutral_Recon_ItemGenerator"",""RefreshTime"":""1d"",""SpecificRewardSound"":""EUISound::SystemNotificationNews""}",[4],WeaponPrimary,ERank::Master,,"EGameDifficulty::Easy, EGameDifficulty::Medium, EGameDifficulty::Hard",{},[2],GeneralNPC_Neutral_Recon_ItemGenerator.ItemGenerator.[4].PossibleItems.[2],GunIntegral_PP,,weight,1000,,,,0,7,0.25,0.5,"{""ItemPrototypeSID"":""GunIntegral_PP"",""Weight"":""1000"",""MinDurability"":""0.25"",""MaxDurability"":""0.5"",""AmmoMinCount"":""0"",""AmmoMaxCount"":""7""}"
vanilla/Stalker2/Content/GameLite/GameData/ItemGeneratorPrototypes.cfg,ordinary role,Neutral,Recon,GeneralNPC_Neutral_Recon_ItemGenerator,GeneralNPC_Neutral_Recon_ItemGenerator,[0],"{""SID"":""GeneralNPC_Neutral_Recon_ItemGenerator"",""RefreshTime"":""1d"",""SpecificRewardSound"":""EUISound::SystemNotificationNews""}",[4],WeaponPrimary,ERank::Master,,"EGameDifficulty::Easy, EGameDifficulty::Medium, EGameDifficulty::Hard",{},[3],GeneralNPC_Neutral_Recon_ItemGenerator.ItemGenerator.[4].PossibleItems.[3],GunFora230_PP,,weight,1000,,,,0,7,0.25,0.5,"{""ItemPrototypeSID"":""GunFora230_PP"",""Weight"":""1000"",""MinDurability"":""0.25"",""MaxDurability"":""0.5"",""AmmoMinCount"":""0"",""AmmoMaxCount"":""7""}"
vanilla/Stalker2/Content/GameLite/GameData/ItemGeneratorPrototypes.cfg,ordinary role,Neutral,Recon,GeneralNPC_Neutral_Recon_ItemGenerator,GeneralNPC_Neutral_Recon_ItemGenerator,[0],"{""SID"":""GeneralNPC_Neutral_Recon_ItemGenerator"",""RefreshTime"":""1d"",""SpecificRewardSound"":""EUISound::SystemNotificationNews""}",[5],WeaponPrimary,ERank::Experienced,,EGameDifficulty::Stalker,{},[0],GeneralNPC_Neutral_Recon_ItemGenerator.ItemGenerator.[5].PossibleItems.[0],GunViper_PP,,weight,800,,,,0,6,0.25,0.5,"{""ItemPrototypeSID"":""GunViper_PP"",""Weight"":""800"",""MinDurability"":""0.25"",""MaxDurability"":""0.5"",""AmmoMinCount"":""0"",""AmmoMaxCount"":""6""}"
vanilla/Stalker2/Content/GameLite/GameData/ItemGeneratorPrototypes.cfg,ordinary role,Neutral,Recon,GeneralNPC_Neutral_Recon_ItemGenerator,GeneralNPC_Neutral_Recon_ItemGenerator,[0],"{""SID"":""GeneralNPC_Neutral_Recon_ItemGenerator"",""RefreshTime"":""1d"",""SpecificRewardSound"":""EUISound::SystemNotificationNews""}",[5],WeaponPrimary,ERank::Experienced,,EGameDifficulty::Stalker,{},[1],GeneralNPC_Neutral_Recon_ItemGenerator.ItemGenerator.[5].PossibleItems.[1],GunAKU_PP,,weight,1000,,,,0,6,0.25,0.5,"{""ItemPrototypeSID"":""GunAKU_PP"",""Weight"":""1000"",""MinDurability"":""0.25"",""MaxDurability"":""0.5"",""AmmoMinCount"":""0"",""AmmoMaxCount"":""6""}"
vanilla/Stalker2/Content/GameLite/GameData/ItemGeneratorPrototypes.cfg,ordinary role,Neutral,Recon,GeneralNPC_Neutral_Recon_ItemGenerator,GeneralNPC_Neutral_Recon_ItemGenerator,[0],"{""SID"":""GeneralNPC_Neutral_Recon_ItemGenerator"",""RefreshTime"":""1d"",""SpecificRewardSound"":""EUISound::SystemNotificationNews""}",[5],WeaponPrimary,ERank::Experienced,,EGameDifficulty::Stalker,{},[2],GeneralNPC_Neutral_Recon_ItemGenerator.ItemGenerator.[5].PossibleItems.[2],GunBucket_PP,,weight,100,,,,0,6,0.25,0.5,"{""ItemPrototypeSID"":""GunBucket_PP"",""Weight"":""100"",""MinDurability"":""0.25"",""MaxDurability"":""0.5"",""AmmoMinCount"":""0"",""AmmoMaxCount"":""6""}"
vanilla/Stalker2/Content/GameLite/GameData/ItemGeneratorPrototypes.cfg,ordinary role,Neutral,Recon,GeneralNPC_Neutral_Recon_ItemGenerator,GeneralNPC_Neutral_Recon_ItemGenerator,[0],"{""SID"":""GeneralNPC_Neutral_Recon_ItemGenerator"",""RefreshTime"":""1d"",""SpecificRewardSound"":""EUISound::SystemNotificationNews""}",[5],WeaponPrimary,ERank::Experienced,,EGameDifficulty::Stalker,{},[3],GeneralNPC_Neutral_Recon_ItemGenerator.ItemGenerator.[5].PossibleItems.[3],GunFora230_PP,,weight,100,,,,0,6,0.25,0.5,"{""ItemPrototypeSID"":""GunFora230_PP"",""Weight"":""100"",""MinDurability"":""0.25"",""MaxDurability"":""0.5"",""AmmoMinCount"":""0"",""AmmoMaxCount"":""6""}"
vanilla/Stalker2/Content/GameLite/GameData/ItemGeneratorPrototypes.cfg,ordinary role,Neutral,Recon,GeneralNPC_Neutral_Recon_ItemGenerator,GeneralNPC_Neutral_Recon_ItemGenerator,[0],"{""SID"":""GeneralNPC_Neutral_Recon_ItemGenerator"",""RefreshTime"":""1d"",""SpecificRewardSound"":""EUISound::SystemNotificationNews""}",[6],WeaponPrimary,ERank::Veteran,,EGameDifficulty::Stalker,{},[0],GeneralNPC_Neutral_Recon_ItemGenerator.ItemGenerator.[6].PossibleItems.[0],GunViper_PP,,weight,400,,,,0,6,0.25,0.5,"{""ItemPrototypeSID"":""GunViper_PP"",""Weight"":""400"",""MinDurability"":""0.25"",""MaxDurability"":""0.5"",""AmmoMinCount"":""0"",""AmmoMaxCount"":""6""}"
vanilla/Stalker2/Content/GameLite/GameData/ItemGeneratorPrototypes.cfg,ordinary role,Neutral,Recon,GeneralNPC_Neutral_Recon_ItemGenerator,GeneralNPC_Neutral_Recon_ItemGenerator,[0],"{""SID"":""GeneralNPC_Neutral_Recon_ItemGenerator"",""RefreshTime"":""1d"",""SpecificRewardSound"":""EUISound::SystemNotificationNews""}",[6],WeaponPrimary,ERank::Veteran,,EGameDifficulty::Stalker,{},[1],GeneralNPC_Neutral_Recon_ItemGenerator.ItemGenerator.[6].PossibleItems.[1],GunAKU_PP,,weight,500,,,,0,6,0.25,0.5,"{""ItemPrototypeSID"":""GunAKU_PP"",""Weight"":""500"",""MinDurability"":""0.25"",""MaxDurability"":""0.5"",""AmmoMinCount"":""0"",""AmmoMaxCount"":""6""}"
vanilla/Stalker2/Content/GameLite/GameData/ItemGeneratorPrototypes.cfg,ordinary role,Neutral,Recon,GeneralNPC_Neutral_Recon_ItemGenerator,GeneralNPC_Neutral_Recon_ItemGenerator,[0],"{""SID"":""GeneralNPC_Neutral_Recon_ItemGenerator"",""RefreshTime"":""1d"",""SpecificRewardSound"":""EUISound::SystemNotificationNews""}",[6],WeaponPrimary,ERank::Veteran,,EGameDifficulty::Stalker,{},[2],GeneralNPC_Neutral_Recon_ItemGenerator.ItemGenerator.[6].PossibleItems.[2],GunBucket_PP,,weight,1000,,,,0,6,0.25,0.5,"{""ItemPrototypeSID"":""GunBucket_PP"",""Weight"":""1000"",""MinDurability"":""0.25"",""MaxDurability"":""0.5"",""AmmoMinCount"":""0"",""AmmoMaxCount"":""6""}"
vanilla/Stalker2/Content/GameLite/GameData/ItemGeneratorPrototypes.cfg,ordinary role,Neutral,Recon,GeneralNPC_Neutral_Recon_ItemGenerator,GeneralNPC_Neutral_Recon_ItemGenerator,[0],"{""SID"":""GeneralNPC_Neutral_Recon_ItemGenerator"",""RefreshTime"":""1d"",""SpecificRewardSound"":""EUISound::SystemNotificationNews""}",[6],WeaponPrimary,ERank::Veteran,,EGameDifficulty::Stalker,{},[3],GeneralNPC_Neutral_Recon_ItemGenerator.ItemGenerator.[6].PossibleItems.[3],GunIntegral_PP,,weight,100,,,,0,6,0.25,0.5,"{""ItemPrototypeSID"":""GunIntegral_PP"",""Weight"":""100"",""MinDurability"":""0.25"",""MaxDurability"":""0.5"",""AmmoMinCount"":""0"",""AmmoMaxCount"":""6""}"
vanilla/Stalker2/Content/GameLite/GameData/ItemGeneratorPrototypes.cfg,ordinary role,Neutral,Recon,GeneralNPC_Neutral_Recon_ItemGenerator,GeneralNPC_Neutral_Recon_ItemGenerator,[0],"{""SID"":""GeneralNPC_Neutral_Recon_ItemGenerator"",""RefreshTime"":""1d"",""SpecificRewardSound"":""EUISound::SystemNotificationNews""}",[6],WeaponPrimary,ERank::Veteran,,EGameDifficulty::Stalker,{},[4],GeneralNPC_Neutral_Recon_ItemGenerator.ItemGenerator.[6].PossibleItems.[4],GunFora230_PP,,weight,1000,,,,0,6,0.25,0.5,"{""ItemPrototypeSID"":""GunFora230_PP"",""Weight"":""1000"",""MinDurability"":""0.25"",""MaxDurability"":""0.5"",""AmmoMinCount"":""0"",""AmmoMaxCount"":""6""}"
vanilla/Stalker2/Content/GameLite/GameData/ItemGeneratorPrototypes.cfg,ordinary role,Neutral,Recon,GeneralNPC_Neutral_Recon_ItemGenerator,GeneralNPC_Neutral_Recon_ItemGenerator,[0],"{""SID"":""GeneralNPC_Neutral_Recon_ItemGenerator"",""RefreshTime"":""1d"",""SpecificRewardSound"":""EUISound::SystemNotificationNews""}",[7],WeaponPrimary,ERank::Master,,EGameDifficulty::Stalker,{},[0],GeneralNPC_Neutral_Recon_ItemGenerator.ItemGenerator.[7].PossibleItems.[0],GunAKU_PP,,weight,500,,,,0,6,0.25,0.5,"{""ItemPrototypeSID"":""GunAKU_PP"",""Weight"":""500"",""MinDurability"":""0.25"",""MaxDurability"":""0.5"",""AmmoMinCount"":""0"",""AmmoMaxCount"":""6""}"
vanilla/Stalker2/Content/GameLite/GameData/ItemGeneratorPrototypes.cfg,ordinary role,Neutral,Recon,GeneralNPC_Neutral_Recon_ItemGenerator,GeneralNPC_Neutral_Recon_ItemGenerator,[0],"{""SID"":""GeneralNPC_Neutral_Recon_ItemGenerator"",""RefreshTime"":""1d"",""SpecificRewardSound"":""EUISound::SystemNotificationNews""}",[7],WeaponPrimary,ERank::Master,,EGameDifficulty::Stalker,{},[1],GeneralNPC_Neutral_Recon_ItemGenerator.ItemGenerator.[7].PossibleItems.[1],GunBucket_PP,,weight,1000,,,,0,6,0.25,0.5,"{""ItemPrototypeSID"":""GunBucket_PP"",""Weight"":""1000"",""MinDurability"":""0.25"",""MaxDurability"":""0.5"",""AmmoMinCount"":""0"",""AmmoMaxCount"":""6""}"
vanilla/Stalker2/Content/GameLite/GameData/ItemGeneratorPrototypes.cfg,ordinary role,Neutral,Recon,GeneralNPC_Neutral_Recon_ItemGenerator,GeneralNPC_Neutral_Recon_ItemGenerator,[0],"{""SID"":""GeneralNPC_Neutral_Recon_ItemGenerator"",""RefreshTime"":""1d"",""SpecificRewardSound"":""EUISound::SystemNotificationNews""}",[7],WeaponPrimary,ERank::Master,,EGameDifficulty::Stalker,{},[2],GeneralNPC_Neutral_Recon_ItemGenerator.ItemGenerator.[7].PossibleItems.[2],GunIntegral_PP,,weight,1000,,,,0,6,0.25,0.5,"{""ItemPrototypeSID"":""GunIntegral_PP"",""Weight"":""1000"",""MinDurability"":""0.25"",""MaxDurability"":""0.5"",""AmmoMinCount"":""0"",""AmmoMaxCount"":""6""}"
vanilla/Stalker2/Content/GameLite/GameData/ItemGeneratorPrototypes.cfg,ordinary role,Neutral,Recon,GeneralNPC_Neutral_Recon_ItemGenerator,GeneralNPC_Neutral_Recon_ItemGenerator,[0],"{""SID"":""GeneralNPC_Neutral_Recon_ItemGenerator"",""RefreshTime"":""1d"",""SpecificRewardSound"":""EUISound::SystemNotificationNews""}",[7],WeaponPrimary,ERank::Master,,EGameDifficulty::Stalker,{},[3],GeneralNPC_Neutral_Recon_ItemGenerator.ItemGenerator.[7].PossibleItems.[3],GunFora230_PP,,weight,1000,,,,0,6,0.25,0.5,"{""ItemPrototypeSID"":""GunFora230_PP"",""Weight"":""1000"",""MinDurability"":""0.25"",""MaxDurability"":""0.5"",""AmmoMinCount"":""0"",""AmmoMaxCount"":""6""}"
vanilla/Stalker2/Content/GameLite/GameData/ItemGeneratorPrototypes.cfg,ordinary role,Neutral,Recon,GeneralNPC_Neutral_Recon_ItemGenerator,GeneralNPC_Neutral_Recon_ItemGenerator,[0],"{""SID"":""GeneralNPC_Neutral_Recon_ItemGenerator"",""RefreshTime"":""1d"",""SpecificRewardSound"":""EUISound::SystemNotificationNews""}",[8],BodyArmor,ERank::Newbie,,,{},[0],GeneralNPC_Neutral_Recon_ItemGenerator.ItemGenerator.[8].PossibleItems.[0],Jemmy_Neutral_Armor,,weight,15.0,,,,,,,,"{""ItemPrototypeSID"":""Jemmy_Neutral_Armor"",""Weight"":""15.0""}"
vanilla/Stalker2/Content/GameLite/GameData/ItemGeneratorPrototypes.cfg,ordinary role,Neutral,Recon,GeneralNPC_Neutral_Recon_ItemGenerator,GeneralNPC_Neutral_Recon_ItemGenerator,[0],"{""SID"":""GeneralNPC_Neutral_Recon_ItemGenerator"",""RefreshTime"":""1d"",""SpecificRewardSound"":""EUISound::SystemNotificationNews""}",[8],BodyArmor,ERank::Newbie,,,{},[1],GeneralNPC_Neutral_Recon_ItemGenerator.ItemGenerator.[8].PossibleItems.[1],Newbee_Neutral_Armor,,weight,1.0,,,,,,,,"{""ItemPrototypeSID"":""Newbee_Neutral_Armor"",""Weight"":""1.0""}"
vanilla/Stalker2/Content/GameLite/GameData/ItemGeneratorPrototypes.cfg,ordinary role,Neutral,Recon,GeneralNPC_Neutral_Recon_ItemGenerator,GeneralNPC_Neutral_Recon_ItemGenerator,[0],"{""SID"":""GeneralNPC_Neutral_Recon_ItemGenerator"",""RefreshTime"":""1d"",""SpecificRewardSound"":""EUISound::SystemNotificationNews""}",[8],BodyArmor,ERank::Newbie,,,{},[2],GeneralNPC_Neutral_Recon_ItemGenerator.ItemGenerator.[8].PossibleItems.[2],NPC_Sel_Neutral_Armor,,weight,4.0,,,,,,,,"{""ItemPrototypeSID"":""NPC_Sel_Neutral_Armor"",""Weight"":""4.0""}"
vanilla/Stalker2/Content/GameLite/GameData/ItemGeneratorPrototypes.cfg,ordinary role,Neutral,Recon,GeneralNPC_Neutral_Recon_ItemGenerator,GeneralNPC_Neutral_Recon_ItemGenerator,[0],"{""SID"":""GeneralNPC_Neutral_Recon_ItemGenerator"",""RefreshTime"":""1d"",""SpecificRewardSound"":""EUISound::SystemNotificationNews""}",[9],BodyArmor,ERank::Experienced,,,{},[0],GeneralNPC_Neutral_Recon_ItemGenerator.ItemGenerator.[9].PossibleItems.[0],Nasos_Neutral_Armor,,weight,1.0,,,,,,,,"{""ItemPrototypeSID"":""Nasos_Neutral_Armor"",""Weight"":""1.0""}"
vanilla/Stalker2/Content/GameLite/GameData/ItemGeneratorPrototypes.cfg,ordinary role,Neutral,Recon,GeneralNPC_Neutral_Recon_ItemGenerator,GeneralNPC_Neutral_Recon_ItemGenerator,[0],"{""SID"":""GeneralNPC_Neutral_Recon_ItemGenerator"",""RefreshTime"":""1d"",""SpecificRewardSound"":""EUISound::SystemNotificationNews""}",[9],BodyArmor,ERank::Experienced,,,{},[1],GeneralNPC_Neutral_Recon_ItemGenerator.ItemGenerator.[9].PossibleItems.[1],Zorya_Neutral_Armor,,weight,1.0,,,,,,,,"{""ItemPrototypeSID"":""Zorya_Neutral_Armor"",""Weight"":""1.0""}"
vanilla/Stalker2/Content/GameLite/GameData/ItemGeneratorPrototypes.cfg,ordinary role,Neutral,Recon,GeneralNPC_Neutral_Recon_ItemGenerator,GeneralNPC_Neutral_Recon_ItemGenerator,[0],"{""SID"":""GeneralNPC_Neutral_Recon_ItemGenerator"",""RefreshTime"":""1d"",""SpecificRewardSound"":""EUISound::SystemNotificationNews""}",[10],BodyArmor,ERank::Veteran,,,{},[0],GeneralNPC_Neutral_Recon_ItemGenerator.ItemGenerator.[10].PossibleItems.[0],SEVA_Neutral_Armor,,weight,2.0,,,,,,,,"{""ItemPrototypeSID"":""SEVA_Neutral_Armor"",""Weight"":""2.0""}"
vanilla/Stalker2/Content/GameLite/GameData/ItemGeneratorPrototypes.cfg,ordinary role,Neutral,Recon,GeneralNPC_Neutral_Recon_ItemGenerator,GeneralNPC_Neutral_Recon_ItemGenerator,[0],"{""SID"":""GeneralNPC_Neutral_Recon_ItemGenerator"",""RefreshTime"":""1d"",""SpecificRewardSound"":""EUISound::SystemNotificationNews""}",[10],BodyArmor,ERank::Veteran,,,{},[1],GeneralNPC_Neutral_Recon_ItemGenerator.ItemGenerator.[10].PossibleItems.[1],NPC_Cloak_Heavy_Neutral_Armor,,weight,2.0,,,,,,,,"{""ItemPrototypeSID"":""NPC_Cloak_Heavy_Neutral_Armor"",""Weight"":""2.0""}"
vanilla/Stalker2/Content/GameLite/GameData/ItemGeneratorPrototypes.cfg,ordinary role,Neutral,Recon,GeneralNPC_Neutral_Recon_ItemGenerator,GeneralNPC_Neutral_Recon_ItemGenerator,[0],"{""SID"":""GeneralNPC_Neutral_Recon_ItemGenerator"",""RefreshTime"":""1d"",""SpecificRewardSound"":""EUISound::SystemNotificationNews""}",[11],BodyArmor,ERank::Master,,,{},[0],GeneralNPC_Neutral_Recon_ItemGenerator.ItemGenerator.[11].PossibleItems.[0],Exoskeleton_Neutral_Armor,,weight,2.0,,,,,,,,"{""ItemPrototypeSID"":""Exoskeleton_Neutral_Armor"",""Weight"":""2.0""}"
vanilla/Stalker2/Content/GameLite/GameData/ItemGeneratorPrototypes.cfg,ordinary role,Neutral,Recon,GeneralNPC_Neutral_Recon_ItemGenerator,GeneralNPC_Neutral_Recon_ItemGenerator,[0],"{""SID"":""GeneralNPC_Neutral_Recon_ItemGenerator"",""RefreshTime"":""1d"",""SpecificRewardSound"":""EUISound::SystemNotificationNews""}",[11],BodyArmor,ERank::Master,,,{},[1],GeneralNPC_Neutral_Recon_ItemGenerator.ItemGenerator.[11].PossibleItems.[1],SEVA_Neutral_Armor,,weight,1.0,,,,,,,,"{""ItemPrototypeSID"":""SEVA_Neutral_Armor"",""Weight"":""1.0""}"
vanilla/Stalker2/Content/GameLite/GameData/ItemGeneratorPrototypes.cfg,ordinary role,Neutral,Recon,GeneralNPC_Neutral_Recon_ItemGenerator,GeneralNPC_Neutral_Recon_ItemGenerator,[0],"{""SID"":""GeneralNPC_Neutral_Recon_ItemGenerator"",""RefreshTime"":""1d"",""SpecificRewardSound"":""EUISound::SystemNotificationNews""}",[11],BodyArmor,ERank::Master,,,{},[2],GeneralNPC_Neutral_Recon_ItemGenerator.ItemGenerator.[11].PossibleItems.[2],NPC_Cloak_Heavy_Neutral_Armor,,weight,2.0,,,,,,,,"{""ItemPrototypeSID"":""NPC_Cloak_Heavy_Neutral_Armor"",""Weight"":""2.0""}"
vanilla/Stalker2/Content/GameLite/GameData/ItemGeneratorPrototypes.cfg,ordinary role,Neutral,Recon,GeneralNPC_Neutral_Recon_ItemGenerator,GeneralNPC_Neutral_Recon_ItemGenerator,[0],"{""SID"":""GeneralNPC_Neutral_Recon_ItemGenerator"",""RefreshTime"":""1d"",""SpecificRewardSound"":""EUISound::SystemNotificationNews""}",[12],Head,"ERank::Newbie, ERank::Experienced",,,{},[0],GeneralNPC_Neutral_Recon_ItemGenerator.ItemGenerator.[12].PossibleItems.[0],Light_Neutral_Helmet,,chance,,0.3,,,,,,,"{""ItemPrototypeSID"":""Light_Neutral_Helmet"",""Chance"":""0.3""}"
vanilla/Stalker2/Content/GameLite/GameData/ItemGeneratorPrototypes.cfg,ordinary role,Neutral,Recon,GeneralNPC_Neutral_Recon_ItemGenerator,GeneralNPC_Neutral_Recon_ItemGenerator,[0],"{""SID"":""GeneralNPC_Neutral_Recon_ItemGenerator"",""RefreshTime"":""1d"",""SpecificRewardSound"":""EUISound::SystemNotificationNews""}",[13],Head,"ERank::Veteran, ERank::Master",,,{},[0],GeneralNPC_Neutral_Recon_ItemGenerator.ItemGenerator.[13].PossibleItems.[0],Light_Neutral_Helmet,,chance,,0.7,,,,,,,"{""ItemPrototypeSID"":""Light_Neutral_Helmet"",""Chance"":""0.7""}"
vanilla/Stalker2/Content/GameLite/GameData/ItemGeneratorPrototypes.cfg,ordinary role,Neutral,Recon,GeneralNPC_Neutral_Recon_ItemGenerator,GeneralNPC_Neutral_Recon_ItemGenerator,[0],"{""SID"":""GeneralNPC_Neutral_Recon_ItemGenerator"",""RefreshTime"":""1d"",""SpecificRewardSound"":""EUISound::SystemNotificationNews""}",[14],SubItemGenerator,,,,{},[0],GeneralNPC_Neutral_Recon_ItemGenerator.ItemGenerator.[14].PossibleItems.[0],,GeneralNPC_Consumables_Recon,weight,1,,,,,,,,"{""ItemGeneratorPrototypeSID"":""GeneralNPC_Consumables_Recon"",""Weight"":""1""}"
vanilla/Stalker2/Content/GameLite/GameData/ItemGeneratorPrototypes.cfg,ordinary role,Neutral,Recon,GeneralNPC_Neutral_Recon_ItemGenerator,GeneralNPC_Neutral_Recon_ItemGenerator,[0],"{""SID"":""GeneralNPC_Neutral_Recon_ItemGenerator"",""RefreshTime"":""1d"",""SpecificRewardSound"":""EUISound::SystemNotificationNews""}",[15],Artifact,,,,{},[0],GeneralNPC_Neutral_Recon_ItemGenerator.ItemGenerator.[15].PossibleItems.[0],GrenadeRGD5,,chance,,0.2,1,1,,,,,"{""ItemPrototypeSID"":""GrenadeRGD5"",""Chance"":""0.2"",""MinCount"":""1"",""MaxCount"":""1""}"
vanilla/Stalker2/Content/GameLite/GameData/ItemGeneratorPrototypes.cfg,ordinary role,Neutral,Recon,GeneralNPC_Neutral_Recon_ItemGenerator,GeneralNPC_Neutral_Recon_ItemGenerator,[0],"{""SID"":""GeneralNPC_Neutral_Recon_ItemGenerator"",""RefreshTime"":""1d"",""SpecificRewardSound"":""EUISound::SystemNotificationNews""}",[16],Detector,,,,{},[0],GeneralNPC_Neutral_Recon_ItemGenerator.ItemGenerator.[16].PossibleItems.[0],Echo,,chance,,0.05,1,,,,,,"{""ItemPrototypeSID"":""Echo"",""Chance"":""0.05"",""MinCount"":""1""}"
vanilla/Stalker2/Content/GameLite/GameData/ItemGeneratorPrototypes.cfg,ordinary role,Neutral,Recon,GeneralNPC_Neutral_Recon_ItemGenerator,GeneralNPC_Neutral_Recon_ItemGenerator,[0],"{""SID"":""GeneralNPC_Neutral_Recon_ItemGenerator"",""RefreshTime"":""1d"",""SpecificRewardSound"":""EUISound::SystemNotificationNews""}",[17],SubItemGenerator,,,,{},[0],GeneralNPC_Neutral_Recon_ItemGenerator.ItemGenerator.[17].PossibleItems.[0],,GeneralNPC_Neutral_NVG,chance,,1,,,,,,,"{""ItemGeneratorPrototypeSID"":""GeneralNPC_Neutral_NVG"",""Chance"":""1""}"
vanilla/Stalker2/Content/GameLite/GameData/ItemGeneratorPrototypes.cfg,ordinary role,Neutral,Sniper,GeneralNPC_Neutral_Sniper_ItemGenerator,GeneralNPC_Neutral_Sniper_ItemGenerator,[0],"{""SID"":""GeneralNPC_Neutral_Sniper_ItemGenerator"",""RefreshTime"":""1d"",""SpecificRewardSound"":""EUISound::SystemNotificationNews""}",[0],WeaponPrimary,ERank::Newbie,,"EGameDifficulty::Easy, EGameDifficulty::Medium, EGameDifficulty::Hard",{},[0],GeneralNPC_Neutral_Sniper_ItemGenerator.ItemGenerator.[0].PossibleItems.[0],GunThreeLine_SP,,weight,1,,,,0,7,0.25,0.5,"{""ItemPrototypeSID"":""GunThreeLine_SP"",""Weight"":""1"",""MinDurability"":""0.25"",""MaxDurability"":""0.5"",""AmmoMinCount"":""0"",""AmmoMaxCount"":""7""}"
vanilla/Stalker2/Content/GameLite/GameData/ItemGeneratorPrototypes.cfg,ordinary role,Neutral,Sniper,GeneralNPC_Neutral_Sniper_ItemGenerator,GeneralNPC_Neutral_Sniper_ItemGenerator,[0],"{""SID"":""GeneralNPC_Neutral_Sniper_ItemGenerator"",""RefreshTime"":""1d"",""SpecificRewardSound"":""EUISound::SystemNotificationNews""}",[1],WeaponPrimary,ERank::Experienced,,"EGameDifficulty::Easy, EGameDifficulty::Medium, EGameDifficulty::Hard",{},[0],GeneralNPC_Neutral_Sniper_ItemGenerator.ItemGenerator.[1].PossibleItems.[0],GunAK74_ST,,weight,500,,,,0,7,0.25,0.5,"{""ItemPrototypeSID"":""GunAK74_ST"",""Weight"":""500"",""MinDurability"":""0.25"",""MaxDurability"":""0.5"",""AmmoMinCount"":""0"",""AmmoMaxCount"":""7""}"
vanilla/Stalker2/Content/GameLite/GameData/ItemGeneratorPrototypes.cfg,ordinary role,Neutral,Sniper,GeneralNPC_Neutral_Sniper_ItemGenerator,GeneralNPC_Neutral_Sniper_ItemGenerator,[0],"{""SID"":""GeneralNPC_Neutral_Sniper_ItemGenerator"",""RefreshTime"":""1d"",""SpecificRewardSound"":""EUISound::SystemNotificationNews""}",[1],WeaponPrimary,ERank::Experienced,,"EGameDifficulty::Easy, EGameDifficulty::Medium, EGameDifficulty::Hard",{},[1],GeneralNPC_Neutral_Sniper_ItemGenerator.ItemGenerator.[1].PossibleItems.[1],GunM16_ST,,weight,1000,,,,0,7,0.25,0.5,"{""ItemPrototypeSID"":""GunM16_ST"",""Weight"":""1000"",""MinDurability"":""0.25"",""MaxDurability"":""0.5"",""AmmoMinCount"":""0"",""AmmoMaxCount"":""7""}"
vanilla/Stalker2/Content/GameLite/GameData/ItemGeneratorPrototypes.cfg,ordinary role,Neutral,Sniper,GeneralNPC_Neutral_Sniper_ItemGenerator,GeneralNPC_Neutral_Sniper_ItemGenerator,[0],"{""SID"":""GeneralNPC_Neutral_Sniper_ItemGenerator"",""RefreshTime"":""1d"",""SpecificRewardSound"":""EUISound::SystemNotificationNews""}",[1],WeaponPrimary,ERank::Experienced,,"EGameDifficulty::Easy, EGameDifficulty::Medium, EGameDifficulty::Hard",{},[2],GeneralNPC_Neutral_Sniper_ItemGenerator.ItemGenerator.[1].PossibleItems.[2],GunFora_ST,,weight,100,,,,0,7,0.25,0.5,"{""ItemPrototypeSID"":""GunFora_ST"",""Weight"":""100"",""MinDurability"":""0.25"",""MaxDurability"":""0.5"",""AmmoMinCount"":""0"",""AmmoMaxCount"":""7""}"
vanilla/Stalker2/Content/GameLite/GameData/ItemGeneratorPrototypes.cfg,ordinary role,Neutral,Sniper,GeneralNPC_Neutral_Sniper_ItemGenerator,GeneralNPC_Neutral_Sniper_ItemGenerator,[0],"{""SID"":""GeneralNPC_Neutral_Sniper_ItemGenerator"",""RefreshTime"":""1d"",""SpecificRewardSound"":""EUISound::SystemNotificationNews""}",[1],WeaponPrimary,ERank::Experienced,,"EGameDifficulty::Easy, EGameDifficulty::Medium, EGameDifficulty::Hard",{},[3],GeneralNPC_Neutral_Sniper_ItemGenerator.ItemGenerator.[1].PossibleItems.[3],GunGvintar_ST,,weight,100,,,,0,7,0.25,0.5,"{""ItemPrototypeSID"":""GunGvintar_ST"",""Weight"":""100"",""MinDurability"":""0.25"",""MaxDurability"":""0.5"",""AmmoMinCount"":""0"",""AmmoMaxCount"":""7""}"
vanilla/Stalker2/Content/GameLite/GameData/ItemGeneratorPrototypes.cfg,ordinary role,Neutral,Sniper,GeneralNPC_Neutral_Sniper_ItemGenerator,GeneralNPC_Neutral_Sniper_ItemGenerator,[0],"{""SID"":""GeneralNPC_Neutral_Sniper_ItemGenerator"",""RefreshTime"":""1d"",""SpecificRewardSound"":""EUISound::SystemNotificationNews""}",[1],WeaponPrimary,ERank::Experienced,,"EGameDifficulty::Easy, EGameDifficulty::Medium, EGameDifficulty::Hard",{},[4],GeneralNPC_Neutral_Sniper_ItemGenerator.ItemGenerator.[1].PossibleItems.[4],GunSVDM_SP,,weight,100,,,,0,7,0.25,0.5,"{""ItemPrototypeSID"":""GunSVDM_SP"",""Weight"":""100"",""MinDurability"":""0.25"",""MaxDurability"":""0.5"",""AmmoMinCount"":""0"",""AmmoMaxCount"":""7""}"
vanilla/Stalker2/Content/GameLite/GameData/ItemGeneratorPrototypes.cfg,ordinary role,Neutral,Sniper,GeneralNPC_Neutral_Sniper_ItemGenerator,GeneralNPC_Neutral_Sniper_ItemGenerator,[0],"{""SID"":""GeneralNPC_Neutral_Sniper_ItemGenerator"",""RefreshTime"":""1d"",""SpecificRewardSound"":""EUISound::SystemNotificationNews""}",[1],WeaponPrimary,ERank::Experienced,,"EGameDifficulty::Easy, EGameDifficulty::Medium, EGameDifficulty::Hard",{},[5],GeneralNPC_Neutral_Sniper_ItemGenerator.ItemGenerator.[1].PossibleItems.[5],GunThreeLine_SP,,weight,100,,,,0,7,0.25,0.5,"{""ItemPrototypeSID"":""GunThreeLine_SP"",""Weight"":""100"",""MinDurability"":""0.25"",""MaxDurability"":""0.5"",""AmmoMinCount"":""0"",""AmmoMaxCount"":""7""}"
vanilla/Stalker2/Content/GameLite/GameData/ItemGeneratorPrototypes.cfg,ordinary role,Neutral,Sniper,GeneralNPC_Neutral_Sniper_ItemGenerator,GeneralNPC_Neutral_Sniper_ItemGenerator,[0],"{""SID"":""GeneralNPC_Neutral_Sniper_ItemGenerator"",""RefreshTime"":""1d"",""SpecificRewardSound"":""EUISound::SystemNotificationNews""}",[1],WeaponPrimary,ERank::Experienced,,"EGameDifficulty::Easy, EGameDifficulty::Medium, EGameDifficulty::Hard",{},[6],GeneralNPC_Neutral_Sniper_ItemGenerator.ItemGenerator.[1].PossibleItems.[6],GunSKP_DMR,,weight,100,,,,0,2,0.25,0.5,"{""ItemPrototypeSID"":""GunSKP_DMR"",""Weight"":""100"",""MinDurability"":""0.25"",""MaxDurability"":""0.5"",""AmmoMinCount"":""0"",""AmmoMaxCount"":""2""}"
vanilla/Stalker2/Content/GameLite/GameData/ItemGeneratorPrototypes.cfg,ordinary role,Neutral,Sniper,GeneralNPC_Neutral_Sniper_ItemGenerator,GeneralNPC_Neutral_Sniper_ItemGenerator,[0],"{""SID"":""GeneralNPC_Neutral_Sniper_ItemGenerator"",""RefreshTime"":""1d"",""SpecificRewardSound"":""EUISound::SystemNotificationNews""}",[2],WeaponPrimary,ERank::Veteran,,"EGameDifficulty::Easy, EGameDifficulty::Medium, EGameDifficulty::Hard",{},[0],GeneralNPC_Neutral_Sniper_ItemGenerator.ItemGenerator.[2].PossibleItems.[0],GunSVDM_SP,,weight,1000,,,,3,5,0.25,0.5,"{""ItemPrototypeSID"":""GunSVDM_SP"",""Weight"":""1000"",""MinDurability"":""0.25"",""MaxDurability"":""0.5"",""AmmoMinCount"":""3"",""AmmoMaxCount"":""5""}"
vanilla/Stalker2/Content/GameLite/GameData/ItemGeneratorPrototypes.cfg,ordinary role,Neutral,Sniper,GeneralNPC_Neutral_Sniper_ItemGenerator,GeneralNPC_Neutral_Sniper_ItemGenerator,[0],"{""SID"":""GeneralNPC_Neutral_Sniper_ItemGenerator"",""RefreshTime"":""1d"",""SpecificRewardSound"":""EUISound::SystemNotificationNews""}",[2],WeaponPrimary,ERank::Veteran,,"EGameDifficulty::Easy, EGameDifficulty::Medium, EGameDifficulty::Hard",{},[1],GeneralNPC_Neutral_Sniper_ItemGenerator.ItemGenerator.[2].PossibleItems.[1],GunSKP_DMR,,weight,1000,,,,0,2,0.25,0.5,"{""ItemPrototypeSID"":""GunSKP_DMR"",""Weight"":""1000"",""MinDurability"":""0.25"",""MaxDurability"":""0.5"",""AmmoMinCount"":""0"",""AmmoMaxCount"":""2""}"
vanilla/Stalker2/Content/GameLite/GameData/ItemGeneratorPrototypes.cfg,ordinary role,Neutral,Sniper,GeneralNPC_Neutral_Sniper_ItemGenerator,GeneralNPC_Neutral_Sniper_ItemGenerator,[0],"{""SID"":""GeneralNPC_Neutral_Sniper_ItemGenerator"",""RefreshTime"":""1d"",""SpecificRewardSound"":""EUISound::SystemNotificationNews""}",[3],WeaponPrimary,ERank::Master,,"EGameDifficulty::Easy, EGameDifficulty::Medium, EGameDifficulty::Hard",{},[0],GeneralNPC_Neutral_Sniper_ItemGenerator.ItemGenerator.[3].PossibleItems.[0],GunSVDM_SP,,weight,1000,,,,3,5,0.25,0.5,"{""ItemPrototypeSID"":""GunSVDM_SP"",""Weight"":""1000"",""MinDurability"":""0.25"",""MaxDurability"":""0.5"",""AmmoMinCount"":""3"",""AmmoMaxCount"":""5""}"
vanilla/Stalker2/Content/GameLite/GameData/ItemGeneratorPrototypes.cfg,ordinary role,Neutral,Sniper,GeneralNPC_Neutral_Sniper_ItemGenerator,GeneralNPC_Neutral_Sniper_ItemGenerator,[0],"{""SID"":""GeneralNPC_Neutral_Sniper_ItemGenerator"",""RefreshTime"":""1d"",""SpecificRewardSound"":""EUISound::SystemNotificationNews""}",[3],WeaponPrimary,ERank::Master,,"EGameDifficulty::Easy, EGameDifficulty::Medium, EGameDifficulty::Hard",{},[1],GeneralNPC_Neutral_Sniper_ItemGenerator.ItemGenerator.[3].PossibleItems.[1],GunSKP_DMR,,weight,1000,,,,0,2,0.25,0.5,"{""ItemPrototypeSID"":""GunSKP_DMR"",""Weight"":""1000"",""MinDurability"":""0.25"",""MaxDurability"":""0.5"",""AmmoMinCount"":""0"",""AmmoMaxCount"":""2""}"
vanilla/Stalker2/Content/GameLite/GameData/ItemGeneratorPrototypes.cfg,ordinary role,Neutral,Sniper,GeneralNPC_Neutral_Sniper_ItemGenerator,GeneralNPC_Neutral_Sniper_ItemGenerator,[0],"{""SID"":""GeneralNPC_Neutral_Sniper_ItemGenerator"",""RefreshTime"":""1d"",""SpecificRewardSound"":""EUISound::SystemNotificationNews""}",[3],WeaponPrimary,ERank::Master,,"EGameDifficulty::Easy, EGameDifficulty::Medium, EGameDifficulty::Hard",{},[2],GeneralNPC_Neutral_Sniper_ItemGenerator.ItemGenerator.[3].PossibleItems.[2],GunGP3A_DMR,,weight,100,,,,0,2,0.25,0.5,"{""ItemPrototypeSID"":""GunGP3A_DMR"",""Weight"":""100"",""MinDurability"":""0.25"",""MaxDurability"":""0.5"",""AmmoMinCount"":""0"",""AmmoMaxCount"":""2""}"
vanilla/Stalker2/Content/GameLite/GameData/ItemGeneratorPrototypes.cfg,ordinary role,Neutral,Sniper,GeneralNPC_Neutral_Sniper_ItemGenerator,GeneralNPC_Neutral_Sniper_ItemGenerator,[0],"{""SID"":""GeneralNPC_Neutral_Sniper_ItemGenerator"",""RefreshTime"":""1d"",""SpecificRewardSound"":""EUISound::SystemNotificationNews""}",[4],WeaponPrimary,ERank::Newbie,,EGameDifficulty::Stalker,{},[0],GeneralNPC_Neutral_Sniper_ItemGenerator.ItemGenerator.[4].PossibleItems.[0],GunThreeLine_SP,,weight,1,,,,0,6,0.25,0.5,"{""ItemPrototypeSID"":""GunThreeLine_SP"",""Weight"":""1"",""MinDurability"":""0.25"",""MaxDurability"":""0.5"",""AmmoMinCount"":""0"",""AmmoMaxCount"":""6""}"
vanilla/Stalker2/Content/GameLite/GameData/ItemGeneratorPrototypes.cfg,ordinary role,Neutral,Sniper,GeneralNPC_Neutral_Sniper_ItemGenerator,GeneralNPC_Neutral_Sniper_ItemGenerator,[0],"{""SID"":""GeneralNPC_Neutral_Sniper_ItemGenerator"",""RefreshTime"":""1d"",""SpecificRewardSound"":""EUISound::SystemNotificationNews""}",[5],WeaponPrimary,ERank::Experienced,,EGameDifficulty::Stalker,{},[0],GeneralNPC_Neutral_Sniper_ItemGenerator.ItemGenerator.[5].PossibleItems.[0],GunAK74_ST,,weight,500,,,,0,6,0.25,0.5,"{""ItemPrototypeSID"":""GunAK74_ST"",""Weight"":""500"",""MinDurability"":""0.25"",""MaxDurability"":""0.5"",""AmmoMinCount"":""0"",""AmmoMaxCount"":""6""}"
vanilla/Stalker2/Content/GameLite/GameData/ItemGeneratorPrototypes.cfg,ordinary role,Neutral,Sniper,GeneralNPC_Neutral_Sniper_ItemGenerator,GeneralNPC_Neutral_Sniper_ItemGenerator,[0],"{""SID"":""GeneralNPC_Neutral_Sniper_ItemGenerator"",""RefreshTime"":""1d"",""SpecificRewardSound"":""EUISound::SystemNotificationNews""}",[5],WeaponPrimary,ERank::Experienced,,EGameDifficulty::Stalker,{},[1],GeneralNPC_Neutral_Sniper_ItemGenerator.ItemGenerator.[5].PossibleItems.[1],GunM16_ST,,weight,1000,,,,0,6,0.25,0.5,"{""ItemPrototypeSID"":""GunM16_ST"",""Weight"":""1000"",""MinDurability"":""0.25"",""MaxDurability"":""0.5"",""AmmoMinCount"":""0"",""AmmoMaxCount"":""6""}"
vanilla/Stalker2/Content/GameLite/GameData/ItemGeneratorPrototypes.cfg,ordinary role,Neutral,Sniper,GeneralNPC_Neutral_Sniper_ItemGenerator,GeneralNPC_Neutral_Sniper_ItemGenerator,[0],"{""SID"":""GeneralNPC_Neutral_Sniper_ItemGenerator"",""RefreshTime"":""1d"",""SpecificRewardSound"":""EUISound::SystemNotificationNews""}",[5],WeaponPrimary,ERank::Experienced,,EGameDifficulty::Stalker,{},[2],GeneralNPC_Neutral_Sniper_ItemGenerator.ItemGenerator.[5].PossibleItems.[2],GunFora_ST,,weight,100,,,,0,6,0.25,0.5,"{""ItemPrototypeSID"":""GunFora_ST"",""Weight"":""100"",""MinDurability"":""0.25"",""MaxDurability"":""0.5"",""AmmoMinCount"":""0"",""AmmoMaxCount"":""6""}"
vanilla/Stalker2/Content/GameLite/GameData/ItemGeneratorPrototypes.cfg,ordinary role,Neutral,Sniper,GeneralNPC_Neutral_Sniper_ItemGenerator,GeneralNPC_Neutral_Sniper_ItemGenerator,[0],"{""SID"":""GeneralNPC_Neutral_Sniper_ItemGenerator"",""RefreshTime"":""1d"",""SpecificRewardSound"":""EUISound::SystemNotificationNews""}",[5],WeaponPrimary,ERank::Experienced,,EGameDifficulty::Stalker,{},[3],GeneralNPC_Neutral_Sniper_ItemGenerator.ItemGenerator.[5].PossibleItems.[3],GunGvintar_ST,,weight,100,,,,0,6,0.25,0.5,"{""ItemPrototypeSID"":""GunGvintar_ST"",""Weight"":""100"",""MinDurability"":""0.25"",""MaxDurability"":""0.5"",""AmmoMinCount"":""0"",""AmmoMaxCount"":""6""}"
vanilla/Stalker2/Content/GameLite/GameData/ItemGeneratorPrototypes.cfg,ordinary role,Neutral,Sniper,GeneralNPC_Neutral_Sniper_ItemGenerator,GeneralNPC_Neutral_Sniper_ItemGenerator,[0],"{""SID"":""GeneralNPC_Neutral_Sniper_ItemGenerator"",""RefreshTime"":""1d"",""SpecificRewardSound"":""EUISound::SystemNotificationNews""}",[5],WeaponPrimary,ERank::Experienced,,EGameDifficulty::Stalker,{},[4],GeneralNPC_Neutral_Sniper_ItemGenerator.ItemGenerator.[5].PossibleItems.[4],GunSVDM_SP,,weight,100,,,,0,6,0.25,0.5,"{""ItemPrototypeSID"":""GunSVDM_SP"",""Weight"":""100"",""MinDurability"":""0.25"",""MaxDurability"":""0.5"",""AmmoMinCount"":""0"",""AmmoMaxCount"":""6""}"
vanilla/Stalker2/Content/GameLite/GameData/ItemGeneratorPrototypes.cfg,ordinary role,Neutral,Sniper,GeneralNPC_Neutral_Sniper_ItemGenerator,GeneralNPC_Neutral_Sniper_ItemGenerator,[0],"{""SID"":""GeneralNPC_Neutral_Sniper_ItemGenerator"",""RefreshTime"":""1d"",""SpecificRewardSound"":""EUISound::SystemNotificationNews""}",[5],WeaponPrimary,ERank::Experienced,,EGameDifficulty::Stalker,{},[5],GeneralNPC_Neutral_Sniper_ItemGenerator.ItemGenerator.[5].PossibleItems.[5],GunThreeLine_SP,,weight,100,,,,0,6,0.25,0.5,"{""ItemPrototypeSID"":""GunThreeLine_SP"",""Weight"":""100"",""MinDurability"":""0.25"",""MaxDurability"":""0.5"",""AmmoMinCount"":""0"",""AmmoMaxCount"":""6""}"
vanilla/Stalker2/Content/GameLite/GameData/ItemGeneratorPrototypes.cfg,ordinary role,Neutral,Sniper,GeneralNPC_Neutral_Sniper_ItemGenerator,GeneralNPC_Neutral_Sniper_ItemGenerator,[0],"{""SID"":""GeneralNPC_Neutral_Sniper_ItemGenerator"",""RefreshTime"":""1d"",""SpecificRewardSound"":""EUISound::SystemNotificationNews""}",[6],WeaponPrimary,ERank::Veteran,,EGameDifficulty::Stalker,{},[0],GeneralNPC_Neutral_Sniper_ItemGenerator.ItemGenerator.[6].PossibleItems.[0],GunSVDM_SP,,weight,1000,,,,3,5,0.25,0.5,"{""ItemPrototypeSID"":""GunSVDM_SP"",""Weight"":""1000"",""MinDurability"":""0.25"",""MaxDurability"":""0.5"",""AmmoMinCount"":""3"",""AmmoMaxCount"":""5""}"
vanilla/Stalker2/Content/GameLite/GameData/ItemGeneratorPrototypes.cfg,ordinary role,Neutral,Sniper,GeneralNPC_Neutral_Sniper_ItemGenerator,GeneralNPC_Neutral_Sniper_ItemGenerator,[0],"{""SID"":""GeneralNPC_Neutral_Sniper_ItemGenerator"",""RefreshTime"":""1d"",""SpecificRewardSound"":""EUISound::SystemNotificationNews""}",[6],WeaponPrimary,ERank::Veteran,,EGameDifficulty::Stalker,{},[1],GeneralNPC_Neutral_Sniper_ItemGenerator.ItemGenerator.[6].PossibleItems.[1],GunSKP_DMR,,weight,1000,,,,0,2,0.25,0.5,"{""ItemPrototypeSID"":""GunSKP_DMR"",""Weight"":""1000"",""MinDurability"":""0.25"",""MaxDurability"":""0.5"",""AmmoMinCount"":""0"",""AmmoMaxCount"":""2""}"
vanilla/Stalker2/Content/GameLite/GameData/ItemGeneratorPrototypes.cfg,ordinary role,Neutral,Sniper,GeneralNPC_Neutral_Sniper_ItemGenerator,GeneralNPC_Neutral_Sniper_ItemGenerator,[0],"{""SID"":""GeneralNPC_Neutral_Sniper_ItemGenerator"",""RefreshTime"":""1d"",""SpecificRewardSound"":""EUISound::SystemNotificationNews""}",[7],WeaponPrimary,ERank::Master,,EGameDifficulty::Stalker,{},[0],GeneralNPC_Neutral_Sniper_ItemGenerator.ItemGenerator.[7].PossibleItems.[0],GunSVDM_SP,,weight,1000,,,,3,5,0.25,0.5,"{""ItemPrototypeSID"":""GunSVDM_SP"",""Weight"":""1000"",""MinDurability"":""0.25"",""MaxDurability"":""0.5"",""AmmoMinCount"":""3"",""AmmoMaxCount"":""5""}"
vanilla/Stalker2/Content/GameLite/GameData/ItemGeneratorPrototypes.cfg,ordinary role,Neutral,Sniper,GeneralNPC_Neutral_Sniper_ItemGenerator,GeneralNPC_Neutral_Sniper_ItemGenerator,[0],"{""SID"":""GeneralNPC_Neutral_Sniper_ItemGenerator"",""RefreshTime"":""1d"",""SpecificRewardSound"":""EUISound::SystemNotificationNews""}",[7],WeaponPrimary,ERank::Master,,EGameDifficulty::Stalker,{},[1],GeneralNPC_Neutral_Sniper_ItemGenerator.ItemGenerator.[7].PossibleItems.[1],GunSKP_DMR,,weight,1000,,,,0,2,0.25,0.5,"{""ItemPrototypeSID"":""GunSKP_DMR"",""Weight"":""1000"",""MinDurability"":""0.25"",""MaxDurability"":""0.5"",""AmmoMinCount"":""0"",""AmmoMaxCount"":""2""}"
vanilla/Stalker2/Content/GameLite/GameData/ItemGeneratorPrototypes.cfg,ordinary role,Neutral,Sniper,GeneralNPC_Neutral_Sniper_ItemGenerator,GeneralNPC_Neutral_Sniper_ItemGenerator,[0],"{""SID"":""GeneralNPC_Neutral_Sniper_ItemGenerator"",""RefreshTime"":""1d"",""SpecificRewardSound"":""EUISound::SystemNotificationNews""}",[7],WeaponPrimary,ERank::Master,,EGameDifficulty::Stalker,{},[2],GeneralNPC_Neutral_Sniper_ItemGenerator.ItemGenerator.[7].PossibleItems.[2],GunGP3A_DMR,,weight,100,,,,0,2,0.25,0.5,"{""ItemPrototypeSID"":""GunGP3A_DMR"",""Weight"":""100"",""MinDurability"":""0.25"",""MaxDurability"":""0.5"",""AmmoMinCount"":""0"",""AmmoMaxCount"":""2""}"
vanilla/Stalker2/Content/GameLite/GameData/ItemGeneratorPrototypes.cfg,ordinary role,Neutral,Sniper,GeneralNPC_Neutral_Sniper_ItemGenerator,GeneralNPC_Neutral_Sniper_ItemGenerator,[0],"{""SID"":""GeneralNPC_Neutral_Sniper_ItemGenerator"",""RefreshTime"":""1d"",""SpecificRewardSound"":""EUISound::SystemNotificationNews""}",[8],SubItemGenerator,,,,{},[0],GeneralNPC_Neutral_Sniper_ItemGenerator.ItemGenerator.[8].PossibleItems.[0],,GeneralNPC_Neutral_WeaponPistol,chance,,1.0,,,,,,,"{""ItemGeneratorPrototypeSID"":""GeneralNPC_Neutral_WeaponPistol"",""Chance"":""1.0""}"
vanilla/Stalker2/Content/GameLite/GameData/ItemGeneratorPrototypes.cfg,ordinary role,Neutral,Sniper,GeneralNPC_Neutral_Sniper_ItemGenerator,GeneralNPC_Neutral_Sniper_ItemGenerator,[0],"{""SID"":""GeneralNPC_Neutral_Sniper_ItemGenerator"",""RefreshTime"":""1d"",""SpecificRewardSound"":""EUISound::SystemNotificationNews""}",[9],BodyArmor,ERank::Newbie,,,{},[0],GeneralNPC_Neutral_Sniper_ItemGenerator.ItemGenerator.[9].PossibleItems.[0],Jemmy_Neutral_Armor,,weight,15.0,,,,,,,,"{""ItemPrototypeSID"":""Jemmy_Neutral_Armor"",""Weight"":""15.0""}"
vanilla/Stalker2/Content/GameLite/GameData/ItemGeneratorPrototypes.cfg,ordinary role,Neutral,Sniper,GeneralNPC_Neutral_Sniper_ItemGenerator,GeneralNPC_Neutral_Sniper_ItemGenerator,[0],"{""SID"":""GeneralNPC_Neutral_Sniper_ItemGenerator"",""RefreshTime"":""1d"",""SpecificRewardSound"":""EUISound::SystemNotificationNews""}",[9],BodyArmor,ERank::Newbie,,,{},[1],GeneralNPC_Neutral_Sniper_ItemGenerator.ItemGenerator.[9].PossibleItems.[1],Newbee_Neutral_Armor,,weight,1.0,,,,,,,,"{""ItemPrototypeSID"":""Newbee_Neutral_Armor"",""Weight"":""1.0""}"
vanilla/Stalker2/Content/GameLite/GameData/ItemGeneratorPrototypes.cfg,ordinary role,Neutral,Sniper,GeneralNPC_Neutral_Sniper_ItemGenerator,GeneralNPC_Neutral_Sniper_ItemGenerator,[0],"{""SID"":""GeneralNPC_Neutral_Sniper_ItemGenerator"",""RefreshTime"":""1d"",""SpecificRewardSound"":""EUISound::SystemNotificationNews""}",[9],BodyArmor,ERank::Newbie,,,{},[2],GeneralNPC_Neutral_Sniper_ItemGenerator.ItemGenerator.[9].PossibleItems.[2],NPC_Sel_Neutral_Armor,,weight,4.0,,,,,,,,"{""ItemPrototypeSID"":""NPC_Sel_Neutral_Armor"",""Weight"":""4.0""}"
vanilla/Stalker2/Content/GameLite/GameData/ItemGeneratorPrototypes.cfg,ordinary role,Neutral,Sniper,GeneralNPC_Neutral_Sniper_ItemGenerator,GeneralNPC_Neutral_Sniper_ItemGenerator,[0],"{""SID"":""GeneralNPC_Neutral_Sniper_ItemGenerator"",""RefreshTime"":""1d"",""SpecificRewardSound"":""EUISound::SystemNotificationNews""}",[10],BodyArmor,ERank::Experienced,,,{},[0],GeneralNPC_Neutral_Sniper_ItemGenerator.ItemGenerator.[10].PossibleItems.[0],Nasos_Neutral_Armor,,weight,1.0,,,,,,,,"{""ItemPrototypeSID"":""Nasos_Neutral_Armor"",""Weight"":""1.0""}"
vanilla/Stalker2/Content/GameLite/GameData/ItemGeneratorPrototypes.cfg,ordinary role,Neutral,Sniper,GeneralNPC_Neutral_Sniper_ItemGenerator,GeneralNPC_Neutral_Sniper_ItemGenerator,[0],"{""SID"":""GeneralNPC_Neutral_Sniper_ItemGenerator"",""RefreshTime"":""1d"",""SpecificRewardSound"":""EUISound::SystemNotificationNews""}",[10],BodyArmor,ERank::Experienced,,,{},[1],GeneralNPC_Neutral_Sniper_ItemGenerator.ItemGenerator.[10].PossibleItems.[1],Zorya_Neutral_Armor,,weight,1.0,,,,,,,,"{""ItemPrototypeSID"":""Zorya_Neutral_Armor"",""Weight"":""1.0""}"
vanilla/Stalker2/Content/GameLite/GameData/ItemGeneratorPrototypes.cfg,ordinary role,Neutral,Sniper,GeneralNPC_Neutral_Sniper_ItemGenerator,GeneralNPC_Neutral_Sniper_ItemGenerator,[0],"{""SID"":""GeneralNPC_Neutral_Sniper_ItemGenerator"",""RefreshTime"":""1d"",""SpecificRewardSound"":""EUISound::SystemNotificationNews""}",[11],BodyArmor,ERank::Veteran,,,{},[0],GeneralNPC_Neutral_Sniper_ItemGenerator.ItemGenerator.[11].PossibleItems.[0],SEVA_Neutral_Armor,,weight,2.0,,,,,,,,"{""ItemPrototypeSID"":""SEVA_Neutral_Armor"",""Weight"":""2.0""}"
vanilla/Stalker2/Content/GameLite/GameData/ItemGeneratorPrototypes.cfg,ordinary role,Neutral,Sniper,GeneralNPC_Neutral_Sniper_ItemGenerator,GeneralNPC_Neutral_Sniper_ItemGenerator,[0],"{""SID"":""GeneralNPC_Neutral_Sniper_ItemGenerator"",""RefreshTime"":""1d"",""SpecificRewardSound"":""EUISound::SystemNotificationNews""}",[11],BodyArmor,ERank::Veteran,,,{},[1],GeneralNPC_Neutral_Sniper_ItemGenerator.ItemGenerator.[11].PossibleItems.[1],NPC_Cloak_Heavy_Neutral_Armor,,weight,2.0,,,,,,,,"{""ItemPrototypeSID"":""NPC_Cloak_Heavy_Neutral_Armor"",""Weight"":""2.0""}"
vanilla/Stalker2/Content/GameLite/GameData/ItemGeneratorPrototypes.cfg,ordinary role,Neutral,Sniper,GeneralNPC_Neutral_Sniper_ItemGenerator,GeneralNPC_Neutral_Sniper_ItemGenerator,[0],"{""SID"":""GeneralNPC_Neutral_Sniper_ItemGenerator"",""RefreshTime"":""1d"",""SpecificRewardSound"":""EUISound::SystemNotificationNews""}",[12],BodyArmor,ERank::Master,,,{},[0],GeneralNPC_Neutral_Sniper_ItemGenerator.ItemGenerator.[12].PossibleItems.[0],Exoskeleton_Neutral_Armor,,weight,2.0,,,,,,,,"{""ItemPrototypeSID"":""Exoskeleton_Neutral_Armor"",""Weight"":""2.0""}"
vanilla/Stalker2/Content/GameLite/GameData/ItemGeneratorPrototypes.cfg,ordinary role,Neutral,Sniper,GeneralNPC_Neutral_Sniper_ItemGenerator,GeneralNPC_Neutral_Sniper_ItemGenerator,[0],"{""SID"":""GeneralNPC_Neutral_Sniper_ItemGenerator"",""RefreshTime"":""1d"",""SpecificRewardSound"":""EUISound::SystemNotificationNews""}",[12],BodyArmor,ERank::Master,,,{},[1],GeneralNPC_Neutral_Sniper_ItemGenerator.ItemGenerator.[12].PossibleItems.[1],SEVA_Neutral_Armor,,weight,1.0,,,,,,,,"{""ItemPrototypeSID"":""SEVA_Neutral_Armor"",""Weight"":""1.0""}"
vanilla/Stalker2/Content/GameLite/GameData/ItemGeneratorPrototypes.cfg,ordinary role,Neutral,Sniper,GeneralNPC_Neutral_Sniper_ItemGenerator,GeneralNPC_Neutral_Sniper_ItemGenerator,[0],"{""SID"":""GeneralNPC_Neutral_Sniper_ItemGenerator"",""RefreshTime"":""1d"",""SpecificRewardSound"":""EUISound::SystemNotificationNews""}",[12],BodyArmor,ERank::Master,,,{},[2],GeneralNPC_Neutral_Sniper_ItemGenerator.ItemGenerator.[12].PossibleItems.[2],NPC_Cloak_Heavy_Neutral_Armor,,weight,2.0,,,,,,,,"{""ItemPrototypeSID"":""NPC_Cloak_Heavy_Neutral_Armor"",""Weight"":""2.0""}"
vanilla/Stalker2/Content/GameLite/GameData/ItemGeneratorPrototypes.cfg,ordinary role,Neutral,Sniper,GeneralNPC_Neutral_Sniper_ItemGenerator,GeneralNPC_Neutral_Sniper_ItemGenerator,[0],"{""SID"":""GeneralNPC_Neutral_Sniper_ItemGenerator"",""RefreshTime"":""1d"",""SpecificRewardSound"":""EUISound::SystemNotificationNews""}",[13],Head,"ERank::Newbie, ERank::Experienced",,,{},[0],GeneralNPC_Neutral_Sniper_ItemGenerator.ItemGenerator.[13].PossibleItems.[0],Light_Neutral_Helmet,,chance,,0.3,,,,,,,"{""ItemPrototypeSID"":""Light_Neutral_Helmet"",""Chance"":""0.3""}"
vanilla/Stalker2/Content/GameLite/GameData/ItemGeneratorPrototypes.cfg,ordinary role,Neutral,Sniper,GeneralNPC_Neutral_Sniper_ItemGenerator,GeneralNPC_Neutral_Sniper_ItemGenerator,[0],"{""SID"":""GeneralNPC_Neutral_Sniper_ItemGenerator"",""RefreshTime"":""1d"",""SpecificRewardSound"":""EUISound::SystemNotificationNews""}",[14],Head,"ERank::Veteran, ERank::Master",,,{},[0],GeneralNPC_Neutral_Sniper_ItemGenerator.ItemGenerator.[14].PossibleItems.[0],Light_Neutral_Helmet,,chance,,0.7,,,,,,,"{""ItemPrototypeSID"":""Light_Neutral_Helmet"",""Chance"":""0.7""}"
vanilla/Stalker2/Content/GameLite/GameData/ItemGeneratorPrototypes.cfg,ordinary role,Neutral,Sniper,GeneralNPC_Neutral_Sniper_ItemGenerator,GeneralNPC_Neutral_Sniper_ItemGenerator,[0],"{""SID"":""GeneralNPC_Neutral_Sniper_ItemGenerator"",""RefreshTime"":""1d"",""SpecificRewardSound"":""EUISound::SystemNotificationNews""}",[15],SubItemGenerator,,,,{},[0],GeneralNPC_Neutral_Sniper_ItemGenerator.ItemGenerator.[15].PossibleItems.[0],,GeneralNPC_Consumables_Sniper,weight,1,,,,,,,,"{""ItemGeneratorPrototypeSID"":""GeneralNPC_Consumables_Sniper"",""Weight"":""1""}"
vanilla/Stalker2/Content/GameLite/GameData/ItemGeneratorPrototypes.cfg,ordinary role,Neutral,Sniper,GeneralNPC_Neutral_Sniper_ItemGenerator,GeneralNPC_Neutral_Sniper_ItemGenerator,[0],"{""SID"":""GeneralNPC_Neutral_Sniper_ItemGenerator"",""RefreshTime"":""1d"",""SpecificRewardSound"":""EUISound::SystemNotificationNews""}",[16],Artifact,,,,{},[0],GeneralNPC_Neutral_Sniper_ItemGenerator.ItemGenerator.[16].PossibleItems.[0],GrenadeF1,,chance,,0.2,1,1,,,,,"{""ItemPrototypeSID"":""GrenadeF1"",""Chance"":""0.2"",""MinCount"":""1"",""MaxCount"":""1""}"
vanilla/Stalker2/Content/GameLite/GameData/ItemGeneratorPrototypes.cfg,ordinary role,Neutral,Sniper,GeneralNPC_Neutral_Sniper_ItemGenerator,GeneralNPC_Neutral_Sniper_ItemGenerator,[0],"{""SID"":""GeneralNPC_Neutral_Sniper_ItemGenerator"",""RefreshTime"":""1d"",""SpecificRewardSound"":""EUISound::SystemNotificationNews""}",[17],Detector,,,,{},[0],GeneralNPC_Neutral_Sniper_ItemGenerator.ItemGenerator.[17].PossibleItems.[0],Echo,,chance,,0.05,1,,,,,,"{""ItemPrototypeSID"":""Echo"",""Chance"":""0.05"",""MinCount"":""1""}"
vanilla/Stalker2/Content/GameLite/GameData/ItemGeneratorPrototypes.cfg,ordinary role,Neutral,Sniper,GeneralNPC_Neutral_Sniper_ItemGenerator,GeneralNPC_Neutral_Sniper_ItemGenerator,[0],"{""SID"":""GeneralNPC_Neutral_Sniper_ItemGenerator"",""RefreshTime"":""1d"",""SpecificRewardSound"":""EUISound::SystemNotificationNews""}",[18],SubItemGenerator,,,,{},[0],GeneralNPC_Neutral_Sniper_ItemGenerator.ItemGenerator.[18].PossibleItems.[0],,GeneralNPC_Neutral_NVG,chance,,1,,,,,,,"{""ItemGeneratorPrototypeSID"":""GeneralNPC_Neutral_NVG"",""Chance"":""1""}"
vanilla/Stalker2/Content/GameLite/GameData/ItemGeneratorPrototypes.cfg,ordinary role,Neutral,Stormtrooper,GeneralNPC_Neutral_Stormtrooper_ItemGenerator,GeneralNPC_Neutral_Stormtrooper_ItemGenerator,[0],"{""SID"":""GeneralNPC_Neutral_Stormtrooper_ItemGenerator"",""RefreshTime"":""1d"",""SpecificRewardSound"":""EUISound::SystemNotificationNews""}",[0],SubItemGenerator,,,,{},[0],GeneralNPC_Neutral_Stormtrooper_ItemGenerator.ItemGenerator.[0].PossibleItems.[0],,GeneralNPC_Neutral_WeaponPistol,chance,,0.4,,,,,,,"{""ItemGeneratorPrototypeSID"":""GeneralNPC_Neutral_WeaponPistol"",""Chance"":""0.4""}"
vanilla/Stalker2/Content/GameLite/GameData/ItemGeneratorPrototypes.cfg,ordinary role,Neutral,Stormtrooper,GeneralNPC_Neutral_Stormtrooper_ItemGenerator,GeneralNPC_Neutral_Stormtrooper_ItemGenerator,[0],"{""SID"":""GeneralNPC_Neutral_Stormtrooper_ItemGenerator"",""RefreshTime"":""1d"",""SpecificRewardSound"":""EUISound::SystemNotificationNews""}",[0],SubItemGenerator,,,,{},[1],GeneralNPC_Neutral_Stormtrooper_ItemGenerator.ItemGenerator.[0].PossibleItems.[1],,GeneralNPC_Consumables_Stormtrooper,chance,,1,,,,,,,"{""ItemGeneratorPrototypeSID"":""GeneralNPC_Consumables_Stormtrooper"",""Chance"":""1""}"
vanilla/Stalker2/Content/GameLite/GameData/ItemGeneratorPrototypes.cfg,ordinary role,Neutral,Stormtrooper,GeneralNPC_Neutral_Stormtrooper_ItemGenerator,GeneralNPC_Neutral_Stormtrooper_ItemGenerator,[0],"{""SID"":""GeneralNPC_Neutral_Stormtrooper_ItemGenerator"",""RefreshTime"":""1d"",""SpecificRewardSound"":""EUISound::SystemNotificationNews""}",[1],WeaponPrimary,ERank::Newbie,,,{},[0],GeneralNPC_Neutral_Stormtrooper_ItemGenerator.ItemGenerator.[1].PossibleItems.[0],GunAK74_ST,,weight,1000,,,,0,7,0.25,0.5,"{""ItemPrototypeSID"":""GunAK74_ST"",""Weight"":""1000"",""MinDurability"":""0.25"",""MaxDurability"":""0.5"",""AmmoMinCount"":""0"",""AmmoMaxCount"":""7""}"
vanilla/Stalker2/Content/GameLite/GameData/ItemGeneratorPrototypes.cfg,ordinary role,Neutral,Stormtrooper,GeneralNPC_Neutral_Stormtrooper_ItemGenerator,GeneralNPC_Neutral_Stormtrooper_ItemGenerator,[0],"{""SID"":""GeneralNPC_Neutral_Stormtrooper_ItemGenerator"",""RefreshTime"":""1d"",""SpecificRewardSound"":""EUISound::SystemNotificationNews""}",[1],WeaponPrimary,ERank::Newbie,,,{},[1],GeneralNPC_Neutral_Stormtrooper_ItemGenerator.ItemGenerator.[1].PossibleItems.[1],GunM16_ST,,weight,1000,,,,0,7,0.25,0.5,"{""ItemPrototypeSID"":""GunM16_ST"",""Weight"":""1000"",""MinDurability"":""0.25"",""MaxDurability"":""0.5"",""AmmoMinCount"":""0"",""AmmoMaxCount"":""7""}"
vanilla/Stalker2/Content/GameLite/GameData/ItemGeneratorPrototypes.cfg,ordinary role,Neutral,Stormtrooper,GeneralNPC_Neutral_Stormtrooper_ItemGenerator,GeneralNPC_Neutral_Stormtrooper_ItemGenerator,[0],"{""SID"":""GeneralNPC_Neutral_Stormtrooper_ItemGenerator"",""RefreshTime"":""1d"",""SpecificRewardSound"":""EUISound::SystemNotificationNews""}",[2],WeaponPrimary,ERank::Experienced,,,{},[0],GeneralNPC_Neutral_Stormtrooper_ItemGenerator.ItemGenerator.[2].PossibleItems.[0],GunAK74_ST,,weight,500,,,,0,7,0.25,0.5,"{""ItemPrototypeSID"":""GunAK74_ST"",""Weight"":""500"",""MinDurability"":""0.25"",""MaxDurability"":""0.5"",""AmmoMinCount"":""0"",""AmmoMaxCount"":""7""}"
vanilla/Stalker2/Content/GameLite/GameData/ItemGeneratorPrototypes.cfg,ordinary role,Neutral,Stormtrooper,GeneralNPC_Neutral_Stormtrooper_ItemGenerator,GeneralNPC_Neutral_Stormtrooper_ItemGenerator,[0],"{""SID"":""GeneralNPC_Neutral_Stormtrooper_ItemGenerator"",""RefreshTime"":""1d"",""SpecificRewardSound"":""EUISound::SystemNotificationNews""}",[2],WeaponPrimary,ERank::Experienced,,,{},[1],GeneralNPC_Neutral_Stormtrooper_ItemGenerator.ItemGenerator.[2].PossibleItems.[1],GunM16_ST,,weight,1000,,,,0,7,0.25,0.5,"{""ItemPrototypeSID"":""GunM16_ST"",""Weight"":""1000"",""MinDurability"":""0.25"",""MaxDurability"":""0.5"",""AmmoMinCount"":""0"",""AmmoMaxCount"":""7""}"
vanilla/Stalker2/Content/GameLite/GameData/ItemGeneratorPrototypes.cfg,ordinary role,Neutral,Stormtrooper,GeneralNPC_Neutral_Stormtrooper_ItemGenerator,GeneralNPC_Neutral_Stormtrooper_ItemGenerator,[0],"{""SID"":""GeneralNPC_Neutral_Stormtrooper_ItemGenerator"",""RefreshTime"":""1d"",""SpecificRewardSound"":""EUISound::SystemNotificationNews""}",[2],WeaponPrimary,ERank::Experienced,,,{},[2],GeneralNPC_Neutral_Stormtrooper_ItemGenerator.ItemGenerator.[2].PossibleItems.[2],GunFora_ST,,weight,100,,,,0,7,0.25,0.5,"{""ItemPrototypeSID"":""GunFora_ST"",""Weight"":""100"",""MinDurability"":""0.25"",""MaxDurability"":""0.5"",""AmmoMinCount"":""0"",""AmmoMaxCount"":""7""}"
vanilla/Stalker2/Content/GameLite/GameData/ItemGeneratorPrototypes.cfg,ordinary role,Neutral,Stormtrooper,GeneralNPC_Neutral_Stormtrooper_ItemGenerator,GeneralNPC_Neutral_Stormtrooper_ItemGenerator,[0],"{""SID"":""GeneralNPC_Neutral_Stormtrooper_ItemGenerator"",""RefreshTime"":""1d"",""SpecificRewardSound"":""EUISound::SystemNotificationNews""}",[2],WeaponPrimary,ERank::Experienced,,,{},[3],GeneralNPC_Neutral_Stormtrooper_ItemGenerator.ItemGenerator.[2].PossibleItems.[3],GunGvintar_ST,,weight,100,,,,0,7,0.25,0.5,"{""ItemPrototypeSID"":""GunGvintar_ST"",""Weight"":""100"",""MinDurability"":""0.25"",""MaxDurability"":""0.5"",""AmmoMinCount"":""0"",""AmmoMaxCount"":""7""}"
vanilla/Stalker2/Content/GameLite/GameData/ItemGeneratorPrototypes.cfg,ordinary role,Neutral,Stormtrooper,GeneralNPC_Neutral_Stormtrooper_ItemGenerator,GeneralNPC_Neutral_Stormtrooper_ItemGenerator,[0],"{""SID"":""GeneralNPC_Neutral_Stormtrooper_ItemGenerator"",""RefreshTime"":""1d"",""SpecificRewardSound"":""EUISound::SystemNotificationNews""}",[3],WeaponPrimary,ERank::Veteran,,,{},[0],GeneralNPC_Neutral_Stormtrooper_ItemGenerator.ItemGenerator.[3].PossibleItems.[0],GunM16_ST,,weight,500,,,,0,7,0.25,0.5,"{""ItemPrototypeSID"":""GunM16_ST"",""Weight"":""500"",""MinDurability"":""0.25"",""MaxDurability"":""0.5"",""AmmoMinCount"":""0"",""AmmoMaxCount"":""7""}"
vanilla/Stalker2/Content/GameLite/GameData/ItemGeneratorPrototypes.cfg,ordinary role,Neutral,Stormtrooper,GeneralNPC_Neutral_Stormtrooper_ItemGenerator,GeneralNPC_Neutral_Stormtrooper_ItemGenerator,[0],"{""SID"":""GeneralNPC_Neutral_Stormtrooper_ItemGenerator"",""RefreshTime"":""1d"",""SpecificRewardSound"":""EUISound::SystemNotificationNews""}",[3],WeaponPrimary,ERank::Veteran,,,{},[1],GeneralNPC_Neutral_Stormtrooper_ItemGenerator.ItemGenerator.[3].PossibleItems.[1],GunG37_ST,,weight,100,,,,0,7,0.25,0.5,"{""ItemPrototypeSID"":""GunG37_ST"",""Weight"":""100"",""MinDurability"":""0.25"",""MaxDurability"":""0.5"",""AmmoMinCount"":""0"",""AmmoMaxCount"":""7""}"
vanilla/Stalker2/Content/GameLite/GameData/ItemGeneratorPrototypes.cfg,ordinary role,Neutral,Stormtrooper,GeneralNPC_Neutral_Stormtrooper_ItemGenerator,GeneralNPC_Neutral_Stormtrooper_ItemGenerator,[0],"{""SID"":""GeneralNPC_Neutral_Stormtrooper_ItemGenerator"",""RefreshTime"":""1d"",""SpecificRewardSound"":""EUISound::SystemNotificationNews""}",[3],WeaponPrimary,ERank::Veteran,,,{},[2],GeneralNPC_Neutral_Stormtrooper_ItemGenerator.ItemGenerator.[3].PossibleItems.[2],GunFora_ST,,weight,500,,,,0,7,0.25,0.5,"{""ItemPrototypeSID"":""GunFora_ST"",""Weight"":""500"",""MinDurability"":""0.25"",""MaxDurability"":""0.5"",""AmmoMinCount"":""0"",""AmmoMaxCount"":""7""}"
vanilla/Stalker2/Content/GameLite/GameData/ItemGeneratorPrototypes.cfg,ordinary role,Neutral,Stormtrooper,GeneralNPC_Neutral_Stormtrooper_ItemGenerator,GeneralNPC_Neutral_Stormtrooper_ItemGenerator,[0],"{""SID"":""GeneralNPC_Neutral_Stormtrooper_ItemGenerator"",""RefreshTime"":""1d"",""SpecificRewardSound"":""EUISound::SystemNotificationNews""}",[3],WeaponPrimary,ERank::Veteran,,,{},[3],GeneralNPC_Neutral_Stormtrooper_ItemGenerator.ItemGenerator.[3].PossibleItems.[3],GunGrim_ST,,weight,100,,,,0,7,0.25,0.5,"{""ItemPrototypeSID"":""GunGrim_ST"",""Weight"":""100"",""MinDurability"":""0.25"",""MaxDurability"":""0.5"",""AmmoMinCount"":""0"",""AmmoMaxCount"":""7""}"
vanilla/Stalker2/Content/GameLite/GameData/ItemGeneratorPrototypes.cfg,ordinary role,Neutral,Stormtrooper,GeneralNPC_Neutral_Stormtrooper_ItemGenerator,GeneralNPC_Neutral_Stormtrooper_ItemGenerator,[0],"{""SID"":""GeneralNPC_Neutral_Stormtrooper_ItemGenerator"",""RefreshTime"":""1d"",""SpecificRewardSound"":""EUISound::SystemNotificationNews""}",[3],WeaponPrimary,ERank::Veteran,,,{},[4],GeneralNPC_Neutral_Stormtrooper_ItemGenerator.ItemGenerator.[3].PossibleItems.[4],GunGvintar_ST,,weight,1000,,,,0,7,0.25,0.5,"{""ItemPrototypeSID"":""GunGvintar_ST"",""Weight"":""1000"",""MinDurability"":""0.25"",""MaxDurability"":""0.5"",""AmmoMinCount"":""0"",""AmmoMaxCount"":""7""}"
vanilla/Stalker2/Content/GameLite/GameData/ItemGeneratorPrototypes.cfg,ordinary role,Neutral,Stormtrooper,GeneralNPC_Neutral_Stormtrooper_ItemGenerator,GeneralNPC_Neutral_Stormtrooper_ItemGenerator,[0],"{""SID"":""GeneralNPC_Neutral_Stormtrooper_ItemGenerator"",""RefreshTime"":""1d"",""SpecificRewardSound"":""EUISound::SystemNotificationNews""}",[3],WeaponPrimary,ERank::Veteran,,,{},[5],GeneralNPC_Neutral_Stormtrooper_ItemGenerator.ItemGenerator.[3].PossibleItems.[5],GunArev_ST,,weight,100,,,,0,7,0.25,0.5,"{""ItemPrototypeSID"":""GunArev_ST"",""Weight"":""100"",""MinDurability"":""0.25"",""MaxDurability"":""0.5"",""AmmoMinCount"":""0"",""AmmoMaxCount"":""7""}"
vanilla/Stalker2/Content/GameLite/GameData/ItemGeneratorPrototypes.cfg,ordinary role,Neutral,Stormtrooper,GeneralNPC_Neutral_Stormtrooper_ItemGenerator,GeneralNPC_Neutral_Stormtrooper_ItemGenerator,[0],"{""SID"":""GeneralNPC_Neutral_Stormtrooper_ItemGenerator"",""RefreshTime"":""1d"",""SpecificRewardSound"":""EUISound::SystemNotificationNews""}",[4],WeaponPrimary,ERank::Master,,,{},[0],GeneralNPC_Neutral_Stormtrooper_ItemGenerator.ItemGenerator.[4].PossibleItems.[0],GunG37_ST,,weight,500,,,,0,7,0.25,0.5,"{""ItemPrototypeSID"":""GunG37_ST"",""Weight"":""500"",""MinDurability"":""0.25"",""MaxDurability"":""0.5"",""AmmoMinCount"":""0"",""AmmoMaxCount"":""7""}"
vanilla/Stalker2/Content/GameLite/GameData/ItemGeneratorPrototypes.cfg,ordinary role,Neutral,Stormtrooper,GeneralNPC_Neutral_Stormtrooper_ItemGenerator,GeneralNPC_Neutral_Stormtrooper_ItemGenerator,[0],"{""SID"":""GeneralNPC_Neutral_Stormtrooper_ItemGenerator"",""RefreshTime"":""1d"",""SpecificRewardSound"":""EUISound::SystemNotificationNews""}",[4],WeaponPrimary,ERank::Master,,,{},[1],GeneralNPC_Neutral_Stormtrooper_ItemGenerator.ItemGenerator.[4].PossibleItems.[1],GunFora_ST,,weight,500,,,,0,7,0.25,0.5,"{""ItemPrototypeSID"":""GunFora_ST"",""Weight"":""500"",""MinDurability"":""0.25"",""MaxDurability"":""0.5"",""AmmoMinCount"":""0"",""AmmoMaxCount"":""7""}"
vanilla/Stalker2/Content/GameLite/GameData/ItemGeneratorPrototypes.cfg,ordinary role,Neutral,Stormtrooper,GeneralNPC_Neutral_Stormtrooper_ItemGenerator,GeneralNPC_Neutral_Stormtrooper_ItemGenerator,[0],"{""SID"":""GeneralNPC_Neutral_Stormtrooper_ItemGenerator"",""RefreshTime"":""1d"",""SpecificRewardSound"":""EUISound::SystemNotificationNews""}",[4],WeaponPrimary,ERank::Master,,,{},[2],GeneralNPC_Neutral_Stormtrooper_ItemGenerator.ItemGenerator.[4].PossibleItems.[2],GunGrim_ST,,weight,1000,,,,0,7,0.25,0.5,"{""ItemPrototypeSID"":""GunGrim_ST"",""Weight"":""1000"",""MinDurability"":""0.25"",""MaxDurability"":""0.5"",""AmmoMinCount"":""0"",""AmmoMaxCount"":""7""}"
vanilla/Stalker2/Content/GameLite/GameData/ItemGeneratorPrototypes.cfg,ordinary role,Neutral,Stormtrooper,GeneralNPC_Neutral_Stormtrooper_ItemGenerator,GeneralNPC_Neutral_Stormtrooper_ItemGenerator,[0],"{""SID"":""GeneralNPC_Neutral_Stormtrooper_ItemGenerator"",""RefreshTime"":""1d"",""SpecificRewardSound"":""EUISound::SystemNotificationNews""}",[4],WeaponPrimary,ERank::Master,,,{},[3],GeneralNPC_Neutral_Stormtrooper_ItemGenerator.ItemGenerator.[4].PossibleItems.[3],GunGvintar_ST,,weight,500,,,,0,7,0.25,0.5,"{""ItemPrototypeSID"":""GunGvintar_ST"",""Weight"":""500"",""MinDurability"":""0.25"",""MaxDurability"":""0.5"",""AmmoMinCount"":""0"",""AmmoMaxCount"":""7""}"
vanilla/Stalker2/Content/GameLite/GameData/ItemGeneratorPrototypes.cfg,ordinary role,Neutral,Stormtrooper,GeneralNPC_Neutral_Stormtrooper_ItemGenerator,GeneralNPC_Neutral_Stormtrooper_ItemGenerator,[0],"{""SID"":""GeneralNPC_Neutral_Stormtrooper_ItemGenerator"",""RefreshTime"":""1d"",""SpecificRewardSound"":""EUISound::SystemNotificationNews""}",[4],WeaponPrimary,ERank::Master,,,{},[4],GeneralNPC_Neutral_Stormtrooper_ItemGenerator.ItemGenerator.[4].PossibleItems.[4],GunLavina_ST,,weight,100,,,,0,7,0.25,0.5,"{""ItemPrototypeSID"":""GunLavina_ST"",""Weight"":""100"",""MinDurability"":""0.25"",""MaxDurability"":""0.5"",""AmmoMinCount"":""0"",""AmmoMaxCount"":""7""}"
vanilla/Stalker2/Content/GameLite/GameData/ItemGeneratorPrototypes.cfg,ordinary role,Neutral,Stormtrooper,GeneralNPC_Neutral_Stormtrooper_ItemGenerator,GeneralNPC_Neutral_Stormtrooper_ItemGenerator,[0],"{""SID"":""GeneralNPC_Neutral_Stormtrooper_ItemGenerator"",""RefreshTime"":""1d"",""SpecificRewardSound"":""EUISound::SystemNotificationNews""}",[4],WeaponPrimary,ERank::Master,,,{},[5],GeneralNPC_Neutral_Stormtrooper_ItemGenerator.ItemGenerator.[4].PossibleItems.[5],GunArev_ST,,weight,1000,,,,0,7,0.25,0.5,"{""ItemPrototypeSID"":""GunArev_ST"",""Weight"":""1000"",""MinDurability"":""0.25"",""MaxDurability"":""0.5"",""AmmoMinCount"":""0"",""AmmoMaxCount"":""7""}"
vanilla/Stalker2/Content/GameLite/GameData/ItemGeneratorPrototypes.cfg,ordinary role,Neutral,Stormtrooper,GeneralNPC_Neutral_Stormtrooper_ItemGenerator,GeneralNPC_Neutral_Stormtrooper_ItemGenerator,[0],"{""SID"":""GeneralNPC_Neutral_Stormtrooper_ItemGenerator"",""RefreshTime"":""1d"",""SpecificRewardSound"":""EUISound::SystemNotificationNews""}",[5],BodyArmor,ERank::Newbie,,,{},[0],GeneralNPC_Neutral_Stormtrooper_ItemGenerator.ItemGenerator.[5].PossibleItems.[0],Jemmy_Neutral_Armor,,weight,15.0,,,,,,,,"{""ItemPrototypeSID"":""Jemmy_Neutral_Armor"",""Weight"":""15.0""}"
vanilla/Stalker2/Content/GameLite/GameData/ItemGeneratorPrototypes.cfg,ordinary role,Neutral,Stormtrooper,GeneralNPC_Neutral_Stormtrooper_ItemGenerator,GeneralNPC_Neutral_Stormtrooper_ItemGenerator,[0],"{""SID"":""GeneralNPC_Neutral_Stormtrooper_ItemGenerator"",""RefreshTime"":""1d"",""SpecificRewardSound"":""EUISound::SystemNotificationNews""}",[5],BodyArmor,ERank::Newbie,,,{},[1],GeneralNPC_Neutral_Stormtrooper_ItemGenerator.ItemGenerator.[5].PossibleItems.[1],Newbee_Neutral_Armor,,weight,1.0,,,,,,,,"{""ItemPrototypeSID"":""Newbee_Neutral_Armor"",""Weight"":""1.0""}"
vanilla/Stalker2/Content/GameLite/GameData/ItemGeneratorPrototypes.cfg,ordinary role,Neutral,Stormtrooper,GeneralNPC_Neutral_Stormtrooper_ItemGenerator,GeneralNPC_Neutral_Stormtrooper_ItemGenerator,[0],"{""SID"":""GeneralNPC_Neutral_Stormtrooper_ItemGenerator"",""RefreshTime"":""1d"",""SpecificRewardSound"":""EUISound::SystemNotificationNews""}",[5],BodyArmor,ERank::Newbie,,,{},[2],GeneralNPC_Neutral_Stormtrooper_ItemGenerator.ItemGenerator.[5].PossibleItems.[2],NPC_Sel_Neutral_Armor,,weight,4.0,,,,,,,,"{""ItemPrototypeSID"":""NPC_Sel_Neutral_Armor"",""Weight"":""4.0""}"
vanilla/Stalker2/Content/GameLite/GameData/ItemGeneratorPrototypes.cfg,ordinary role,Neutral,Stormtrooper,GeneralNPC_Neutral_Stormtrooper_ItemGenerator,GeneralNPC_Neutral_Stormtrooper_ItemGenerator,[0],"{""SID"":""GeneralNPC_Neutral_Stormtrooper_ItemGenerator"",""RefreshTime"":""1d"",""SpecificRewardSound"":""EUISound::SystemNotificationNews""}",[6],BodyArmor,ERank::Experienced,,,{},[0],GeneralNPC_Neutral_Stormtrooper_ItemGenerator.ItemGenerator.[6].PossibleItems.[0],Nasos_Neutral_Armor,,weight,1.0,,,,,,,,"{""ItemPrototypeSID"":""Nasos_Neutral_Armor"",""Weight"":""1.0""}"
vanilla/Stalker2/Content/GameLite/GameData/ItemGeneratorPrototypes.cfg,ordinary role,Neutral,Stormtrooper,GeneralNPC_Neutral_Stormtrooper_ItemGenerator,GeneralNPC_Neutral_Stormtrooper_ItemGenerator,[0],"{""SID"":""GeneralNPC_Neutral_Stormtrooper_ItemGenerator"",""RefreshTime"":""1d"",""SpecificRewardSound"":""EUISound::SystemNotificationNews""}",[6],BodyArmor,ERank::Experienced,,,{},[1],GeneralNPC_Neutral_Stormtrooper_ItemGenerator.ItemGenerator.[6].PossibleItems.[1],Zorya_Neutral_Armor,,weight,1.0,,,,,,,,"{""ItemPrototypeSID"":""Zorya_Neutral_Armor"",""Weight"":""1.0""}"
vanilla/Stalker2/Content/GameLite/GameData/ItemGeneratorPrototypes.cfg,ordinary role,Neutral,Stormtrooper,GeneralNPC_Neutral_Stormtrooper_ItemGenerator,GeneralNPC_Neutral_Stormtrooper_ItemGenerator,[0],"{""SID"":""GeneralNPC_Neutral_Stormtrooper_ItemGenerator"",""RefreshTime"":""1d"",""SpecificRewardSound"":""EUISound::SystemNotificationNews""}",[7],BodyArmor,ERank::Veteran,,,{},[0],GeneralNPC_Neutral_Stormtrooper_ItemGenerator.ItemGenerator.[7].PossibleItems.[0],SEVA_Neutral_Armor,,weight,2.0,,,,,,,,"{""ItemPrototypeSID"":""SEVA_Neutral_Armor"",""Weight"":""2.0""}"
vanilla/Stalker2/Content/GameLite/GameData/ItemGeneratorPrototypes.cfg,ordinary role,Neutral,Stormtrooper,GeneralNPC_Neutral_Stormtrooper_ItemGenerator,GeneralNPC_Neutral_Stormtrooper_ItemGenerator,[0],"{""SID"":""GeneralNPC_Neutral_Stormtrooper_ItemGenerator"",""RefreshTime"":""1d"",""SpecificRewardSound"":""EUISound::SystemNotificationNews""}",[7],BodyArmor,ERank::Veteran,,,{},[1],GeneralNPC_Neutral_Stormtrooper_ItemGenerator.ItemGenerator.[7].PossibleItems.[1],NPC_Cloak_Heavy_Neutral_Armor,,weight,3.0,,,,,,,,"{""ItemPrototypeSID"":""NPC_Cloak_Heavy_Neutral_Armor"",""Weight"":""3.0""}"
vanilla/Stalker2/Content/GameLite/GameData/ItemGeneratorPrototypes.cfg,ordinary role,Neutral,Stormtrooper,GeneralNPC_Neutral_Stormtrooper_ItemGenerator,GeneralNPC_Neutral_Stormtrooper_ItemGenerator,[0],"{""SID"":""GeneralNPC_Neutral_Stormtrooper_ItemGenerator"",""RefreshTime"":""1d"",""SpecificRewardSound"":""EUISound::SystemNotificationNews""}",[8],BodyArmor,ERank::Master,,,{},[0],GeneralNPC_Neutral_Stormtrooper_ItemGenerator.ItemGenerator.[8].PossibleItems.[0],Exoskeleton_Neutral_Armor,,weight,2.0,,,,,,,,"{""ItemPrototypeSID"":""Exoskeleton_Neutral_Armor"",""Weight"":""2.0""}"
vanilla/Stalker2/Content/GameLite/GameData/ItemGeneratorPrototypes.cfg,ordinary role,Neutral,Stormtrooper,GeneralNPC_Neutral_Stormtrooper_ItemGenerator,GeneralNPC_Neutral_Stormtrooper_ItemGenerator,[0],"{""SID"":""GeneralNPC_Neutral_Stormtrooper_ItemGenerator"",""RefreshTime"":""1d"",""SpecificRewardSound"":""EUISound::SystemNotificationNews""}",[8],BodyArmor,ERank::Master,,,{},[1],GeneralNPC_Neutral_Stormtrooper_ItemGenerator.ItemGenerator.[8].PossibleItems.[1],SEVA_Neutral_Armor,,weight,1.0,,,,,,,,"{""ItemPrototypeSID"":""SEVA_Neutral_Armor"",""Weight"":""1.0""}"
vanilla/Stalker2/Content/GameLite/GameData/ItemGeneratorPrototypes.cfg,ordinary role,Neutral,Stormtrooper,GeneralNPC_Neutral_Stormtrooper_ItemGenerator,GeneralNPC_Neutral_Stormtrooper_ItemGenerator,[0],"{""SID"":""GeneralNPC_Neutral_Stormtrooper_ItemGenerator"",""RefreshTime"":""1d"",""SpecificRewardSound"":""EUISound::SystemNotificationNews""}",[8],BodyArmor,ERank::Master,,,{},[2],GeneralNPC_Neutral_Stormtrooper_ItemGenerator.ItemGenerator.[8].PossibleItems.[2],NPC_Cloak_Heavy_Neutral_Armor,,weight,2.0,,,,,,,,"{""ItemPrototypeSID"":""NPC_Cloak_Heavy_Neutral_Armor"",""Weight"":""2.0""}"
vanilla/Stalker2/Content/GameLite/GameData/ItemGeneratorPrototypes.cfg,ordinary role,Neutral,Stormtrooper,GeneralNPC_Neutral_Stormtrooper_ItemGenerator,GeneralNPC_Neutral_Stormtrooper_ItemGenerator,[0],"{""SID"":""GeneralNPC_Neutral_Stormtrooper_ItemGenerator"",""RefreshTime"":""1d"",""SpecificRewardSound"":""EUISound::SystemNotificationNews""}",[9],Head,"ERank::Newbie, ERank::Experienced",,,{},[0],GeneralNPC_Neutral_Stormtrooper_ItemGenerator.ItemGenerator.[9].PossibleItems.[0],Light_Neutral_Helmet,,chance,,0.3,,,,,,,"{""ItemPrototypeSID"":""Light_Neutral_Helmet"",""Chance"":""0.3""}"
vanilla/Stalker2/Content/GameLite/GameData/ItemGeneratorPrototypes.cfg,ordinary role,Neutral,Stormtrooper,GeneralNPC_Neutral_Stormtrooper_ItemGenerator,GeneralNPC_Neutral_Stormtrooper_ItemGenerator,[0],"{""SID"":""GeneralNPC_Neutral_Stormtrooper_ItemGenerator"",""RefreshTime"":""1d"",""SpecificRewardSound"":""EUISound::SystemNotificationNews""}",[10],Head,"ERank::Veteran, ERank::Master",,,{},[0],GeneralNPC_Neutral_Stormtrooper_ItemGenerator.ItemGenerator.[10].PossibleItems.[0],Light_Neutral_Helmet,,chance,,0.7,,,,,,,"{""ItemPrototypeSID"":""Light_Neutral_Helmet"",""Chance"":""0.7""}"
vanilla/Stalker2/Content/GameLite/GameData/ItemGeneratorPrototypes.cfg,ordinary role,Neutral,Stormtrooper,GeneralNPC_Neutral_Stormtrooper_ItemGenerator,GeneralNPC_Neutral_Stormtrooper_ItemGenerator,[0],"{""SID"":""GeneralNPC_Neutral_Stormtrooper_ItemGenerator"",""RefreshTime"":""1d"",""SpecificRewardSound"":""EUISound::SystemNotificationNews""}",[11],Artifact,,,,{},[0],GeneralNPC_Neutral_Stormtrooper_ItemGenerator.ItemGenerator.[11].PossibleItems.[0],GrenadeRGD5,,chance,,0.2,1,1,,,,,"{""ItemPrototypeSID"":""GrenadeRGD5"",""Chance"":""0.2"",""MinCount"":""1"",""MaxCount"":""1""}"
vanilla/Stalker2/Content/GameLite/GameData/ItemGeneratorPrototypes.cfg,ordinary role,Neutral,Stormtrooper,GeneralNPC_Neutral_Stormtrooper_ItemGenerator,GeneralNPC_Neutral_Stormtrooper_ItemGenerator,[0],"{""SID"":""GeneralNPC_Neutral_Stormtrooper_ItemGenerator"",""RefreshTime"":""1d"",""SpecificRewardSound"":""EUISound::SystemNotificationNews""}",[12],Detector,,,,{},[0],GeneralNPC_Neutral_Stormtrooper_ItemGenerator.ItemGenerator.[12].PossibleItems.[0],Echo,,chance,,0.05,1,,,,,,"{""ItemPrototypeSID"":""Echo"",""Chance"":""0.05"",""MinCount"":""1""}"
vanilla/Stalker2/Content/GameLite/GameData/ItemGeneratorPrototypes.cfg,ordinary role,Neutral,Stormtrooper,GeneralNPC_Neutral_Stormtrooper_ItemGenerator,GeneralNPC_Neutral_Stormtrooper_ItemGenerator,[0],"{""SID"":""GeneralNPC_Neutral_Stormtrooper_ItemGenerator"",""RefreshTime"":""1d"",""SpecificRewardSound"":""EUISound::SystemNotificationNews""}",[13],SubItemGenerator,,,,{},[0],GeneralNPC_Neutral_Stormtrooper_ItemGenerator.ItemGenerator.[13].PossibleItems.[0],,GeneralNPC_Neutral_NVG,chance,,1,,,,,,,"{""ItemGeneratorPrototypeSID"":""GeneralNPC_Neutral_NVG"",""Chance"":""1""}"
vanilla/Stalker2/Content/GameLite/GameData/ItemGeneratorPrototypes.cfg,shared helper,Bandit,Armor,GeneralNPC_Bandit_Armor,GeneralNPC_Bandit_Armor,[0],"{""SID"":""GeneralNPC_Bandit_Armor"",""SpecificRewardSound"":""EUISound::SystemNotificationNews""}",[0],BodyArmor,ERank::Newbie,,,{},[0],GeneralNPC_Bandit_Armor.ItemGenerator.[0].PossibleItems.[0],SkinJacket_Bandit_Armor,,weight,1.0,,,,,,,,"{""ItemPrototypeSID"":""SkinJacket_Bandit_Armor"",""Weight"":""1.0""}"
vanilla/Stalker2/Content/GameLite/GameData/ItemGeneratorPrototypes.cfg,shared helper,Bandit,Armor,GeneralNPC_Bandit_Armor,GeneralNPC_Bandit_Armor,[0],"{""SID"":""GeneralNPC_Bandit_Armor"",""SpecificRewardSound"":""EUISound::SystemNotificationNews""}",[0],BodyArmor,ERank::Newbie,,,{},[1],GeneralNPC_Bandit_Armor.ItemGenerator.[0].PossibleItems.[1],NPC_SkinCloak_Bandit_Armor,,weight,1.0,,,,,,,,"{""ItemPrototypeSID"":""NPC_SkinCloak_Bandit_Armor"",""Weight"":""1.0""}"
vanilla/Stalker2/Content/GameLite/GameData/ItemGeneratorPrototypes.cfg,shared helper,Bandit,Armor,GeneralNPC_Bandit_Armor,GeneralNPC_Bandit_Armor,[0],"{""SID"":""GeneralNPC_Bandit_Armor"",""SpecificRewardSound"":""EUISound::SystemNotificationNews""}",[1],BodyArmor,"ERank::Experienced, ERank::Veteran, ERank::Master",,,{},[0],GeneralNPC_Bandit_Armor.ItemGenerator.[1].PossibleItems.[0],Jacket_Bandit_Armor,,weight,1.0,,,,,,,,"{""ItemPrototypeSID"":""Jacket_Bandit_Armor"",""Weight"":""1.0""}"
vanilla/Stalker2/Content/GameLite/GameData/ItemGeneratorPrototypes.cfg,shared helper,Bandit,Armor,GeneralNPC_Bandit_Armor,GeneralNPC_Bandit_Armor,[0],"{""SID"":""GeneralNPC_Bandit_Armor"",""SpecificRewardSound"":""EUISound::SystemNotificationNews""}",[1],BodyArmor,"ERank::Experienced, ERank::Veteran, ERank::Master",,,{},[1],GeneralNPC_Bandit_Armor.ItemGenerator.[1].PossibleItems.[1],Middle_Bandit_Armor,,weight,1.0,,,,,,,,"{""ItemPrototypeSID"":""Middle_Bandit_Armor"",""Weight"":""1.0""}"
vanilla/Stalker2/Content/GameLite/GameData/ItemGeneratorPrototypes.cfg,shared helper,Bandit,Armor,GeneralNPC_Bandit_Armor,GeneralNPC_Bandit_Armor,[0],"{""SID"":""GeneralNPC_Bandit_Armor"",""SpecificRewardSound"":""EUISound::SystemNotificationNews""}",[2],Head,"ERank::Experienced, ERank::Veteran, ERank::Master",,,{},[0],GeneralNPC_Bandit_Armor.ItemGenerator.[2].PossibleItems.[0],Light_Bandit_Helmet,,chance,,0.3,,,,,,,"{""ItemPrototypeSID"":""Light_Bandit_Helmet"",""Chance"":""0.3""}"
vanilla/Stalker2/Content/GameLite/GameData/ItemGeneratorPrototypes.cfg,ordinary role,Bandit,CloseCombat,GeneralNPC_Bandit_CloseCombat_ItemGenerator,GeneralNPC_Bandit_CloseCombat_ItemGenerator,[0],"{""SID"":""GeneralNPC_Bandit_CloseCombat_ItemGenerator"",""RefreshTime"":""1d"",""SpecificRewardSound"":""EUISound::SystemNotificationNews""}",[0],SubItemGenerator,,,,{},[0],GeneralNPC_Bandit_CloseCombat_ItemGenerator.ItemGenerator.[0].PossibleItems.[0],,GeneralNPC_Bandit_WeaponPistol,chance,,0.3,,,,,,,"{""ItemGeneratorPrototypeSID"":""GeneralNPC_Bandit_WeaponPistol"",""Chance"":""0.3""}"
vanilla/Stalker2/Content/GameLite/GameData/ItemGeneratorPrototypes.cfg,ordinary role,Bandit,CloseCombat,GeneralNPC_Bandit_CloseCombat_ItemGenerator,GeneralNPC_Bandit_CloseCombat_ItemGenerator,[0],"{""SID"":""GeneralNPC_Bandit_CloseCombat_ItemGenerator"",""RefreshTime"":""1d"",""SpecificRewardSound"":""EUISound::SystemNotificationNews""}",[1],WeaponPrimary,ERank::Newbie,,,{},[0],GeneralNPC_Bandit_CloseCombat_ItemGenerator.ItemGenerator.[1].PossibleItems.[0],GunObrez_SG,,weight,1000,,,,0,2,0.25,0.5,"{""ItemPrototypeSID"":""GunObrez_SG"",""Weight"":""1000"",""MinDurability"":""0.25"",""MaxDurability"":""0.5"",""AmmoMinCount"":""0"",""AmmoMaxCount"":""2""}"
vanilla/Stalker2/Content/GameLite/GameData/ItemGeneratorPrototypes.cfg,ordinary role,Bandit,CloseCombat,GeneralNPC_Bandit_CloseCombat_ItemGenerator,GeneralNPC_Bandit_CloseCombat_ItemGenerator,[0],"{""SID"":""GeneralNPC_Bandit_CloseCombat_ItemGenerator"",""RefreshTime"":""1d"",""SpecificRewardSound"":""EUISound::SystemNotificationNews""}",[2],WeaponPrimary,ERank::Experienced,,,{},[0],GeneralNPC_Bandit_CloseCombat_ItemGenerator.ItemGenerator.[2].PossibleItems.[0],GunTOZ_SG,,weight,1000,,,,0,2,0.25,0.5,"{""ItemPrototypeSID"":""GunTOZ_SG"",""Weight"":""1000"",""MinDurability"":""0.25"",""MaxDurability"":""0.5"",""AmmoMinCount"":""0"",""AmmoMaxCount"":""2""}"
vanilla/Stalker2/Content/GameLite/GameData/ItemGeneratorPrototypes.cfg,ordinary role,Bandit,CloseCombat,GeneralNPC_Bandit_CloseCombat_ItemGenerator,GeneralNPC_Bandit_CloseCombat_ItemGenerator,[0],"{""SID"":""GeneralNPC_Bandit_CloseCombat_ItemGenerator"",""RefreshTime"":""1d"",""SpecificRewardSound"":""EUISound::SystemNotificationNews""}",[2],WeaponPrimary,ERank::Experienced,,,{},[1],GeneralNPC_Bandit_CloseCombat_ItemGenerator.ItemGenerator.[2].PossibleItems.[1],GunM860_SG,,weight,100,,,,0,2,0.25,0.5,"{""ItemPrototypeSID"":""GunM860_SG"",""Weight"":""100"",""MinDurability"":""0.25"",""MaxDurability"":""0.5"",""AmmoMinCount"":""0"",""AmmoMaxCount"":""2""}"
vanilla/Stalker2/Content/GameLite/GameData/ItemGeneratorPrototypes.cfg,ordinary role,Bandit,CloseCombat,GeneralNPC_Bandit_CloseCombat_ItemGenerator,GeneralNPC_Bandit_CloseCombat_ItemGenerator,[0],"{""SID"":""GeneralNPC_Bandit_CloseCombat_ItemGenerator"",""RefreshTime"":""1d"",""SpecificRewardSound"":""EUISound::SystemNotificationNews""}",[2],WeaponPrimary,ERank::Experienced,,,{},[2],GeneralNPC_Bandit_CloseCombat_ItemGenerator.ItemGenerator.[2].PossibleItems.[2],GunM10_HG,,weight,300,,,,0,7,0.25,0.5,"{""ItemPrototypeSID"":""GunM10_HG"",""Weight"":""300"",""MinDurability"":""0.25"",""MaxDurability"":""0.5"",""AmmoMinCount"":""0"",""AmmoMaxCount"":""7""}"
vanilla/Stalker2/Content/GameLite/GameData/ItemGeneratorPrototypes.cfg,ordinary role,Bandit,CloseCombat,GeneralNPC_Bandit_CloseCombat_ItemGenerator,GeneralNPC_Bandit_CloseCombat_ItemGenerator,[0],"{""SID"":""GeneralNPC_Bandit_CloseCombat_ItemGenerator"",""RefreshTime"":""1d"",""SpecificRewardSound"":""EUISound::SystemNotificationNews""}",[3],WeaponPrimary,"ERank::Veteran, ERank::Master",,"EGameDifficulty::Easy, EGameDifficulty::Medium, EGameDifficulty::Hard",{},[0],GeneralNPC_Bandit_CloseCombat_ItemGenerator.ItemGenerator.[3].PossibleItems.[0],GunSPSA_SG,,weight,120,,,,2,4,0.25,0.5,"{""ItemPrototypeSID"":""GunSPSA_SG"",""Weight"":""120"",""MinDurability"":""0.25"",""MaxDurability"":""0.5"",""AmmoMinCount"":""2"",""AmmoMaxCount"":""4""}"
vanilla/Stalker2/Content/GameLite/GameData/ItemGeneratorPrototypes.cfg,ordinary role,Bandit,CloseCombat,GeneralNPC_Bandit_CloseCombat_ItemGenerator,GeneralNPC_Bandit_CloseCombat_ItemGenerator,[0],"{""SID"":""GeneralNPC_Bandit_CloseCombat_ItemGenerator"",""RefreshTime"":""1d"",""SpecificRewardSound"":""EUISound::SystemNotificationNews""}",[3],WeaponPrimary,"ERank::Veteran, ERank::Master",,"EGameDifficulty::Easy, EGameDifficulty::Medium, EGameDifficulty::Hard",{},[1],GeneralNPC_Bandit_CloseCombat_ItemGenerator.ItemGenerator.[3].PossibleItems.[1],GunM860_SG,,weight,1000,,,,0,2,0.25,0.5,"{""ItemPrototypeSID"":""GunM860_SG"",""Weight"":""1000"",""MinDurability"":""0.25"",""MaxDurability"":""0.5"",""AmmoMinCount"":""0"",""AmmoMaxCount"":""2""}"
vanilla/Stalker2/Content/GameLite/GameData/ItemGeneratorPrototypes.cfg,ordinary role,Bandit,CloseCombat,GeneralNPC_Bandit_CloseCombat_ItemGenerator,GeneralNPC_Bandit_CloseCombat_ItemGenerator,[0],"{""SID"":""GeneralNPC_Bandit_CloseCombat_ItemGenerator"",""RefreshTime"":""1d"",""SpecificRewardSound"":""EUISound::SystemNotificationNews""}",[4],WeaponPrimary,"ERank::Veteran, ERank::Master",,EGameDifficulty::Stalker,{},[0],GeneralNPC_Bandit_CloseCombat_ItemGenerator.ItemGenerator.[4].PossibleItems.[0],GunSPSA_SG,,weight,120,,,,1,4,0.25,0.5,"{""ItemPrototypeSID"":""GunSPSA_SG"",""Weight"":""120"",""MinDurability"":""0.25"",""MaxDurability"":""0.5"",""AmmoMinCount"":""1"",""AmmoMaxCount"":""4""}"
vanilla/Stalker2/Content/GameLite/GameData/ItemGeneratorPrototypes.cfg,ordinary role,Bandit,CloseCombat,GeneralNPC_Bandit_CloseCombat_ItemGenerator,GeneralNPC_Bandit_CloseCombat_ItemGenerator,[0],"{""SID"":""GeneralNPC_Bandit_CloseCombat_ItemGenerator"",""RefreshTime"":""1d"",""SpecificRewardSound"":""EUISound::SystemNotificationNews""}",[4],WeaponPrimary,"ERank::Veteran, ERank::Master",,EGameDifficulty::Stalker,{},[1],GeneralNPC_Bandit_CloseCombat_ItemGenerator.ItemGenerator.[4].PossibleItems.[1],GunM860_SG,,weight,1000,,,,0,2,0.25,0.5,"{""ItemPrototypeSID"":""GunM860_SG"",""Weight"":""1000"",""MinDurability"":""0.25"",""MaxDurability"":""0.5"",""AmmoMinCount"":""0"",""AmmoMaxCount"":""2""}"
vanilla/Stalker2/Content/GameLite/GameData/ItemGeneratorPrototypes.cfg,ordinary role,Bandit,CloseCombat,GeneralNPC_Bandit_CloseCombat_ItemGenerator,GeneralNPC_Bandit_CloseCombat_ItemGenerator,[0],"{""SID"":""GeneralNPC_Bandit_CloseCombat_ItemGenerator"",""RefreshTime"":""1d"",""SpecificRewardSound"":""EUISound::SystemNotificationNews""}",[5],SubItemGenerator,,,,{},[0],GeneralNPC_Bandit_CloseCombat_ItemGenerator.ItemGenerator.[5].PossibleItems.[0],,GeneralNPC_Bandit_Armor,weight,1,,,,,,,,"{""ItemGeneratorPrototypeSID"":""GeneralNPC_Bandit_Armor"",""Weight"":""1""}"
vanilla/Stalker2/Content/GameLite/GameData/ItemGeneratorPrototypes.cfg,ordinary role,Bandit,CloseCombat,GeneralNPC_Bandit_CloseCombat_ItemGenerator,GeneralNPC_Bandit_CloseCombat_ItemGenerator,[0],"{""SID"":""GeneralNPC_Bandit_CloseCombat_ItemGenerator"",""RefreshTime"":""1d"",""SpecificRewardSound"":""EUISound::SystemNotificationNews""}",[6],SubItemGenerator,,,,{},[0],GeneralNPC_Bandit_CloseCombat_ItemGenerator.ItemGenerator.[6].PossibleItems.[0],,GeneralNPC_Consumables_CloseCombat,weight,1,,,,,,,,"{""ItemGeneratorPrototypeSID"":""GeneralNPC_Consumables_CloseCombat"",""Weight"":""1""}"
vanilla/Stalker2/Content/GameLite/GameData/ItemGeneratorPrototypes.cfg,ordinary role,Bandit,CloseCombat,GeneralNPC_Bandit_CloseCombat_ItemGenerator,GeneralNPC_Bandit_CloseCombat_ItemGenerator,[0],"{""SID"":""GeneralNPC_Bandit_CloseCombat_ItemGenerator"",""RefreshTime"":""1d"",""SpecificRewardSound"":""EUISound::SystemNotificationNews""}",[7],Detector,,,,{},[0],GeneralNPC_Bandit_CloseCombat_ItemGenerator.ItemGenerator.[7].PossibleItems.[0],Echo,,chance,,0.05,1,,,,,,"{""ItemPrototypeSID"":""Echo"",""Chance"":""0.05"",""MinCount"":""1""}"
vanilla/Stalker2/Content/GameLite/GameData/ItemGeneratorPrototypes.cfg,ordinary role,Bandit,CloseCombat,GeneralNPC_Bandit_CloseCombat_ItemGenerator,GeneralNPC_Bandit_CloseCombat_ItemGenerator,[0],"{""SID"":""GeneralNPC_Bandit_CloseCombat_ItemGenerator"",""RefreshTime"":""1d"",""SpecificRewardSound"":""EUISound::SystemNotificationNews""}",[8],Artifact,,,,{},[0],GeneralNPC_Bandit_CloseCombat_ItemGenerator.ItemGenerator.[8].PossibleItems.[0],GrenadeRGD5,,chance,,0.2,1,1,,,,,"{""ItemPrototypeSID"":""GrenadeRGD5"",""Chance"":""0.2"",""MinCount"":""1"",""MaxCount"":""1""}"
vanilla/Stalker2/Content/GameLite/GameData/ItemGeneratorPrototypes.cfg,ordinary role,Bandit,CloseCombat,GeneralNPC_Bandit_CloseCombat_ItemGenerator,GeneralNPC_Bandit_CloseCombat_ItemGenerator,[0],"{""SID"":""GeneralNPC_Bandit_CloseCombat_ItemGenerator"",""RefreshTime"":""1d"",""SpecificRewardSound"":""EUISound::SystemNotificationNews""}",[9],SubItemGenerator,,,,{},[0],GeneralNPC_Bandit_CloseCombat_ItemGenerator.ItemGenerator.[9].PossibleItems.[0],,GeneralNPC_Bandit_NVG,chance,,1,,,,,,,"{""ItemGeneratorPrototypeSID"":""GeneralNPC_Bandit_NVG"",""Chance"":""1""}"
vanilla/Stalker2/Content/GameLite/GameData/ItemGeneratorPrototypes.cfg,ordinary role,Bandit,Recon,GeneralNPC_Bandit_Recon_ItemGenerator,GeneralNPC_Bandit_Recon_ItemGenerator,[0],"{""SID"":""GeneralNPC_Bandit_Recon_ItemGenerator"",""RefreshTime"":""1d"",""SpecificRewardSound"":""EUISound::SystemNotificationNews""}",[0],SubItemGenerator,,,,{},[0],GeneralNPC_Bandit_Recon_ItemGenerator.ItemGenerator.[0].PossibleItems.[0],,GeneralNPC_Bandit_WeaponPistol,chance,,0.25,,,,,,,"{""ItemGeneratorPrototypeSID"":""GeneralNPC_Bandit_WeaponPistol"",""Chance"":""0.25""}"
vanilla/Stalker2/Content/GameLite/GameData/ItemGeneratorPrototypes.cfg,ordinary role,Bandit,Recon,GeneralNPC_Bandit_Recon_ItemGenerator,GeneralNPC_Bandit_Recon_ItemGenerator,[0],"{""SID"":""GeneralNPC_Bandit_Recon_ItemGenerator"",""RefreshTime"":""1d"",""SpecificRewardSound"":""EUISound::SystemNotificationNews""}",[1],WeaponPrimary,ERank::Newbie,,,{},[0],GeneralNPC_Bandit_Recon_ItemGenerator.ItemGenerator.[1].PossibleItems.[0],GunViper_PP,,weight,1000,,,,0,5,0.25,0.5,"{""ItemPrototypeSID"":""GunViper_PP"",""Weight"":""1000"",""MinDurability"":""0.25"",""MaxDurability"":""0.5"",""AmmoMinCount"":""0"",""AmmoMaxCount"":""5""}"
vanilla/Stalker2/Content/GameLite/GameData/ItemGeneratorPrototypes.cfg,ordinary role,Bandit,Recon,GeneralNPC_Bandit_Recon_ItemGenerator,GeneralNPC_Bandit_Recon_ItemGenerator,[0],"{""SID"":""GeneralNPC_Bandit_Recon_ItemGenerator"",""RefreshTime"":""1d"",""SpecificRewardSound"":""EUISound::SystemNotificationNews""}",[1],WeaponPrimary,ERank::Newbie,,,{},[1],GeneralNPC_Bandit_Recon_ItemGenerator.ItemGenerator.[1].PossibleItems.[1],GunAKU_PP,,weight,200,,,,0,5,0.25,0.5,"{""ItemPrototypeSID"":""GunAKU_PP"",""Weight"":""200"",""MinDurability"":""0.25"",""MaxDurability"":""0.5"",""AmmoMinCount"":""0"",""AmmoMaxCount"":""5""}"
vanilla/Stalker2/Content/GameLite/GameData/ItemGeneratorPrototypes.cfg,ordinary role,Bandit,Recon,GeneralNPC_Bandit_Recon_ItemGenerator,GeneralNPC_Bandit_Recon_ItemGenerator,[0],"{""SID"":""GeneralNPC_Bandit_Recon_ItemGenerator"",""RefreshTime"":""1d"",""SpecificRewardSound"":""EUISound::SystemNotificationNews""}",[2],WeaponPrimary,ERank::Experienced,,"EGameDifficulty::Easy, EGameDifficulty::Medium, EGameDifficulty::Hard",{},[0],GeneralNPC_Bandit_Recon_ItemGenerator.ItemGenerator.[2].PossibleItems.[0],GunViper_PP,,weight,700,,,,0,7,0.25,0.5,"{""ItemPrototypeSID"":""GunViper_PP"",""Weight"":""700"",""MinDurability"":""0.25"",""MaxDurability"":""0.5"",""AmmoMinCount"":""0"",""AmmoMaxCount"":""7""}"
vanilla/Stalker2/Content/GameLite/GameData/ItemGeneratorPrototypes.cfg,ordinary role,Bandit,Recon,GeneralNPC_Bandit_Recon_ItemGenerator,GeneralNPC_Bandit_Recon_ItemGenerator,[0],"{""SID"":""GeneralNPC_Bandit_Recon_ItemGenerator"",""RefreshTime"":""1d"",""SpecificRewardSound"":""EUISound::SystemNotificationNews""}",[2],WeaponPrimary,ERank::Experienced,,"EGameDifficulty::Easy, EGameDifficulty::Medium, EGameDifficulty::Hard",{},[1],GeneralNPC_Bandit_Recon_ItemGenerator.ItemGenerator.[2].PossibleItems.[1],GunAKU_PP,,weight,1000,,,,0,7,0.25,0.5,"{""ItemPrototypeSID"":""GunAKU_PP"",""Weight"":""1000"",""MinDurability"":""0.25"",""MaxDurability"":""0.5"",""AmmoMinCount"":""0"",""AmmoMaxCount"":""7""}"
vanilla/Stalker2/Content/GameLite/GameData/ItemGeneratorPrototypes.cfg,ordinary role,Bandit,Recon,GeneralNPC_Bandit_Recon_ItemGenerator,GeneralNPC_Bandit_Recon_ItemGenerator,[0],"{""SID"":""GeneralNPC_Bandit_Recon_ItemGenerator"",""RefreshTime"":""1d"",""SpecificRewardSound"":""EUISound::SystemNotificationNews""}",[2],WeaponPrimary,ERank::Experienced,,"EGameDifficulty::Easy, EGameDifficulty::Medium, EGameDifficulty::Hard",{},[2],GeneralNPC_Bandit_Recon_ItemGenerator.ItemGenerator.[2].PossibleItems.[2],GunBucket_PP,,weight,100,,,,0,7,0.25,0.5,"{""ItemPrototypeSID"":""GunBucket_PP"",""Weight"":""100"",""MinDurability"":""0.25"",""MaxDurability"":""0.5"",""AmmoMinCount"":""0"",""AmmoMaxCount"":""7""}"
vanilla/Stalker2/Content/GameLite/GameData/ItemGeneratorPrototypes.cfg,ordinary role,Bandit,Recon,GeneralNPC_Bandit_Recon_ItemGenerator,GeneralNPC_Bandit_Recon_ItemGenerator,[0],"{""SID"":""GeneralNPC_Bandit_Recon_ItemGenerator"",""RefreshTime"":""1d"",""SpecificRewardSound"":""EUISound::SystemNotificationNews""}",[2],WeaponPrimary,ERank::Experienced,,"EGameDifficulty::Easy, EGameDifficulty::Medium, EGameDifficulty::Hard",{},[3],GeneralNPC_Bandit_Recon_ItemGenerator.ItemGenerator.[2].PossibleItems.[3],GunM10_HG,,weight,300,,,,0,7,0.25,0.5,"{""ItemPrototypeSID"":""GunM10_HG"",""Weight"":""300"",""MinDurability"":""0.25"",""MaxDurability"":""0.5"",""AmmoMinCount"":""0"",""AmmoMaxCount"":""7""}"
vanilla/Stalker2/Content/GameLite/GameData/ItemGeneratorPrototypes.cfg,ordinary role,Bandit,Recon,GeneralNPC_Bandit_Recon_ItemGenerator,GeneralNPC_Bandit_Recon_ItemGenerator,[0],"{""SID"":""GeneralNPC_Bandit_Recon_ItemGenerator"",""RefreshTime"":""1d"",""SpecificRewardSound"":""EUISound::SystemNotificationNews""}",[3],WeaponPrimary,ERank::Veteran,,"EGameDifficulty::Easy, EGameDifficulty::Medium, EGameDifficulty::Hard",{},[0],GeneralNPC_Bandit_Recon_ItemGenerator.ItemGenerator.[3].PossibleItems.[0],GunViper_PP,,weight,400,,,,0,7,0.25,0.5,"{""ItemPrototypeSID"":""GunViper_PP"",""Weight"":""400"",""MinDurability"":""0.25"",""MaxDurability"":""0.5"",""AmmoMinCount"":""0"",""AmmoMaxCount"":""7""}"
vanilla/Stalker2/Content/GameLite/GameData/ItemGeneratorPrototypes.cfg,ordinary role,Bandit,Recon,GeneralNPC_Bandit_Recon_ItemGenerator,GeneralNPC_Bandit_Recon_ItemGenerator,[0],"{""SID"":""GeneralNPC_Bandit_Recon_ItemGenerator"",""RefreshTime"":""1d"",""SpecificRewardSound"":""EUISound::SystemNotificationNews""}",[3],WeaponPrimary,ERank::Veteran,,"EGameDifficulty::Easy, EGameDifficulty::Medium, EGameDifficulty::Hard",{},[1],GeneralNPC_Bandit_Recon_ItemGenerator.ItemGenerator.[3].PossibleItems.[1],GunAKU_PP,,weight,1000,,,,0,7,0.25,0.5,"{""ItemPrototypeSID"":""GunAKU_PP"",""Weight"":""1000"",""MinDurability"":""0.25"",""MaxDurability"":""0.5"",""AmmoMinCount"":""0"",""AmmoMaxCount"":""7""}"
vanilla/Stalker2/Content/GameLite/GameData/ItemGeneratorPrototypes.cfg,ordinary role,Bandit,Recon,GeneralNPC_Bandit_Recon_ItemGenerator,GeneralNPC_Bandit_Recon_ItemGenerator,[0],"{""SID"":""GeneralNPC_Bandit_Recon_ItemGenerator"",""RefreshTime"":""1d"",""SpecificRewardSound"":""EUISound::SystemNotificationNews""}",[3],WeaponPrimary,ERank::Veteran,,"EGameDifficulty::Easy, EGameDifficulty::Medium, EGameDifficulty::Hard",{},[2],GeneralNPC_Bandit_Recon_ItemGenerator.ItemGenerator.[3].PossibleItems.[2],GunBucket_PP,,weight,100,,,,0,7,0.25,0.5,"{""ItemPrototypeSID"":""GunBucket_PP"",""Weight"":""100"",""MinDurability"":""0.25"",""MaxDurability"":""0.5"",""AmmoMinCount"":""0"",""AmmoMaxCount"":""7""}"
vanilla/Stalker2/Content/GameLite/GameData/ItemGeneratorPrototypes.cfg,ordinary role,Bandit,Recon,GeneralNPC_Bandit_Recon_ItemGenerator,GeneralNPC_Bandit_Recon_ItemGenerator,[0],"{""SID"":""GeneralNPC_Bandit_Recon_ItemGenerator"",""RefreshTime"":""1d"",""SpecificRewardSound"":""EUISound::SystemNotificationNews""}",[3],WeaponPrimary,ERank::Veteran,,"EGameDifficulty::Easy, EGameDifficulty::Medium, EGameDifficulty::Hard",{},[3],GeneralNPC_Bandit_Recon_ItemGenerator.ItemGenerator.[3].PossibleItems.[3],GunM10_HG,,weight,400,,,,0,7,0.25,0.5,"{""ItemPrototypeSID"":""GunM10_HG"",""Weight"":""400"",""MinDurability"":""0.25"",""MaxDurability"":""0.5"",""AmmoMinCount"":""0"",""AmmoMaxCount"":""7""}"
vanilla/Stalker2/Content/GameLite/GameData/ItemGeneratorPrototypes.cfg,ordinary role,Bandit,Recon,GeneralNPC_Bandit_Recon_ItemGenerator,GeneralNPC_Bandit_Recon_ItemGenerator,[0],"{""SID"":""GeneralNPC_Bandit_Recon_ItemGenerator"",""RefreshTime"":""1d"",""SpecificRewardSound"":""EUISound::SystemNotificationNews""}",[3],WeaponPrimary,ERank::Veteran,,"EGameDifficulty::Easy, EGameDifficulty::Medium, EGameDifficulty::Hard",{},[4],GeneralNPC_Bandit_Recon_ItemGenerator.ItemGenerator.[3].PossibleItems.[4],GunFora230_PP,,weight,100,,,,0,7,0.25,0.5,"{""ItemPrototypeSID"":""GunFora230_PP"",""Weight"":""100"",""MinDurability"":""0.25"",""MaxDurability"":""0.5"",""AmmoMinCount"":""0"",""AmmoMaxCount"":""7""}"
vanilla/Stalker2/Content/GameLite/GameData/ItemGeneratorPrototypes.cfg,ordinary role,Bandit,Recon,GeneralNPC_Bandit_Recon_ItemGenerator,GeneralNPC_Bandit_Recon_ItemGenerator,[0],"{""SID"":""GeneralNPC_Bandit_Recon_ItemGenerator"",""RefreshTime"":""1d"",""SpecificRewardSound"":""EUISound::SystemNotificationNews""}",[4],WeaponPrimary,ERank::Master,,"EGameDifficulty::Easy, EGameDifficulty::Medium, EGameDifficulty::Hard",{},[0],GeneralNPC_Bandit_Recon_ItemGenerator.ItemGenerator.[4].PossibleItems.[0],GunAKU_PP,,weight,1000,,,,0,7,0.25,0.5,"{""ItemPrototypeSID"":""GunAKU_PP"",""Weight"":""1000"",""MinDurability"":""0.25"",""MaxDurability"":""0.5"",""AmmoMinCount"":""0"",""AmmoMaxCount"":""7""}"
vanilla/Stalker2/Content/GameLite/GameData/ItemGeneratorPrototypes.cfg,ordinary role,Bandit,Recon,GeneralNPC_Bandit_Recon_ItemGenerator,GeneralNPC_Bandit_Recon_ItemGenerator,[0],"{""SID"":""GeneralNPC_Bandit_Recon_ItemGenerator"",""RefreshTime"":""1d"",""SpecificRewardSound"":""EUISound::SystemNotificationNews""}",[4],WeaponPrimary,ERank::Master,,"EGameDifficulty::Easy, EGameDifficulty::Medium, EGameDifficulty::Hard",{},[1],GeneralNPC_Bandit_Recon_ItemGenerator.ItemGenerator.[4].PossibleItems.[1],GunBucket_PP,,weight,500,,,,0,7,0.25,0.5,"{""ItemPrototypeSID"":""GunBucket_PP"",""Weight"":""500"",""MinDurability"":""0.25"",""MaxDurability"":""0.5"",""AmmoMinCount"":""0"",""AmmoMaxCount"":""7""}"
vanilla/Stalker2/Content/GameLite/GameData/ItemGeneratorPrototypes.cfg,ordinary role,Bandit,Recon,GeneralNPC_Bandit_Recon_ItemGenerator,GeneralNPC_Bandit_Recon_ItemGenerator,[0],"{""SID"":""GeneralNPC_Bandit_Recon_ItemGenerator"",""RefreshTime"":""1d"",""SpecificRewardSound"":""EUISound::SystemNotificationNews""}",[4],WeaponPrimary,ERank::Master,,"EGameDifficulty::Easy, EGameDifficulty::Medium, EGameDifficulty::Hard",{},[2],GeneralNPC_Bandit_Recon_ItemGenerator.ItemGenerator.[4].PossibleItems.[2],GunM10_HG,,weight,100,,,,0,7,0.25,0.5,"{""ItemPrototypeSID"":""GunM10_HG"",""Weight"":""100"",""MinDurability"":""0.25"",""MaxDurability"":""0.5"",""AmmoMinCount"":""0"",""AmmoMaxCount"":""7""}"
vanilla/Stalker2/Content/GameLite/GameData/ItemGeneratorPrototypes.cfg,ordinary role,Bandit,Recon,GeneralNPC_Bandit_Recon_ItemGenerator,GeneralNPC_Bandit_Recon_ItemGenerator,[0],"{""SID"":""GeneralNPC_Bandit_Recon_ItemGenerator"",""RefreshTime"":""1d"",""SpecificRewardSound"":""EUISound::SystemNotificationNews""}",[4],WeaponPrimary,ERank::Master,,"EGameDifficulty::Easy, EGameDifficulty::Medium, EGameDifficulty::Hard",{},[3],GeneralNPC_Bandit_Recon_ItemGenerator.ItemGenerator.[4].PossibleItems.[3],GunFora230_PP,,weight,500,,,,0,7,0.25,0.5,"{""ItemPrototypeSID"":""GunFora230_PP"",""Weight"":""500"",""MinDurability"":""0.25"",""MaxDurability"":""0.5"",""AmmoMinCount"":""0"",""AmmoMaxCount"":""7""}"
vanilla/Stalker2/Content/GameLite/GameData/ItemGeneratorPrototypes.cfg,ordinary role,Bandit,Recon,GeneralNPC_Bandit_Recon_ItemGenerator,GeneralNPC_Bandit_Recon_ItemGenerator,[0],"{""SID"":""GeneralNPC_Bandit_Recon_ItemGenerator"",""RefreshTime"":""1d"",""SpecificRewardSound"":""EUISound::SystemNotificationNews""}",[5],WeaponPrimary,ERank::Experienced,,EGameDifficulty::Stalker,{},[0],GeneralNPC_Bandit_Recon_ItemGenerator.ItemGenerator.[5].PossibleItems.[0],GunViper_PP,,weight,700,,,,0,6,0.25,0.5,"{""ItemPrototypeSID"":""GunViper_PP"",""Weight"":""700"",""MinDurability"":""0.25"",""MaxDurability"":""0.5"",""AmmoMinCount"":""0"",""AmmoMaxCount"":""6""}"
vanilla/Stalker2/Content/GameLite/GameData/ItemGeneratorPrototypes.cfg,ordinary role,Bandit,Recon,GeneralNPC_Bandit_Recon_ItemGenerator,GeneralNPC_Bandit_Recon_ItemGenerator,[0],"{""SID"":""GeneralNPC_Bandit_Recon_ItemGenerator"",""RefreshTime"":""1d"",""SpecificRewardSound"":""EUISound::SystemNotificationNews""}",[5],WeaponPrimary,ERank::Experienced,,EGameDifficulty::Stalker,{},[1],GeneralNPC_Bandit_Recon_ItemGenerator.ItemGenerator.[5].PossibleItems.[1],GunAKU_PP,,weight,1000,,,,0,6,0.25,0.5,"{""ItemPrototypeSID"":""GunAKU_PP"",""Weight"":""1000"",""MinDurability"":""0.25"",""MaxDurability"":""0.5"",""AmmoMinCount"":""0"",""AmmoMaxCount"":""6""}"
vanilla/Stalker2/Content/GameLite/GameData/ItemGeneratorPrototypes.cfg,ordinary role,Bandit,Recon,GeneralNPC_Bandit_Recon_ItemGenerator,GeneralNPC_Bandit_Recon_ItemGenerator,[0],"{""SID"":""GeneralNPC_Bandit_Recon_ItemGenerator"",""RefreshTime"":""1d"",""SpecificRewardSound"":""EUISound::SystemNotificationNews""}",[5],WeaponPrimary,ERank::Experienced,,EGameDifficulty::Stalker,{},[2],GeneralNPC_Bandit_Recon_ItemGenerator.ItemGenerator.[5].PossibleItems.[2],GunBucket_PP,,weight,100,,,,0,6,0.25,0.5,"{""ItemPrototypeSID"":""GunBucket_PP"",""Weight"":""100"",""MinDurability"":""0.25"",""MaxDurability"":""0.5"",""AmmoMinCount"":""0"",""AmmoMaxCount"":""6""}"
vanilla/Stalker2/Content/GameLite/GameData/ItemGeneratorPrototypes.cfg,ordinary role,Bandit,Recon,GeneralNPC_Bandit_Recon_ItemGenerator,GeneralNPC_Bandit_Recon_ItemGenerator,[0],"{""SID"":""GeneralNPC_Bandit_Recon_ItemGenerator"",""RefreshTime"":""1d"",""SpecificRewardSound"":""EUISound::SystemNotificationNews""}",[5],WeaponPrimary,ERank::Experienced,,EGameDifficulty::Stalker,{},[3],GeneralNPC_Bandit_Recon_ItemGenerator.ItemGenerator.[5].PossibleItems.[3],GunM10_HG,,weight,300,,,,0,6,0.25,0.5,"{""ItemPrototypeSID"":""GunM10_HG"",""Weight"":""300"",""MinDurability"":""0.25"",""MaxDurability"":""0.5"",""AmmoMinCount"":""0"",""AmmoMaxCount"":""6""}"
vanilla/Stalker2/Content/GameLite/GameData/ItemGeneratorPrototypes.cfg,ordinary role,Bandit,Recon,GeneralNPC_Bandit_Recon_ItemGenerator,GeneralNPC_Bandit_Recon_ItemGenerator,[0],"{""SID"":""GeneralNPC_Bandit_Recon_ItemGenerator"",""RefreshTime"":""1d"",""SpecificRewardSound"":""EUISound::SystemNotificationNews""}",[6],WeaponPrimary,ERank::Veteran,,EGameDifficulty::Stalker,{},[0],GeneralNPC_Bandit_Recon_ItemGenerator.ItemGenerator.[6].PossibleItems.[0],GunViper_PP,,weight,400,,,,0,6,0.25,0.5,"{""ItemPrototypeSID"":""GunViper_PP"",""Weight"":""400"",""MinDurability"":""0.25"",""MaxDurability"":""0.5"",""AmmoMinCount"":""0"",""AmmoMaxCount"":""6""}"
vanilla/Stalker2/Content/GameLite/GameData/ItemGeneratorPrototypes.cfg,ordinary role,Bandit,Recon,GeneralNPC_Bandit_Recon_ItemGenerator,GeneralNPC_Bandit_Recon_ItemGenerator,[0],"{""SID"":""GeneralNPC_Bandit_Recon_ItemGenerator"",""RefreshTime"":""1d"",""SpecificRewardSound"":""EUISound::SystemNotificationNews""}",[6],WeaponPrimary,ERank::Veteran,,EGameDifficulty::Stalker,{},[1],GeneralNPC_Bandit_Recon_ItemGenerator.ItemGenerator.[6].PossibleItems.[1],GunAKU_PP,,weight,1000,,,,0,6,0.25,0.5,"{""ItemPrototypeSID"":""GunAKU_PP"",""Weight"":""1000"",""MinDurability"":""0.25"",""MaxDurability"":""0.5"",""AmmoMinCount"":""0"",""AmmoMaxCount"":""6""}"
vanilla/Stalker2/Content/GameLite/GameData/ItemGeneratorPrototypes.cfg,ordinary role,Bandit,Recon,GeneralNPC_Bandit_Recon_ItemGenerator,GeneralNPC_Bandit_Recon_ItemGenerator,[0],"{""SID"":""GeneralNPC_Bandit_Recon_ItemGenerator"",""RefreshTime"":""1d"",""SpecificRewardSound"":""EUISound::SystemNotificationNews""}",[6],WeaponPrimary,ERank::Veteran,,EGameDifficulty::Stalker,{},[2],GeneralNPC_Bandit_Recon_ItemGenerator.ItemGenerator.[6].PossibleItems.[2],GunBucket_PP,,weight,100,,,,0,6,0.25,0.5,"{""ItemPrototypeSID"":""GunBucket_PP"",""Weight"":""100"",""MinDurability"":""0.25"",""MaxDurability"":""0.5"",""AmmoMinCount"":""0"",""AmmoMaxCount"":""6""}"
vanilla/Stalker2/Content/GameLite/GameData/ItemGeneratorPrototypes.cfg,ordinary role,Bandit,Recon,GeneralNPC_Bandit_Recon_ItemGenerator,GeneralNPC_Bandit_Recon_ItemGenerator,[0],"{""SID"":""GeneralNPC_Bandit_Recon_ItemGenerator"",""RefreshTime"":""1d"",""SpecificRewardSound"":""EUISound::SystemNotificationNews""}",[6],WeaponPrimary,ERank::Veteran,,EGameDifficulty::Stalker,{},[3],GeneralNPC_Bandit_Recon_ItemGenerator.ItemGenerator.[6].PossibleItems.[3],GunM10_HG,,weight,400,,,,0,6,0.25,0.5,"{""ItemPrototypeSID"":""GunM10_HG"",""Weight"":""400"",""MinDurability"":""0.25"",""MaxDurability"":""0.5"",""AmmoMinCount"":""0"",""AmmoMaxCount"":""6""}"
vanilla/Stalker2/Content/GameLite/GameData/ItemGeneratorPrototypes.cfg,ordinary role,Bandit,Recon,GeneralNPC_Bandit_Recon_ItemGenerator,GeneralNPC_Bandit_Recon_ItemGenerator,[0],"{""SID"":""GeneralNPC_Bandit_Recon_ItemGenerator"",""RefreshTime"":""1d"",""SpecificRewardSound"":""EUISound::SystemNotificationNews""}",[6],WeaponPrimary,ERank::Veteran,,EGameDifficulty::Stalker,{},[4],GeneralNPC_Bandit_Recon_ItemGenerator.ItemGenerator.[6].PossibleItems.[4],GunFora230_PP,,weight,100,,,,0,6,0.25,0.5,"{""ItemPrototypeSID"":""GunFora230_PP"",""Weight"":""100"",""MinDurability"":""0.25"",""MaxDurability"":""0.5"",""AmmoMinCount"":""0"",""AmmoMaxCount"":""6""}"
vanilla/Stalker2/Content/GameLite/GameData/ItemGeneratorPrototypes.cfg,ordinary role,Bandit,Recon,GeneralNPC_Bandit_Recon_ItemGenerator,GeneralNPC_Bandit_Recon_ItemGenerator,[0],"{""SID"":""GeneralNPC_Bandit_Recon_ItemGenerator"",""RefreshTime"":""1d"",""SpecificRewardSound"":""EUISound::SystemNotificationNews""}",[7],WeaponPrimary,ERank::Master,,EGameDifficulty::Stalker,{},[0],GeneralNPC_Bandit_Recon_ItemGenerator.ItemGenerator.[7].PossibleItems.[0],GunAKU_PP,,weight,1000,,,,0,6,0.25,0.5,"{""ItemPrototypeSID"":""GunAKU_PP"",""Weight"":""1000"",""MinDurability"":""0.25"",""MaxDurability"":""0.5"",""AmmoMinCount"":""0"",""AmmoMaxCount"":""6""}"
vanilla/Stalker2/Content/GameLite/GameData/ItemGeneratorPrototypes.cfg,ordinary role,Bandit,Recon,GeneralNPC_Bandit_Recon_ItemGenerator,GeneralNPC_Bandit_Recon_ItemGenerator,[0],"{""SID"":""GeneralNPC_Bandit_Recon_ItemGenerator"",""RefreshTime"":""1d"",""SpecificRewardSound"":""EUISound::SystemNotificationNews""}",[7],WeaponPrimary,ERank::Master,,EGameDifficulty::Stalker,{},[1],GeneralNPC_Bandit_Recon_ItemGenerator.ItemGenerator.[7].PossibleItems.[1],GunBucket_PP,,weight,500,,,,0,6,0.25,0.5,"{""ItemPrototypeSID"":""GunBucket_PP"",""Weight"":""500"",""MinDurability"":""0.25"",""MaxDurability"":""0.5"",""AmmoMinCount"":""0"",""AmmoMaxCount"":""6""}"
vanilla/Stalker2/Content/GameLite/GameData/ItemGeneratorPrototypes.cfg,ordinary role,Bandit,Recon,GeneralNPC_Bandit_Recon_ItemGenerator,GeneralNPC_Bandit_Recon_ItemGenerator,[0],"{""SID"":""GeneralNPC_Bandit_Recon_ItemGenerator"",""RefreshTime"":""1d"",""SpecificRewardSound"":""EUISound::SystemNotificationNews""}",[7],WeaponPrimary,ERank::Master,,EGameDifficulty::Stalker,{},[2],GeneralNPC_Bandit_Recon_ItemGenerator.ItemGenerator.[7].PossibleItems.[2],GunM10_HG,,weight,100,,,,0,6,0.25,0.5,"{""ItemPrototypeSID"":""GunM10_HG"",""Weight"":""100"",""MinDurability"":""0.25"",""MaxDurability"":""0.5"",""AmmoMinCount"":""0"",""AmmoMaxCount"":""6""}"
vanilla/Stalker2/Content/GameLite/GameData/ItemGeneratorPrototypes.cfg,ordinary role,Bandit,Recon,GeneralNPC_Bandit_Recon_ItemGenerator,GeneralNPC_Bandit_Recon_ItemGenerator,[0],"{""SID"":""GeneralNPC_Bandit_Recon_ItemGenerator"",""RefreshTime"":""1d"",""SpecificRewardSound"":""EUISound::SystemNotificationNews""}",[7],WeaponPrimary,ERank::Master,,EGameDifficulty::Stalker,{},[3],GeneralNPC_Bandit_Recon_ItemGenerator.ItemGenerator.[7].PossibleItems.[3],GunFora230_PP,,weight,500,,,,0,6,0.25,0.5,"{""ItemPrototypeSID"":""GunFora230_PP"",""Weight"":""500"",""MinDurability"":""0.25"",""MaxDurability"":""0.5"",""AmmoMinCount"":""0"",""AmmoMaxCount"":""6""}"
vanilla/Stalker2/Content/GameLite/GameData/ItemGeneratorPrototypes.cfg,ordinary role,Bandit,Recon,GeneralNPC_Bandit_Recon_ItemGenerator,GeneralNPC_Bandit_Recon_ItemGenerator,[0],"{""SID"":""GeneralNPC_Bandit_Recon_ItemGenerator"",""RefreshTime"":""1d"",""SpecificRewardSound"":""EUISound::SystemNotificationNews""}",[8],SubItemGenerator,,,,{},[0],GeneralNPC_Bandit_Recon_ItemGenerator.ItemGenerator.[8].PossibleItems.[0],,GeneralNPC_Bandit_Armor,weight,1,,,,,,,,"{""ItemGeneratorPrototypeSID"":""GeneralNPC_Bandit_Armor"",""Weight"":""1""}"
vanilla/Stalker2/Content/GameLite/GameData/ItemGeneratorPrototypes.cfg,ordinary role,Bandit,Recon,GeneralNPC_Bandit_Recon_ItemGenerator,GeneralNPC_Bandit_Recon_ItemGenerator,[0],"{""SID"":""GeneralNPC_Bandit_Recon_ItemGenerator"",""RefreshTime"":""1d"",""SpecificRewardSound"":""EUISound::SystemNotificationNews""}",[9],SubItemGenerator,,,,{},[0],GeneralNPC_Bandit_Recon_ItemGenerator.ItemGenerator.[9].PossibleItems.[0],,GeneralNPC_Consumables_Recon,weight,1,,,,,,,,"{""ItemGeneratorPrototypeSID"":""GeneralNPC_Consumables_Recon"",""Weight"":""1""}"
vanilla/Stalker2/Content/GameLite/GameData/ItemGeneratorPrototypes.cfg,ordinary role,Bandit,Recon,GeneralNPC_Bandit_Recon_ItemGenerator,GeneralNPC_Bandit_Recon_ItemGenerator,[0],"{""SID"":""GeneralNPC_Bandit_Recon_ItemGenerator"",""RefreshTime"":""1d"",""SpecificRewardSound"":""EUISound::SystemNotificationNews""}",[10],Artifact,,,,{},[0],GeneralNPC_Bandit_Recon_ItemGenerator.ItemGenerator.[10].PossibleItems.[0],GrenadeRGD5,,chance,,0.2,1,1,,,,,"{""ItemPrototypeSID"":""GrenadeRGD5"",""Chance"":""0.2"",""MinCount"":""1"",""MaxCount"":""1""}"
vanilla/Stalker2/Content/GameLite/GameData/ItemGeneratorPrototypes.cfg,ordinary role,Bandit,Recon,GeneralNPC_Bandit_Recon_ItemGenerator,GeneralNPC_Bandit_Recon_ItemGenerator,[0],"{""SID"":""GeneralNPC_Bandit_Recon_ItemGenerator"",""RefreshTime"":""1d"",""SpecificRewardSound"":""EUISound::SystemNotificationNews""}",[11],Detector,,,,{},[0],GeneralNPC_Bandit_Recon_ItemGenerator.ItemGenerator.[11].PossibleItems.[0],Echo,,chance,,0.05,1,,,,,,"{""ItemPrototypeSID"":""Echo"",""Chance"":""0.05"",""MinCount"":""1""}"
vanilla/Stalker2/Content/GameLite/GameData/ItemGeneratorPrototypes.cfg,ordinary role,Bandit,Recon,GeneralNPC_Bandit_Recon_ItemGenerator,GeneralNPC_Bandit_Recon_ItemGenerator,[0],"{""SID"":""GeneralNPC_Bandit_Recon_ItemGenerator"",""RefreshTime"":""1d"",""SpecificRewardSound"":""EUISound::SystemNotificationNews""}",[12],SubItemGenerator,,,,{},[0],GeneralNPC_Bandit_Recon_ItemGenerator.ItemGenerator.[12].PossibleItems.[0],,GeneralNPC_Bandit_NVG,chance,,1,,,,,,,"{""ItemGeneratorPrototypeSID"":""GeneralNPC_Bandit_NVG"",""Chance"":""1""}"
vanilla/Stalker2/Content/GameLite/GameData/ItemGeneratorPrototypes.cfg,ordinary role,Bandit,Stormtrooper,GeneralNPC_Bandit_Stormtrooper_ItemGenerator,GeneralNPC_Bandit_Stormtrooper_ItemGenerator,[0],"{""SID"":""GeneralNPC_Bandit_Stormtrooper_ItemGenerator"",""RefreshTime"":""1d"",""SpecificRewardSound"":""EUISound::SystemNotificationNews""}",[0],SubItemGenerator,,,,{},[0],GeneralNPC_Bandit_Stormtrooper_ItemGenerator.ItemGenerator.[0].PossibleItems.[0],,GeneralNPC_Bandit_WeaponPistol,chance,,1.0,,,,,,,"{""ItemGeneratorPrototypeSID"":""GeneralNPC_Bandit_WeaponPistol"",""Chance"":""1.0""}"
vanilla/Stalker2/Content/GameLite/GameData/ItemGeneratorPrototypes.cfg,ordinary role,Bandit,Stormtrooper,GeneralNPC_Bandit_Stormtrooper_ItemGenerator,GeneralNPC_Bandit_Stormtrooper_ItemGenerator,[0],"{""SID"":""GeneralNPC_Bandit_Stormtrooper_ItemGenerator"",""RefreshTime"":""1d"",""SpecificRewardSound"":""EUISound::SystemNotificationNews""}",[1],WeaponPrimary,ERank::Newbie,,,{},[0],GeneralNPC_Bandit_Stormtrooper_ItemGenerator.ItemGenerator.[1].PossibleItems.[0],GunViper_PP,,weight,1000,,,,0,5,0.25,0.5,"{""ItemPrototypeSID"":""GunViper_PP"",""Weight"":""1000"",""MinDurability"":""0.25"",""MaxDurability"":""0.5"",""AmmoMinCount"":""0"",""AmmoMaxCount"":""5""}"
vanilla/Stalker2/Content/GameLite/GameData/ItemGeneratorPrototypes.cfg,ordinary role,Bandit,Stormtrooper,GeneralNPC_Bandit_Stormtrooper_ItemGenerator,GeneralNPC_Bandit_Stormtrooper_ItemGenerator,[0],"{""SID"":""GeneralNPC_Bandit_Stormtrooper_ItemGenerator"",""RefreshTime"":""1d"",""SpecificRewardSound"":""EUISound::SystemNotificationNews""}",[1],WeaponPrimary,ERank::Newbie,,,{},[1],GeneralNPC_Bandit_Stormtrooper_ItemGenerator.ItemGenerator.[1].PossibleItems.[1],GunAKU_PP,,weight,100,,,,0,5,0.25,0.5,"{""ItemPrototypeSID"":""GunAKU_PP"",""Weight"":""100"",""MinDurability"":""0.25"",""MaxDurability"":""0.5"",""AmmoMinCount"":""0"",""AmmoMaxCount"":""5""}"
vanilla/Stalker2/Content/GameLite/GameData/ItemGeneratorPrototypes.cfg,ordinary role,Bandit,Stormtrooper,GeneralNPC_Bandit_Stormtrooper_ItemGenerator,GeneralNPC_Bandit_Stormtrooper_ItemGenerator,[0],"{""SID"":""GeneralNPC_Bandit_Stormtrooper_ItemGenerator"",""RefreshTime"":""1d"",""SpecificRewardSound"":""EUISound::SystemNotificationNews""}",[2],WeaponPrimary,ERank::Experienced,,,{},[0],GeneralNPC_Bandit_Stormtrooper_ItemGenerator.ItemGenerator.[2].PossibleItems.[0],GunAK74_ST,,weight,1000,,,,0,5,0.25,0.5,"{""ItemPrototypeSID"":""GunAK74_ST"",""Weight"":""1000"",""MinDurability"":""0.25"",""MaxDurability"":""0.5"",""AmmoMinCount"":""0"",""AmmoMaxCount"":""5""}"
vanilla/Stalker2/Content/GameLite/GameData/ItemGeneratorPrototypes.cfg,ordinary role,Bandit,Stormtrooper,GeneralNPC_Bandit_Stormtrooper_ItemGenerator,GeneralNPC_Bandit_Stormtrooper_ItemGenerator,[0],"{""SID"":""GeneralNPC_Bandit_Stormtrooper_ItemGenerator"",""RefreshTime"":""1d"",""SpecificRewardSound"":""EUISound::SystemNotificationNews""}",[2],WeaponPrimary,ERank::Experienced,,,{},[1],GeneralNPC_Bandit_Stormtrooper_ItemGenerator.ItemGenerator.[2].PossibleItems.[1],GunG37_ST,,weight,100,,,,0,5,0.25,0.5,"{""ItemPrototypeSID"":""GunG37_ST"",""Weight"":""100"",""MinDurability"":""0.25"",""MaxDurability"":""0.5"",""AmmoMinCount"":""0"",""AmmoMaxCount"":""5""}"
vanilla/Stalker2/Content/GameLite/GameData/ItemGeneratorPrototypes.cfg,ordinary role,Bandit,Stormtrooper,GeneralNPC_Bandit_Stormtrooper_ItemGenerator,GeneralNPC_Bandit_Stormtrooper_ItemGenerator,[0],"{""SID"":""GeneralNPC_Bandit_Stormtrooper_ItemGenerator"",""RefreshTime"":""1d"",""SpecificRewardSound"":""EUISound::SystemNotificationNews""}",[3],WeaponPrimary,ERank::Veteran,,,{},[0],GeneralNPC_Bandit_Stormtrooper_ItemGenerator.ItemGenerator.[3].PossibleItems.[0],GunAK74_ST,,weight,500,,,,0,5,0.25,0.5,"{""ItemPrototypeSID"":""GunAK74_ST"",""Weight"":""500"",""MinDurability"":""0.25"",""MaxDurability"":""0.5"",""AmmoMinCount"":""0"",""AmmoMaxCount"":""5""}"
vanilla/Stalker2/Content/GameLite/GameData/ItemGeneratorPrototypes.cfg,ordinary role,Bandit,Stormtrooper,GeneralNPC_Bandit_Stormtrooper_ItemGenerator,GeneralNPC_Bandit_Stormtrooper_ItemGenerator,[0],"{""SID"":""GeneralNPC_Bandit_Stormtrooper_ItemGenerator"",""RefreshTime"":""1d"",""SpecificRewardSound"":""EUISound::SystemNotificationNews""}",[3],WeaponPrimary,ERank::Veteran,,,{},[1],GeneralNPC_Bandit_Stormtrooper_ItemGenerator.ItemGenerator.[3].PossibleItems.[1],GunG37_ST,,weight,1000,,,,0,5,0.25,0.5,"{""ItemPrototypeSID"":""GunG37_ST"",""Weight"":""1000"",""MinDurability"":""0.25"",""MaxDurability"":""0.5"",""AmmoMinCount"":""0"",""AmmoMaxCount"":""5""}"
vanilla/Stalker2/Content/GameLite/GameData/ItemGeneratorPrototypes.cfg,ordinary role,Bandit,Stormtrooper,GeneralNPC_Bandit_Stormtrooper_ItemGenerator,GeneralNPC_Bandit_Stormtrooper_ItemGenerator,[0],"{""SID"":""GeneralNPC_Bandit_Stormtrooper_ItemGenerator"",""RefreshTime"":""1d"",""SpecificRewardSound"":""EUISound::SystemNotificationNews""}",[4],WeaponPrimary,ERank::Master,,"EGameDifficulty::Easy, EGameDifficulty::Medium, EGameDifficulty::Hard",{},[0],GeneralNPC_Bandit_Stormtrooper_ItemGenerator.ItemGenerator.[4].PossibleItems.[0],GunG37_ST,,weight,1000,,,,0,7,0.25,0.5,"{""ItemPrototypeSID"":""GunG37_ST"",""Weight"":""1000"",""MinDurability"":""0.25"",""MaxDurability"":""0.5"",""AmmoMinCount"":""0"",""AmmoMaxCount"":""7""}"
vanilla/Stalker2/Content/GameLite/GameData/ItemGeneratorPrototypes.cfg,ordinary role,Bandit,Stormtrooper,GeneralNPC_Bandit_Stormtrooper_ItemGenerator,GeneralNPC_Bandit_Stormtrooper_ItemGenerator,[0],"{""SID"":""GeneralNPC_Bandit_Stormtrooper_ItemGenerator"",""RefreshTime"":""1d"",""SpecificRewardSound"":""EUISound::SystemNotificationNews""}",[5],WeaponPrimary,ERank::Master,,EGameDifficulty::Stalker,{},[0],GeneralNPC_Bandit_Stormtrooper_ItemGenerator.ItemGenerator.[5].PossibleItems.[0],GunG37_ST,,weight,1000,,,,0,6,0.25,0.5,"{""ItemPrototypeSID"":""GunG37_ST"",""Weight"":""1000"",""MinDurability"":""0.25"",""MaxDurability"":""0.5"",""AmmoMinCount"":""0"",""AmmoMaxCount"":""6""}"
vanilla/Stalker2/Content/GameLite/GameData/ItemGeneratorPrototypes.cfg,ordinary role,Bandit,Stormtrooper,GeneralNPC_Bandit_Stormtrooper_ItemGenerator,GeneralNPC_Bandit_Stormtrooper_ItemGenerator,[0],"{""SID"":""GeneralNPC_Bandit_Stormtrooper_ItemGenerator"",""RefreshTime"":""1d"",""SpecificRewardSound"":""EUISound::SystemNotificationNews""}",[6],SubItemGenerator,,,,{},[0],GeneralNPC_Bandit_Stormtrooper_ItemGenerator.ItemGenerator.[6].PossibleItems.[0],,GeneralNPC_Bandit_Armor,weight,1,,,,,,,,"{""ItemGeneratorPrototypeSID"":""GeneralNPC_Bandit_Armor"",""Weight"":""1""}"
vanilla/Stalker2/Content/GameLite/GameData/ItemGeneratorPrototypes.cfg,ordinary role,Bandit,Stormtrooper,GeneralNPC_Bandit_Stormtrooper_ItemGenerator,GeneralNPC_Bandit_Stormtrooper_ItemGenerator,[0],"{""SID"":""GeneralNPC_Bandit_Stormtrooper_ItemGenerator"",""RefreshTime"":""1d"",""SpecificRewardSound"":""EUISound::SystemNotificationNews""}",[7],SubItemGenerator,,,,{},[0],GeneralNPC_Bandit_Stormtrooper_ItemGenerator.ItemGenerator.[7].PossibleItems.[0],,GeneralNPC_Consumables_Stormtrooper,weight,1,,,,,,,,"{""ItemGeneratorPrototypeSID"":""GeneralNPC_Consumables_Stormtrooper"",""Weight"":""1""}"
vanilla/Stalker2/Content/GameLite/GameData/ItemGeneratorPrototypes.cfg,ordinary role,Bandit,Stormtrooper,GeneralNPC_Bandit_Stormtrooper_ItemGenerator,GeneralNPC_Bandit_Stormtrooper_ItemGenerator,[0],"{""SID"":""GeneralNPC_Bandit_Stormtrooper_ItemGenerator"",""RefreshTime"":""1d"",""SpecificRewardSound"":""EUISound::SystemNotificationNews""}",[8],Artifact,,,,{},[0],GeneralNPC_Bandit_Stormtrooper_ItemGenerator.ItemGenerator.[8].PossibleItems.[0],GrenadeRGD5,,chance,,0.2,1,1,,,,,"{""ItemPrototypeSID"":""GrenadeRGD5"",""Chance"":""0.2"",""MinCount"":""1"",""MaxCount"":""1""}"
vanilla/Stalker2/Content/GameLite/GameData/ItemGeneratorPrototypes.cfg,ordinary role,Bandit,Stormtrooper,GeneralNPC_Bandit_Stormtrooper_ItemGenerator,GeneralNPC_Bandit_Stormtrooper_ItemGenerator,[0],"{""SID"":""GeneralNPC_Bandit_Stormtrooper_ItemGenerator"",""RefreshTime"":""1d"",""SpecificRewardSound"":""EUISound::SystemNotificationNews""}",[9],Detector,,,,{},[0],GeneralNPC_Bandit_Stormtrooper_ItemGenerator.ItemGenerator.[9].PossibleItems.[0],Echo,,chance,,0.05,1,,,,,,"{""ItemPrototypeSID"":""Echo"",""Chance"":""0.05"",""MinCount"":""1""}"
vanilla/Stalker2/Content/GameLite/GameData/ItemGeneratorPrototypes.cfg,ordinary role,Bandit,Stormtrooper,GeneralNPC_Bandit_Stormtrooper_ItemGenerator,GeneralNPC_Bandit_Stormtrooper_ItemGenerator,[0],"{""SID"":""GeneralNPC_Bandit_Stormtrooper_ItemGenerator"",""RefreshTime"":""1d"",""SpecificRewardSound"":""EUISound::SystemNotificationNews""}",[10],SubItemGenerator,,,,{},[0],GeneralNPC_Bandit_Stormtrooper_ItemGenerator.ItemGenerator.[10].PossibleItems.[0],,GeneralNPC_Bandit_NVG,chance,,1,,,,,,,"{""ItemGeneratorPrototypeSID"":""GeneralNPC_Bandit_NVG"",""Chance"":""1""}"
vanilla/Stalker2/Content/GameLite/GameData/ItemGeneratorPrototypes.cfg,ordinary role,Bandit,Heavy,GeneralNPC_Bandit_Heavy_ItemGenerator,GeneralNPC_Bandit_Heavy_ItemGenerator,[0],"{""SID"":""GeneralNPC_Bandit_Heavy_ItemGenerator"",""RefreshTime"":""1d"",""SpecificRewardSound"":""EUISound::SystemNotificationNews""}",[0],SubItemGenerator,,,,{},[0],GeneralNPC_Bandit_Heavy_ItemGenerator.ItemGenerator.[0].PossibleItems.[0],,GeneralNPC_Bandit_WeaponPistol,chance,,1.0,,,,,,,"{""ItemGeneratorPrototypeSID"":""GeneralNPC_Bandit_WeaponPistol"",""Chance"":""1.0""}"
vanilla/Stalker2/Content/GameLite/GameData/ItemGeneratorPrototypes.cfg,ordinary role,Bandit,Heavy,GeneralNPC_Bandit_Heavy_ItemGenerator,GeneralNPC_Bandit_Heavy_ItemGenerator,[0],"{""SID"":""GeneralNPC_Bandit_Heavy_ItemGenerator"",""RefreshTime"":""1d"",""SpecificRewardSound"":""EUISound::SystemNotificationNews""}",[1],WeaponPrimary,ERank::Newbie,,,{},[0],GeneralNPC_Bandit_Heavy_ItemGenerator.ItemGenerator.[1].PossibleItems.[0],GunViper_PP,,weight,1000,,,,0,5,0.25,0.5,"{""ItemPrototypeSID"":""GunViper_PP"",""Weight"":""1000"",""MinDurability"":""0.25"",""MaxDurability"":""0.5"",""AmmoMinCount"":""0"",""AmmoMaxCount"":""5""}"
vanilla/Stalker2/Content/GameLite/GameData/ItemGeneratorPrototypes.cfg,ordinary role,Bandit,Heavy,GeneralNPC_Bandit_Heavy_ItemGenerator,GeneralNPC_Bandit_Heavy_ItemGenerator,[0],"{""SID"":""GeneralNPC_Bandit_Heavy_ItemGenerator"",""RefreshTime"":""1d"",""SpecificRewardSound"":""EUISound::SystemNotificationNews""}",[1],WeaponPrimary,ERank::Newbie,,,{},[1],GeneralNPC_Bandit_Heavy_ItemGenerator.ItemGenerator.[1].PossibleItems.[1],GunAKU_PP,,weight,100,,,,0,5,0.25,0.5,"{""ItemPrototypeSID"":""GunAKU_PP"",""Weight"":""100"",""MinDurability"":""0.25"",""MaxDurability"":""0.5"",""AmmoMinCount"":""0"",""AmmoMaxCount"":""5""}"
vanilla/Stalker2/Content/GameLite/GameData/ItemGeneratorPrototypes.cfg,ordinary role,Bandit,Heavy,GeneralNPC_Bandit_Heavy_ItemGenerator,GeneralNPC_Bandit_Heavy_ItemGenerator,[0],"{""SID"":""GeneralNPC_Bandit_Heavy_ItemGenerator"",""RefreshTime"":""1d"",""SpecificRewardSound"":""EUISound::SystemNotificationNews""}",[1],WeaponPrimary,ERank::Newbie,,,{},[2],GeneralNPC_Bandit_Heavy_ItemGenerator.ItemGenerator.[1].PossibleItems.[2],GunThreeLine_SP,,weight,1000,,,,0,7,0.25,0.5,"{""ItemPrototypeSID"":""GunThreeLine_SP"",""Weight"":""1000"",""MinDurability"":""0.25"",""MaxDurability"":""0.5"",""AmmoMinCount"":""0"",""AmmoMaxCount"":""7""}"
vanilla/Stalker2/Content/GameLite/GameData/ItemGeneratorPrototypes.cfg,ordinary role,Bandit,Heavy,GeneralNPC_Bandit_Heavy_ItemGenerator,GeneralNPC_Bandit_Heavy_ItemGenerator,[0],"{""SID"":""GeneralNPC_Bandit_Heavy_ItemGenerator"",""RefreshTime"":""1d"",""SpecificRewardSound"":""EUISound::SystemNotificationNews""}",[2],WeaponPrimary,ERank::Experienced,,,{},[0],GeneralNPC_Bandit_Heavy_ItemGenerator.ItemGenerator.[2].PossibleItems.[0],GunAK74_ST,,weight,1000,,,,0,5,0.25,0.5,"{""ItemPrototypeSID"":""GunAK74_ST"",""Weight"":""1000"",""MinDurability"":""0.25"",""MaxDurability"":""0.5"",""AmmoMinCount"":""0"",""AmmoMaxCount"":""5""}"
vanilla/Stalker2/Content/GameLite/GameData/ItemGeneratorPrototypes.cfg,ordinary role,Bandit,Heavy,GeneralNPC_Bandit_Heavy_ItemGenerator,GeneralNPC_Bandit_Heavy_ItemGenerator,[0],"{""SID"":""GeneralNPC_Bandit_Heavy_ItemGenerator"",""RefreshTime"":""1d"",""SpecificRewardSound"":""EUISound::SystemNotificationNews""}",[2],WeaponPrimary,ERank::Experienced,,,{},[1],GeneralNPC_Bandit_Heavy_ItemGenerator.ItemGenerator.[2].PossibleItems.[1],GunG37_ST,,weight,100,,,,0,5,0.25,0.5,"{""ItemPrototypeSID"":""GunG37_ST"",""Weight"":""100"",""MinDurability"":""0.25"",""MaxDurability"":""0.5"",""AmmoMinCount"":""0"",""AmmoMaxCount"":""5""}"
vanilla/Stalker2/Content/GameLite/GameData/ItemGeneratorPrototypes.cfg,ordinary role,Bandit,Heavy,GeneralNPC_Bandit_Heavy_ItemGenerator,GeneralNPC_Bandit_Heavy_ItemGenerator,[0],"{""SID"":""GeneralNPC_Bandit_Heavy_ItemGenerator"",""RefreshTime"":""1d"",""SpecificRewardSound"":""EUISound::SystemNotificationNews""}",[2],WeaponPrimary,ERank::Experienced,,,{},[2],GeneralNPC_Bandit_Heavy_ItemGenerator.ItemGenerator.[2].PossibleItems.[2],GunThreeLine_SP,,weight,100,,,,0,7,0.25,0.5,"{""ItemPrototypeSID"":""GunThreeLine_SP"",""Weight"":""100"",""MinDurability"":""0.25"",""MaxDurability"":""0.5"",""AmmoMinCount"":""0"",""AmmoMaxCount"":""7""}"
vanilla/Stalker2/Content/GameLite/GameData/ItemGeneratorPrototypes.cfg,ordinary role,Bandit,Heavy,GeneralNPC_Bandit_Heavy_ItemGenerator,GeneralNPC_Bandit_Heavy_ItemGenerator,[0],"{""SID"":""GeneralNPC_Bandit_Heavy_ItemGenerator"",""RefreshTime"":""1d"",""SpecificRewardSound"":""EUISound::SystemNotificationNews""}",[3],WeaponPrimary,ERank::Veteran,,,{},[0],GeneralNPC_Bandit_Heavy_ItemGenerator.ItemGenerator.[3].PossibleItems.[0],GunAK74_ST,,weight,500,,,,0,5,0.25,0.5,"{""ItemPrototypeSID"":""GunAK74_ST"",""Weight"":""500"",""MinDurability"":""0.25"",""MaxDurability"":""0.5"",""AmmoMinCount"":""0"",""AmmoMaxCount"":""5""}"
vanilla/Stalker2/Content/GameLite/GameData/ItemGeneratorPrototypes.cfg,ordinary role,Bandit,Heavy,GeneralNPC_Bandit_Heavy_ItemGenerator,GeneralNPC_Bandit_Heavy_ItemGenerator,[0],"{""SID"":""GeneralNPC_Bandit_Heavy_ItemGenerator"",""RefreshTime"":""1d"",""SpecificRewardSound"":""EUISound::SystemNotificationNews""}",[3],WeaponPrimary,ERank::Veteran,,,{},[1],GeneralNPC_Bandit_Heavy_ItemGenerator.ItemGenerator.[3].PossibleItems.[1],GunG37_ST,,weight,1000,,,,0,5,0.25,0.5,"{""ItemPrototypeSID"":""GunG37_ST"",""Weight"":""1000"",""MinDurability"":""0.25"",""MaxDurability"":""0.5"",""AmmoMinCount"":""0"",""AmmoMaxCount"":""5""}"
vanilla/Stalker2/Content/GameLite/GameData/ItemGeneratorPrototypes.cfg,ordinary role,Bandit,Heavy,GeneralNPC_Bandit_Heavy_ItemGenerator,GeneralNPC_Bandit_Heavy_ItemGenerator,[0],"{""SID"":""GeneralNPC_Bandit_Heavy_ItemGenerator"",""RefreshTime"":""1d"",""SpecificRewardSound"":""EUISound::SystemNotificationNews""}",[4],WeaponPrimary,ERank::Master,,"EGameDifficulty::Easy, EGameDifficulty::Medium, EGameDifficulty::Hard",{},[0],GeneralNPC_Bandit_Heavy_ItemGenerator.ItemGenerator.[4].PossibleItems.[0],GunG37_ST,,weight,1000,,,,0,7,0.25,0.5,"{""ItemPrototypeSID"":""GunG37_ST"",""Weight"":""1000"",""MinDurability"":""0.25"",""MaxDurability"":""0.5"",""AmmoMinCount"":""0"",""AmmoMaxCount"":""7""}"
vanilla/Stalker2/Content/GameLite/GameData/ItemGeneratorPrototypes.cfg,ordinary role,Bandit,Heavy,GeneralNPC_Bandit_Heavy_ItemGenerator,GeneralNPC_Bandit_Heavy_ItemGenerator,[0],"{""SID"":""GeneralNPC_Bandit_Heavy_ItemGenerator"",""RefreshTime"":""1d"",""SpecificRewardSound"":""EUISound::SystemNotificationNews""}",[5],WeaponPrimary,ERank::Master,,EGameDifficulty::Stalker,{},[0],GeneralNPC_Bandit_Heavy_ItemGenerator.ItemGenerator.[5].PossibleItems.[0],GunG37_ST,,weight,1000,,,,0,6,0.25,0.5,"{""ItemPrototypeSID"":""GunG37_ST"",""Weight"":""1000"",""MinDurability"":""0.25"",""MaxDurability"":""0.5"",""AmmoMinCount"":""0"",""AmmoMaxCount"":""6""}"
vanilla/Stalker2/Content/GameLite/GameData/ItemGeneratorPrototypes.cfg,ordinary role,Bandit,Heavy,GeneralNPC_Bandit_Heavy_ItemGenerator,GeneralNPC_Bandit_Heavy_ItemGenerator,[0],"{""SID"":""GeneralNPC_Bandit_Heavy_ItemGenerator"",""RefreshTime"":""1d"",""SpecificRewardSound"":""EUISound::SystemNotificationNews""}",[6],SubItemGenerator,,,,{},[0],GeneralNPC_Bandit_Heavy_ItemGenerator.ItemGenerator.[6].PossibleItems.[0],,GeneralNPC_Bandit_Armor,weight,1,,,,,,,,"{""ItemGeneratorPrototypeSID"":""GeneralNPC_Bandit_Armor"",""Weight"":""1""}"
vanilla/Stalker2/Content/GameLite/GameData/ItemGeneratorPrototypes.cfg,ordinary role,Bandit,Heavy,GeneralNPC_Bandit_Heavy_ItemGenerator,GeneralNPC_Bandit_Heavy_ItemGenerator,[0],"{""SID"":""GeneralNPC_Bandit_Heavy_ItemGenerator"",""RefreshTime"":""1d"",""SpecificRewardSound"":""EUISound::SystemNotificationNews""}",[7],Artifact,,,,{},[0],GeneralNPC_Bandit_Heavy_ItemGenerator.ItemGenerator.[7].PossibleItems.[0],GrenadeRGD5,,chance,,0.2,1,1,,,,,"{""ItemPrototypeSID"":""GrenadeRGD5"",""Chance"":""0.2"",""MinCount"":""1"",""MaxCount"":""1""}"
vanilla/Stalker2/Content/GameLite/GameData/ItemGeneratorPrototypes.cfg,ordinary role,Bandit,Heavy,GeneralNPC_Bandit_Heavy_ItemGenerator,GeneralNPC_Bandit_Heavy_ItemGenerator,[0],"{""SID"":""GeneralNPC_Bandit_Heavy_ItemGenerator"",""RefreshTime"":""1d"",""SpecificRewardSound"":""EUISound::SystemNotificationNews""}",[8],SubItemGenerator,,,,{},[0],GeneralNPC_Bandit_Heavy_ItemGenerator.ItemGenerator.[8].PossibleItems.[0],,GeneralNPC_Consumables_Heavy,weight,1,,,,,,,,"{""ItemGeneratorPrototypeSID"":""GeneralNPC_Consumables_Heavy"",""Weight"":""1""}"
vanilla/Stalker2/Content/GameLite/GameData/ItemGeneratorPrototypes.cfg,ordinary role,Bandit,Heavy,GeneralNPC_Bandit_Heavy_ItemGenerator,GeneralNPC_Bandit_Heavy_ItemGenerator,[0],"{""SID"":""GeneralNPC_Bandit_Heavy_ItemGenerator"",""RefreshTime"":""1d"",""SpecificRewardSound"":""EUISound::SystemNotificationNews""}",[9],Detector,,,,{},[0],GeneralNPC_Bandit_Heavy_ItemGenerator.ItemGenerator.[9].PossibleItems.[0],Echo,,chance,,0.05,1,,,,,,"{""ItemPrototypeSID"":""Echo"",""Chance"":""0.05"",""MinCount"":""1""}"
vanilla/Stalker2/Content/GameLite/GameData/ItemGeneratorPrototypes.cfg,ordinary role,Bandit,Heavy,GeneralNPC_Bandit_Heavy_ItemGenerator,GeneralNPC_Bandit_Heavy_ItemGenerator,[0],"{""SID"":""GeneralNPC_Bandit_Heavy_ItemGenerator"",""RefreshTime"":""1d"",""SpecificRewardSound"":""EUISound::SystemNotificationNews""}",[10],SubItemGenerator,,,,{},[0],GeneralNPC_Bandit_Heavy_ItemGenerator.ItemGenerator.[10].PossibleItems.[0],,GeneralNPC_Bandit_NVG,chance,,1,,,,,,,"{""ItemGeneratorPrototypeSID"":""GeneralNPC_Bandit_NVG"",""Chance"":""1""}"
vanilla/Stalker2/Content/GameLite/GameData/ItemGeneratorPrototypes.cfg,shared helper,Mercenaries,Armor,GeneralNPC_Mercenaries_Armor,GeneralNPC_Mercenaries_Armor,[0],"{""SID"":""GeneralNPC_Mercenaries_Armor"",""SpecificRewardSound"":""EUISound::SystemNotificationNews""}",[0],BodyArmor,ERank::Newbie,,,{},[0],GeneralNPC_Mercenaries_Armor.ItemGenerator.[0].PossibleItems.[0],Light_Mercenaries_Armor,,weight,1.0,,,,,,,,"{""ItemPrototypeSID"":""Light_Mercenaries_Armor"",""Weight"":""1.0""}"
vanilla/Stalker2/Content/GameLite/GameData/ItemGeneratorPrototypes.cfg,shared helper,Mercenaries,Armor,GeneralNPC_Mercenaries_Armor,GeneralNPC_Mercenaries_Armor,[0],"{""SID"":""GeneralNPC_Mercenaries_Armor"",""SpecificRewardSound"":""EUISound::SystemNotificationNews""}",[1],BodyArmor,ERank::Experienced,,,{},[0],GeneralNPC_Mercenaries_Armor.ItemGenerator.[1].PossibleItems.[0],Light_Mercenaries_Armor,,weight,1.0,,,,,,,,"{""ItemPrototypeSID"":""Light_Mercenaries_Armor"",""Weight"":""1.0""}"
vanilla/Stalker2/Content/GameLite/GameData/ItemGeneratorPrototypes.cfg,shared helper,Mercenaries,Armor,GeneralNPC_Mercenaries_Armor,GeneralNPC_Mercenaries_Armor,[0],"{""SID"":""GeneralNPC_Mercenaries_Armor"",""SpecificRewardSound"":""EUISound::SystemNotificationNews""}",[2],BodyArmor,ERank::Veteran,,,{},[0],GeneralNPC_Mercenaries_Armor.ItemGenerator.[2].PossibleItems.[0],Heavy_Mercenaries_Armor,,weight,1.0,,,,,,,,"{""ItemPrototypeSID"":""Heavy_Mercenaries_Armor"",""Weight"":""1.0""}"
vanilla/Stalker2/Content/GameLite/GameData/ItemGeneratorPrototypes.cfg,shared helper,Mercenaries,Armor,GeneralNPC_Mercenaries_Armor,GeneralNPC_Mercenaries_Armor,[0],"{""SID"":""GeneralNPC_Mercenaries_Armor"",""SpecificRewardSound"":""EUISound::SystemNotificationNews""}",[3],BodyArmor,ERank::Master,,,{},[0],GeneralNPC_Mercenaries_Armor.ItemGenerator.[3].PossibleItems.[0],Exoskeleton_Mercenaries_Armor,,weight,2.0,,,,,,,,"{""ItemPrototypeSID"":""Exoskeleton_Mercenaries_Armor"",""Weight"":""2.0""}"
vanilla/Stalker2/Content/GameLite/GameData/ItemGeneratorPrototypes.cfg,shared helper,Mercenaries,Armor,GeneralNPC_Mercenaries_Armor,GeneralNPC_Mercenaries_Armor,[0],"{""SID"":""GeneralNPC_Mercenaries_Armor"",""SpecificRewardSound"":""EUISound::SystemNotificationNews""}",[3],BodyArmor,ERank::Master,,,{},[1],GeneralNPC_Mercenaries_Armor.ItemGenerator.[3].PossibleItems.[1],NPC_HeavyExoskeleton_Mercenaries_Armor,,weight,5.0,,,,,,,,"{""ItemPrototypeSID"":""NPC_HeavyExoskeleton_Mercenaries_Armor"",""Weight"":""5.0""}"
vanilla/Stalker2/Content/GameLite/GameData/ItemGeneratorPrototypes.cfg,shared helper,Mercenaries,Armor,GeneralNPC_Mercenaries_Armor,GeneralNPC_Mercenaries_Armor,[0],"{""SID"":""GeneralNPC_Mercenaries_Armor"",""SpecificRewardSound"":""EUISound::SystemNotificationNews""}",[3],BodyArmor,ERank::Master,,,{},[2],GeneralNPC_Mercenaries_Armor.ItemGenerator.[3].PossibleItems.[2],Heavy_Mercenaries_Armor,,weight,3.0,,,,,,,,"{""ItemPrototypeSID"":""Heavy_Mercenaries_Armor"",""Weight"":""3.0""}"
vanilla/Stalker2/Content/GameLite/GameData/ItemGeneratorPrototypes.cfg,shared helper,Mercenaries,Armor,GeneralNPC_Mercenaries_Armor,GeneralNPC_Mercenaries_Armor,[0],"{""SID"":""GeneralNPC_Mercenaries_Armor"",""SpecificRewardSound"":""EUISound::SystemNotificationNews""}",[4],Head,"ERank::Newbie, ERank::Experienced",,,{},[0],GeneralNPC_Mercenaries_Armor.ItemGenerator.[4].PossibleItems.[0],Light_Mercenaries_Helmet,,chance,,0.3,,,,,,,"{""ItemPrototypeSID"":""Light_Mercenaries_Helmet"",""Chance"":""0.3""}"
vanilla/Stalker2/Content/GameLite/GameData/ItemGeneratorPrototypes.cfg,ordinary role,Mercenaries,CloseCombat,GeneralNPC_Mercenaries_CloseCombat_ItemGenerator,GeneralNPC_Mercenaries_CloseCombat_ItemGenerator,[0],"{""SID"":""GeneralNPC_Mercenaries_CloseCombat_ItemGenerator"",""RefreshTime"":""1d"",""SpecificRewardSound"":""EUISound::SystemNotificationNews""}",[0],WeaponPrimary,"ERank::Newbie, ERank::Experienced",,,{},[0],GeneralNPC_Mercenaries_CloseCombat_ItemGenerator.ItemGenerator.[0].PossibleItems.[0],GunM860_SG,,weight,1000,,,,0,2,0.25,0.5,"{""ItemPrototypeSID"":""GunM860_SG"",""Weight"":""1000"",""MinDurability"":""0.25"",""MaxDurability"":""0.5"",""AmmoMinCount"":""0"",""AmmoMaxCount"":""2""}"
vanilla/Stalker2/Content/GameLite/GameData/ItemGeneratorPrototypes.cfg,ordinary role,Mercenaries,CloseCombat,GeneralNPC_Mercenaries_CloseCombat_ItemGenerator,GeneralNPC_Mercenaries_CloseCombat_ItemGenerator,[0],"{""SID"":""GeneralNPC_Mercenaries_CloseCombat_ItemGenerator"",""RefreshTime"":""1d"",""SpecificRewardSound"":""EUISound::SystemNotificationNews""}",[1],WeaponPrimary,ERank::Veteran,,"EGameDifficulty::Easy, EGameDifficulty::Medium, EGameDifficulty::Hard",{},[0],GeneralNPC_Mercenaries_CloseCombat_ItemGenerator.ItemGenerator.[1].PossibleItems.[0],GunSPSA_SG,,weight,200,,,,2,4,0.25,0.5,"{""ItemPrototypeSID"":""GunSPSA_SG"",""Weight"":""200"",""MinDurability"":""0.25"",""MaxDurability"":""0.5"",""AmmoMinCount"":""2"",""AmmoMaxCount"":""4""}"
vanilla/Stalker2/Content/GameLite/GameData/ItemGeneratorPrototypes.cfg,ordinary role,Mercenaries,CloseCombat,GeneralNPC_Mercenaries_CloseCombat_ItemGenerator,GeneralNPC_Mercenaries_CloseCombat_ItemGenerator,[0],"{""SID"":""GeneralNPC_Mercenaries_CloseCombat_ItemGenerator"",""RefreshTime"":""1d"",""SpecificRewardSound"":""EUISound::SystemNotificationNews""}",[1],WeaponPrimary,ERank::Veteran,,"EGameDifficulty::Easy, EGameDifficulty::Medium, EGameDifficulty::Hard",{},[1],GeneralNPC_Mercenaries_CloseCombat_ItemGenerator.ItemGenerator.[1].PossibleItems.[1],GunM860_SG,,weight,1000,,,,2,4,0.25,0.5,"{""ItemPrototypeSID"":""GunM860_SG"",""Weight"":""1000"",""MinDurability"":""0.25"",""MaxDurability"":""0.5"",""AmmoMinCount"":""2"",""AmmoMaxCount"":""4""}"
vanilla/Stalker2/Content/GameLite/GameData/ItemGeneratorPrototypes.cfg,ordinary role,Mercenaries,CloseCombat,GeneralNPC_Mercenaries_CloseCombat_ItemGenerator,GeneralNPC_Mercenaries_CloseCombat_ItemGenerator,[0],"{""SID"":""GeneralNPC_Mercenaries_CloseCombat_ItemGenerator"",""RefreshTime"":""1d"",""SpecificRewardSound"":""EUISound::SystemNotificationNews""}",[2],WeaponPrimary,ERank::Master,,"EGameDifficulty::Easy, EGameDifficulty::Medium, EGameDifficulty::Hard",{},[0],GeneralNPC_Mercenaries_CloseCombat_ItemGenerator.ItemGenerator.[2].PossibleItems.[0],GunSPSA_SG,,weight,1000,,,,2,4,0.25,0.5,"{""ItemPrototypeSID"":""GunSPSA_SG"",""Weight"":""1000"",""MinDurability"":""0.25"",""MaxDurability"":""0.5"",""AmmoMinCount"":""2"",""AmmoMaxCount"":""4""}"
vanilla/Stalker2/Content/GameLite/GameData/ItemGeneratorPrototypes.cfg,ordinary role,Mercenaries,CloseCombat,GeneralNPC_Mercenaries_CloseCombat_ItemGenerator,GeneralNPC_Mercenaries_CloseCombat_ItemGenerator,[0],"{""SID"":""GeneralNPC_Mercenaries_CloseCombat_ItemGenerator"",""RefreshTime"":""1d"",""SpecificRewardSound"":""EUISound::SystemNotificationNews""}",[2],WeaponPrimary,ERank::Master,,"EGameDifficulty::Easy, EGameDifficulty::Medium, EGameDifficulty::Hard",{},[1],GeneralNPC_Mercenaries_CloseCombat_ItemGenerator.ItemGenerator.[2].PossibleItems.[1],GunRam2_SG,,weight,100,,,,2,4,0.25,0.5,"{""ItemPrototypeSID"":""GunRam2_SG"",""Weight"":""100"",""MinDurability"":""0.25"",""MaxDurability"":""0.5"",""AmmoMinCount"":""2"",""AmmoMaxCount"":""4""}"
vanilla/Stalker2/Content/GameLite/GameData/ItemGeneratorPrototypes.cfg,ordinary role,Mercenaries,CloseCombat,GeneralNPC_Mercenaries_CloseCombat_ItemGenerator,GeneralNPC_Mercenaries_CloseCombat_ItemGenerator,[0],"{""SID"":""GeneralNPC_Mercenaries_CloseCombat_ItemGenerator"",""RefreshTime"":""1d"",""SpecificRewardSound"":""EUISound::SystemNotificationNews""}",[3],WeaponPrimary,ERank::Veteran,,EGameDifficulty::Stalker,{},[0],GeneralNPC_Mercenaries_CloseCombat_ItemGenerator.ItemGenerator.[3].PossibleItems.[0],GunSPSA_SG,,weight,200,,,,1,4,0.25,0.5,"{""ItemPrototypeSID"":""GunSPSA_SG"",""Weight"":""200"",""MinDurability"":""0.25"",""MaxDurability"":""0.5"",""AmmoMinCount"":""1"",""AmmoMaxCount"":""4""}"
vanilla/Stalker2/Content/GameLite/GameData/ItemGeneratorPrototypes.cfg,ordinary role,Mercenaries,CloseCombat,GeneralNPC_Mercenaries_CloseCombat_ItemGenerator,GeneralNPC_Mercenaries_CloseCombat_ItemGenerator,[0],"{""SID"":""GeneralNPC_Mercenaries_CloseCombat_ItemGenerator"",""RefreshTime"":""1d"",""SpecificRewardSound"":""EUISound::SystemNotificationNews""}",[3],WeaponPrimary,ERank::Veteran,,EGameDifficulty::Stalker,{},[1],GeneralNPC_Mercenaries_CloseCombat_ItemGenerator.ItemGenerator.[3].PossibleItems.[1],GunM860_SG,,weight,1000,,,,1,4,0.25,0.5,"{""ItemPrototypeSID"":""GunM860_SG"",""Weight"":""1000"",""MinDurability"":""0.25"",""MaxDurability"":""0.5"",""AmmoMinCount"":""1"",""AmmoMaxCount"":""4""}"
vanilla/Stalker2/Content/GameLite/GameData/ItemGeneratorPrototypes.cfg,ordinary role,Mercenaries,CloseCombat,GeneralNPC_Mercenaries_CloseCombat_ItemGenerator,GeneralNPC_Mercenaries_CloseCombat_ItemGenerator,[0],"{""SID"":""GeneralNPC_Mercenaries_CloseCombat_ItemGenerator"",""RefreshTime"":""1d"",""SpecificRewardSound"":""EUISound::SystemNotificationNews""}",[4],WeaponPrimary,ERank::Master,,EGameDifficulty::Stalker,{},[0],GeneralNPC_Mercenaries_CloseCombat_ItemGenerator.ItemGenerator.[4].PossibleItems.[0],GunSPSA_SG,,weight,1000,,,,1,4,0.25,0.5,"{""ItemPrototypeSID"":""GunSPSA_SG"",""Weight"":""1000"",""MinDurability"":""0.25"",""MaxDurability"":""0.5"",""AmmoMinCount"":""1"",""AmmoMaxCount"":""4""}"
vanilla/Stalker2/Content/GameLite/GameData/ItemGeneratorPrototypes.cfg,ordinary role,Mercenaries,CloseCombat,GeneralNPC_Mercenaries_CloseCombat_ItemGenerator,GeneralNPC_Mercenaries_CloseCombat_ItemGenerator,[0],"{""SID"":""GeneralNPC_Mercenaries_CloseCombat_ItemGenerator"",""RefreshTime"":""1d"",""SpecificRewardSound"":""EUISound::SystemNotificationNews""}",[4],WeaponPrimary,ERank::Master,,EGameDifficulty::Stalker,{},[1],GeneralNPC_Mercenaries_CloseCombat_ItemGenerator.ItemGenerator.[4].PossibleItems.[1],GunRam2_SG,,weight,100,,,,1,4,0.25,0.5,"{""ItemPrototypeSID"":""GunRam2_SG"",""Weight"":""100"",""MinDurability"":""0.25"",""MaxDurability"":""0.5"",""AmmoMinCount"":""1"",""AmmoMaxCount"":""4""}"
vanilla/Stalker2/Content/GameLite/GameData/ItemGeneratorPrototypes.cfg,ordinary role,Mercenaries,CloseCombat,GeneralNPC_Mercenaries_CloseCombat_ItemGenerator,GeneralNPC_Mercenaries_CloseCombat_ItemGenerator,[0],"{""SID"":""GeneralNPC_Mercenaries_CloseCombat_ItemGenerator"",""RefreshTime"":""1d"",""SpecificRewardSound"":""EUISound::SystemNotificationNews""}",[5],SubItemGenerator,,,,{},[0],GeneralNPC_Mercenaries_CloseCombat_ItemGenerator.ItemGenerator.[5].PossibleItems.[0],,GeneralNPC_Mercenaries_Armor,weight,1,,,,,,,,"{""ItemGeneratorPrototypeSID"":""GeneralNPC_Mercenaries_Armor"",""Weight"":""1""}"
vanilla/Stalker2/Content/GameLite/GameData/ItemGeneratorPrototypes.cfg,ordinary role,Mercenaries,CloseCombat,GeneralNPC_Mercenaries_CloseCombat_ItemGenerator,GeneralNPC_Mercenaries_CloseCombat_ItemGenerator,[0],"{""SID"":""GeneralNPC_Mercenaries_CloseCombat_ItemGenerator"",""RefreshTime"":""1d"",""SpecificRewardSound"":""EUISound::SystemNotificationNews""}",[6],SubItemGenerator,,,,{},[0],GeneralNPC_Mercenaries_CloseCombat_ItemGenerator.ItemGenerator.[6].PossibleItems.[0],,GeneralNPC_Consumables_CloseCombat,weight,1,,,,,,,,"{""ItemGeneratorPrototypeSID"":""GeneralNPC_Consumables_CloseCombat"",""Weight"":""1""}"
vanilla/Stalker2/Content/GameLite/GameData/ItemGeneratorPrototypes.cfg,ordinary role,Mercenaries,CloseCombat,GeneralNPC_Mercenaries_CloseCombat_ItemGenerator,GeneralNPC_Mercenaries_CloseCombat_ItemGenerator,[0],"{""SID"":""GeneralNPC_Mercenaries_CloseCombat_ItemGenerator"",""RefreshTime"":""1d"",""SpecificRewardSound"":""EUISound::SystemNotificationNews""}",[7],SubItemGenerator,,,,{},[0],GeneralNPC_Mercenaries_CloseCombat_ItemGenerator.ItemGenerator.[7].PossibleItems.[0],,GeneralNPC_Mercenaries_WeaponPistol,chance,,0.35,,,,,,,"{""ItemGeneratorPrototypeSID"":""GeneralNPC_Mercenaries_WeaponPistol"",""Chance"":""0.35""}"
vanilla/Stalker2/Content/GameLite/GameData/ItemGeneratorPrototypes.cfg,ordinary role,Mercenaries,CloseCombat,GeneralNPC_Mercenaries_CloseCombat_ItemGenerator,GeneralNPC_Mercenaries_CloseCombat_ItemGenerator,[0],"{""SID"":""GeneralNPC_Mercenaries_CloseCombat_ItemGenerator"",""RefreshTime"":""1d"",""SpecificRewardSound"":""EUISound::SystemNotificationNews""}",[8],Detector,,,,{},[0],GeneralNPC_Mercenaries_CloseCombat_ItemGenerator.ItemGenerator.[8].PossibleItems.[0],Echo,,chance,,0.05,1,,,,,,"{""ItemPrototypeSID"":""Echo"",""Chance"":""0.05"",""MinCount"":""1""}"
vanilla/Stalker2/Content/GameLite/GameData/ItemGeneratorPrototypes.cfg,ordinary role,Mercenaries,CloseCombat,GeneralNPC_Mercenaries_CloseCombat_ItemGenerator,GeneralNPC_Mercenaries_CloseCombat_ItemGenerator,[0],"{""SID"":""GeneralNPC_Mercenaries_CloseCombat_ItemGenerator"",""RefreshTime"":""1d"",""SpecificRewardSound"":""EUISound::SystemNotificationNews""}",[9],Artifact,,,,{},[0],GeneralNPC_Mercenaries_CloseCombat_ItemGenerator.ItemGenerator.[9].PossibleItems.[0],GrenadeRGD5,,chance,,0.2,1,1,,,,,"{""ItemPrototypeSID"":""GrenadeRGD5"",""Chance"":""0.2"",""MinCount"":""1"",""MaxCount"":""1""}"
vanilla/Stalker2/Content/GameLite/GameData/ItemGeneratorPrototypes.cfg,ordinary role,Mercenaries,CloseCombat,GeneralNPC_Mercenaries_CloseCombat_ItemGenerator,GeneralNPC_Mercenaries_CloseCombat_ItemGenerator,[0],"{""SID"":""GeneralNPC_Mercenaries_CloseCombat_ItemGenerator"",""RefreshTime"":""1d"",""SpecificRewardSound"":""EUISound::SystemNotificationNews""}",[10],SubItemGenerator,,,,{},[0],GeneralNPC_Mercenaries_CloseCombat_ItemGenerator.ItemGenerator.[10].PossibleItems.[0],,GeneralNPC_Mercenaries_NVG,chance,,1,,,,,,,"{""ItemGeneratorPrototypeSID"":""GeneralNPC_Mercenaries_NVG"",""Chance"":""1""}"
vanilla/Stalker2/Content/GameLite/GameData/ItemGeneratorPrototypes.cfg,ordinary role,Mercenaries,Recon,GeneralNPC_Mercenaries_Recon_ItemGenerator,GeneralNPC_Mercenaries_Recon_ItemGenerator,[0],"{""SID"":""GeneralNPC_Mercenaries_Recon_ItemGenerator"",""RefreshTime"":""1d"",""SpecificRewardSound"":""EUISound::SystemNotificationNews""}",[0],WeaponPrimary,"ERank::Newbie, ERank::Experienced",,"EGameDifficulty::Easy, EGameDifficulty::Medium, EGameDifficulty::Hard",{},[0],GeneralNPC_Mercenaries_Recon_ItemGenerator.ItemGenerator.[0].PossibleItems.[0],GunViper_PP,,weight,1000,,,,0,7,0.25,0.5,"{""ItemPrototypeSID"":""GunViper_PP"",""Weight"":""1000"",""MinDurability"":""0.25"",""MaxDurability"":""0.5"",""AmmoMinCount"":""0"",""AmmoMaxCount"":""7""}"
vanilla/Stalker2/Content/GameLite/GameData/ItemGeneratorPrototypes.cfg,ordinary role,Mercenaries,Recon,GeneralNPC_Mercenaries_Recon_ItemGenerator,GeneralNPC_Mercenaries_Recon_ItemGenerator,[0],"{""SID"":""GeneralNPC_Mercenaries_Recon_ItemGenerator"",""RefreshTime"":""1d"",""SpecificRewardSound"":""EUISound::SystemNotificationNews""}",[1],WeaponPrimary,ERank::Veteran,,"EGameDifficulty::Easy, EGameDifficulty::Medium, EGameDifficulty::Hard",{},[0],GeneralNPC_Mercenaries_Recon_ItemGenerator.ItemGenerator.[1].PossibleItems.[0],GunViper_PP,,weight,1000,,,,0,7,0.25,0.5,"{""ItemPrototypeSID"":""GunViper_PP"",""Weight"":""1000"",""MinDurability"":""0.25"",""MaxDurability"":""0.5"",""AmmoMinCount"":""0"",""AmmoMaxCount"":""7""}"
vanilla/Stalker2/Content/GameLite/GameData/ItemGeneratorPrototypes.cfg,ordinary role,Mercenaries,Recon,GeneralNPC_Mercenaries_Recon_ItemGenerator,GeneralNPC_Mercenaries_Recon_ItemGenerator,[0],"{""SID"":""GeneralNPC_Mercenaries_Recon_ItemGenerator"",""RefreshTime"":""1d"",""SpecificRewardSound"":""EUISound::SystemNotificationNews""}",[1],WeaponPrimary,ERank::Veteran,,"EGameDifficulty::Easy, EGameDifficulty::Medium, EGameDifficulty::Hard",{},[1],GeneralNPC_Mercenaries_Recon_ItemGenerator.ItemGenerator.[1].PossibleItems.[1],GunIntegral_PP,,weight,400,,,,0,7,0.25,0.5,"{""ItemPrototypeSID"":""GunIntegral_PP"",""Weight"":""400"",""MinDurability"":""0.25"",""MaxDurability"":""0.5"",""AmmoMinCount"":""0"",""AmmoMaxCount"":""7""}"
vanilla/Stalker2/Content/GameLite/GameData/ItemGeneratorPrototypes.cfg,ordinary role,Mercenaries,Recon,GeneralNPC_Mercenaries_Recon_ItemGenerator,GeneralNPC_Mercenaries_Recon_ItemGenerator,[0],"{""SID"":""GeneralNPC_Mercenaries_Recon_ItemGenerator"",""RefreshTime"":""1d"",""SpecificRewardSound"":""EUISound::SystemNotificationNews""}",[1],WeaponPrimary,ERank::Veteran,,"EGameDifficulty::Easy, EGameDifficulty::Medium, EGameDifficulty::Hard",{},[2],GeneralNPC_Mercenaries_Recon_ItemGenerator.ItemGenerator.[1].PossibleItems.[2],GunFora230_PP,,weight,400,,,,0,7,0.25,0.5,"{""ItemPrototypeSID"":""GunFora230_PP"",""Weight"":""400"",""MinDurability"":""0.25"",""MaxDurability"":""0.5"",""AmmoMinCount"":""0"",""AmmoMaxCount"":""7""}"
vanilla/Stalker2/Content/GameLite/GameData/ItemGeneratorPrototypes.cfg,ordinary role,Mercenaries,Recon,GeneralNPC_Mercenaries_Recon_ItemGenerator,GeneralNPC_Mercenaries_Recon_ItemGenerator,[0],"{""SID"":""GeneralNPC_Mercenaries_Recon_ItemGenerator"",""RefreshTime"":""1d"",""SpecificRewardSound"":""EUISound::SystemNotificationNews""}",[2],WeaponPrimary,ERank::Master,,"EGameDifficulty::Easy, EGameDifficulty::Medium, EGameDifficulty::Hard",{},[0],GeneralNPC_Mercenaries_Recon_ItemGenerator.ItemGenerator.[2].PossibleItems.[0],GunViper_PP,,weight,400,,,,0,7,0.25,0.5,"{""ItemPrototypeSID"":""GunViper_PP"",""Weight"":""400"",""MinDurability"":""0.25"",""MaxDurability"":""0.5"",""AmmoMinCount"":""0"",""AmmoMaxCount"":""7""}"
vanilla/Stalker2/Content/GameLite/GameData/ItemGeneratorPrototypes.cfg,ordinary role,Mercenaries,Recon,GeneralNPC_Mercenaries_Recon_ItemGenerator,GeneralNPC_Mercenaries_Recon_ItemGenerator,[0],"{""SID"":""GeneralNPC_Mercenaries_Recon_ItemGenerator"",""RefreshTime"":""1d"",""SpecificRewardSound"":""EUISound::SystemNotificationNews""}",[2],WeaponPrimary,ERank::Master,,"EGameDifficulty::Easy, EGameDifficulty::Medium, EGameDifficulty::Hard",{},[1],GeneralNPC_Mercenaries_Recon_ItemGenerator.ItemGenerator.[2].PossibleItems.[1],GunIntegral_PP,,weight,1000,,,,0,7,0.25,0.5,"{""ItemPrototypeSID"":""GunIntegral_PP"",""Weight"":""1000"",""MinDurability"":""0.25"",""MaxDurability"":""0.5"",""AmmoMinCount"":""0"",""AmmoMaxCount"":""7"",""[6].ItemPrototypeSID"":""GunFora230_PP"",""[6].Weight"":""400"",""[6].MinDurability"":""0.25"",""[6].MaxDurability"":""0.5"",""[6].AmmoMinCount"":""0"",""[6].AmmoMaxCount"":""7""}"
vanilla/Stalker2/Content/GameLite/GameData/ItemGeneratorPrototypes.cfg,ordinary role,Mercenaries,Recon,GeneralNPC_Mercenaries_Recon_ItemGenerator,GeneralNPC_Mercenaries_Recon_ItemGenerator,[0],"{""SID"":""GeneralNPC_Mercenaries_Recon_ItemGenerator"",""RefreshTime"":""1d"",""SpecificRewardSound"":""EUISound::SystemNotificationNews""}",[3],WeaponPrimary,"ERank::Newbie, ERank::Experienced",,EGameDifficulty::Stalker,{},[0],GeneralNPC_Mercenaries_Recon_ItemGenerator.ItemGenerator.[3].PossibleItems.[0],GunViper_PP,,weight,1000,,,,0,6,0.25,0.5,"{""ItemPrototypeSID"":""GunViper_PP"",""Weight"":""1000"",""MinDurability"":""0.25"",""MaxDurability"":""0.5"",""AmmoMinCount"":""0"",""AmmoMaxCount"":""6""}"
vanilla/Stalker2/Content/GameLite/GameData/ItemGeneratorPrototypes.cfg,ordinary role,Mercenaries,Recon,GeneralNPC_Mercenaries_Recon_ItemGenerator,GeneralNPC_Mercenaries_Recon_ItemGenerator,[0],"{""SID"":""GeneralNPC_Mercenaries_Recon_ItemGenerator"",""RefreshTime"":""1d"",""SpecificRewardSound"":""EUISound::SystemNotificationNews""}",[4],WeaponPrimary,ERank::Veteran,,EGameDifficulty::Stalker,{},[0],GeneralNPC_Mercenaries_Recon_ItemGenerator.ItemGenerator.[4].PossibleItems.[0],GunViper_PP,,weight,1000,,,,0,6,0.25,0.5,"{""ItemPrototypeSID"":""GunViper_PP"",""Weight"":""1000"",""MinDurability"":""0.25"",""MaxDurability"":""0.5"",""AmmoMinCount"":""0"",""AmmoMaxCount"":""6""}"
vanilla/Stalker2/Content/GameLite/GameData/ItemGeneratorPrototypes.cfg,ordinary role,Mercenaries,Recon,GeneralNPC_Mercenaries_Recon_ItemGenerator,GeneralNPC_Mercenaries_Recon_ItemGenerator,[0],"{""SID"":""GeneralNPC_Mercenaries_Recon_ItemGenerator"",""RefreshTime"":""1d"",""SpecificRewardSound"":""EUISound::SystemNotificationNews""}",[4],WeaponPrimary,ERank::Veteran,,EGameDifficulty::Stalker,{},[1],GeneralNPC_Mercenaries_Recon_ItemGenerator.ItemGenerator.[4].PossibleItems.[1],GunIntegral_PP,,weight,400,,,,0,6,0.25,0.5,"{""ItemPrototypeSID"":""GunIntegral_PP"",""Weight"":""400"",""MinDurability"":""0.25"",""MaxDurability"":""0.5"",""AmmoMinCount"":""0"",""AmmoMaxCount"":""6""}"
vanilla/Stalker2/Content/GameLite/GameData/ItemGeneratorPrototypes.cfg,ordinary role,Mercenaries,Recon,GeneralNPC_Mercenaries_Recon_ItemGenerator,GeneralNPC_Mercenaries_Recon_ItemGenerator,[0],"{""SID"":""GeneralNPC_Mercenaries_Recon_ItemGenerator"",""RefreshTime"":""1d"",""SpecificRewardSound"":""EUISound::SystemNotificationNews""}",[4],WeaponPrimary,ERank::Veteran,,EGameDifficulty::Stalker,{},[2],GeneralNPC_Mercenaries_Recon_ItemGenerator.ItemGenerator.[4].PossibleItems.[2],GunFora230_PP,,weight,400,,,,0,6,0.25,0.5,"{""ItemPrototypeSID"":""GunFora230_PP"",""Weight"":""400"",""MinDurability"":""0.25"",""MaxDurability"":""0.5"",""AmmoMinCount"":""0"",""AmmoMaxCount"":""6""}"
vanilla/Stalker2/Content/GameLite/GameData/ItemGeneratorPrototypes.cfg,ordinary role,Mercenaries,Recon,GeneralNPC_Mercenaries_Recon_ItemGenerator,GeneralNPC_Mercenaries_Recon_ItemGenerator,[0],"{""SID"":""GeneralNPC_Mercenaries_Recon_ItemGenerator"",""RefreshTime"":""1d"",""SpecificRewardSound"":""EUISound::SystemNotificationNews""}",[5],WeaponPrimary,ERank::Master,,EGameDifficulty::Stalker,{},[0],GeneralNPC_Mercenaries_Recon_ItemGenerator.ItemGenerator.[5].PossibleItems.[0],GunViper_PP,,weight,400,,,,0,6,0.25,0.5,"{""ItemPrototypeSID"":""GunViper_PP"",""Weight"":""400"",""MinDurability"":""0.25"",""MaxDurability"":""0.5"",""AmmoMinCount"":""0"",""AmmoMaxCount"":""6""}"
vanilla/Stalker2/Content/GameLite/GameData/ItemGeneratorPrototypes.cfg,ordinary role,Mercenaries,Recon,GeneralNPC_Mercenaries_Recon_ItemGenerator,GeneralNPC_Mercenaries_Recon_ItemGenerator,[0],"{""SID"":""GeneralNPC_Mercenaries_Recon_ItemGenerator"",""RefreshTime"":""1d"",""SpecificRewardSound"":""EUISound::SystemNotificationNews""}",[5],WeaponPrimary,ERank::Master,,EGameDifficulty::Stalker,{},[1],GeneralNPC_Mercenaries_Recon_ItemGenerator.ItemGenerator.[5].PossibleItems.[1],GunIntegral_PP,,weight,1000,,,,0,6,0.25,0.5,"{""ItemPrototypeSID"":""GunIntegral_PP"",""Weight"":""1000"",""MinDurability"":""0.25"",""MaxDurability"":""0.5"",""AmmoMinCount"":""0"",""AmmoMaxCount"":""6""}"
vanilla/Stalker2/Content/GameLite/GameData/ItemGeneratorPrototypes.cfg,ordinary role,Mercenaries,Recon,GeneralNPC_Mercenaries_Recon_ItemGenerator,GeneralNPC_Mercenaries_Recon_ItemGenerator,[0],"{""SID"":""GeneralNPC_Mercenaries_Recon_ItemGenerator"",""RefreshTime"":""1d"",""SpecificRewardSound"":""EUISound::SystemNotificationNews""}",[5],WeaponPrimary,ERank::Master,,EGameDifficulty::Stalker,{},[2],GeneralNPC_Mercenaries_Recon_ItemGenerator.ItemGenerator.[5].PossibleItems.[2],GunFora230_PP,,weight,400,,,,0,6,0.25,0.5,"{""ItemPrototypeSID"":""GunFora230_PP"",""Weight"":""400"",""MinDurability"":""0.25"",""MaxDurability"":""0.5"",""AmmoMinCount"":""0"",""AmmoMaxCount"":""6""}"
vanilla/Stalker2/Content/GameLite/GameData/ItemGeneratorPrototypes.cfg,ordinary role,Mercenaries,Recon,GeneralNPC_Mercenaries_Recon_ItemGenerator,GeneralNPC_Mercenaries_Recon_ItemGenerator,[0],"{""SID"":""GeneralNPC_Mercenaries_Recon_ItemGenerator"",""RefreshTime"":""1d"",""SpecificRewardSound"":""EUISound::SystemNotificationNews""}",[6],SubItemGenerator,,,,{},[0],GeneralNPC_Mercenaries_Recon_ItemGenerator.ItemGenerator.[6].PossibleItems.[0],,GeneralNPC_Mercenaries_Armor,chance,,1,,,,,,,"{""ItemGeneratorPrototypeSID"":""GeneralNPC_Mercenaries_Armor"",""Chance"":""1""}"
vanilla/Stalker2/Content/GameLite/GameData/ItemGeneratorPrototypes.cfg,ordinary role,Mercenaries,Recon,GeneralNPC_Mercenaries_Recon_ItemGenerator,GeneralNPC_Mercenaries_Recon_ItemGenerator,[0],"{""SID"":""GeneralNPC_Mercenaries_Recon_ItemGenerator"",""RefreshTime"":""1d"",""SpecificRewardSound"":""EUISound::SystemNotificationNews""}",[6],SubItemGenerator,,,,{},[1],GeneralNPC_Mercenaries_Recon_ItemGenerator.ItemGenerator.[6].PossibleItems.[1],,GeneralNPC_Mercenaries_WeaponPistol,chance,,0.25,,,,,,,"{""ItemGeneratorPrototypeSID"":""GeneralNPC_Mercenaries_WeaponPistol"",""Chance"":""0.25""}"
vanilla/Stalker2/Content/GameLite/GameData/ItemGeneratorPrototypes.cfg,ordinary role,Mercenaries,Recon,GeneralNPC_Mercenaries_Recon_ItemGenerator,GeneralNPC_Mercenaries_Recon_ItemGenerator,[0],"{""SID"":""GeneralNPC_Mercenaries_Recon_ItemGenerator"",""RefreshTime"":""1d"",""SpecificRewardSound"":""EUISound::SystemNotificationNews""}",[7],SubItemGenerator,,,,{},[0],GeneralNPC_Mercenaries_Recon_ItemGenerator.ItemGenerator.[7].PossibleItems.[0],,GeneralNPC_Consumables_Recon,weight,1,,,,,,,,"{""ItemGeneratorPrototypeSID"":""GeneralNPC_Consumables_Recon"",""Weight"":""1""}"
vanilla/Stalker2/Content/GameLite/GameData/ItemGeneratorPrototypes.cfg,ordinary role,Mercenaries,Recon,GeneralNPC_Mercenaries_Recon_ItemGenerator,GeneralNPC_Mercenaries_Recon_ItemGenerator,[0],"{""SID"":""GeneralNPC_Mercenaries_Recon_ItemGenerator"",""RefreshTime"":""1d"",""SpecificRewardSound"":""EUISound::SystemNotificationNews""}",[8],Artifact,,,,{},[0],GeneralNPC_Mercenaries_Recon_ItemGenerator.ItemGenerator.[8].PossibleItems.[0],GrenadeRGD5,,chance,,0.2,1,1,,,,,"{""ItemPrototypeSID"":""GrenadeRGD5"",""Chance"":""0.2"",""MinCount"":""1"",""MaxCount"":""1""}"
vanilla/Stalker2/Content/GameLite/GameData/ItemGeneratorPrototypes.cfg,ordinary role,Mercenaries,Recon,GeneralNPC_Mercenaries_Recon_ItemGenerator,GeneralNPC_Mercenaries_Recon_ItemGenerator,[0],"{""SID"":""GeneralNPC_Mercenaries_Recon_ItemGenerator"",""RefreshTime"":""1d"",""SpecificRewardSound"":""EUISound::SystemNotificationNews""}",[9],Detector,,,,{},[0],GeneralNPC_Mercenaries_Recon_ItemGenerator.ItemGenerator.[9].PossibleItems.[0],Echo,,chance,,0.05,1,,,,,,"{""ItemPrototypeSID"":""Echo"",""Chance"":""0.05"",""MinCount"":""1""}"
vanilla/Stalker2/Content/GameLite/GameData/ItemGeneratorPrototypes.cfg,ordinary role,Mercenaries,Recon,GeneralNPC_Mercenaries_Recon_ItemGenerator,GeneralNPC_Mercenaries_Recon_ItemGenerator,[0],"{""SID"":""GeneralNPC_Mercenaries_Recon_ItemGenerator"",""RefreshTime"":""1d"",""SpecificRewardSound"":""EUISound::SystemNotificationNews""}",[10],SubItemGenerator,,,,{},[0],GeneralNPC_Mercenaries_Recon_ItemGenerator.ItemGenerator.[10].PossibleItems.[0],,GeneralNPC_Mercenaries_NVG,chance,,1,,,,,,,"{""ItemGeneratorPrototypeSID"":""GeneralNPC_Mercenaries_NVG"",""Chance"":""1""}"
vanilla/Stalker2/Content/GameLite/GameData/ItemGeneratorPrototypes.cfg,ordinary role,Mercenaries,Stormtrooper,GeneralNPC_Mercenaries_Stormtrooper_ItemGenerator,GeneralNPC_Mercenaries_Stormtrooper_ItemGenerator,[0],"{""SID"":""GeneralNPC_Mercenaries_Stormtrooper_ItemGenerator"",""RefreshTime"":""1d"",""SpecificRewardSound"":""EUISound::SystemNotificationNews""}",[0],WeaponPrimary,"ERank::Newbie, ERank::Experienced",,,{},[0],GeneralNPC_Mercenaries_Stormtrooper_ItemGenerator.ItemGenerator.[0].PossibleItems.[0],GunM16_ST,,weight,1000,,,,0,5,0.25,0.5,"{""ItemPrototypeSID"":""GunM16_ST"",""Weight"":""1000"",""MinDurability"":""0.25"",""MaxDurability"":""0.5"",""AmmoMinCount"":""0"",""AmmoMaxCount"":""5""}"
vanilla/Stalker2/Content/GameLite/GameData/ItemGeneratorPrototypes.cfg,ordinary role,Mercenaries,Stormtrooper,GeneralNPC_Mercenaries_Stormtrooper_ItemGenerator,GeneralNPC_Mercenaries_Stormtrooper_ItemGenerator,[0],"{""SID"":""GeneralNPC_Mercenaries_Stormtrooper_ItemGenerator"",""RefreshTime"":""1d"",""SpecificRewardSound"":""EUISound::SystemNotificationNews""}",[0],WeaponPrimary,"ERank::Newbie, ERank::Experienced",,,{},[1],GeneralNPC_Mercenaries_Stormtrooper_ItemGenerator.ItemGenerator.[0].PossibleItems.[1],GunG37_ST,,weight,100,,,,0,5,0.25,0.5,"{""ItemPrototypeSID"":""GunG37_ST"",""Weight"":""100"",""MinDurability"":""0.25"",""MaxDurability"":""0.5"",""AmmoMinCount"":""0"",""AmmoMaxCount"":""5""}"
vanilla/Stalker2/Content/GameLite/GameData/ItemGeneratorPrototypes.cfg,ordinary role,Mercenaries,Stormtrooper,GeneralNPC_Mercenaries_Stormtrooper_ItemGenerator,GeneralNPC_Mercenaries_Stormtrooper_ItemGenerator,[0],"{""SID"":""GeneralNPC_Mercenaries_Stormtrooper_ItemGenerator"",""RefreshTime"":""1d"",""SpecificRewardSound"":""EUISound::SystemNotificationNews""}",[1],WeaponPrimary,ERank::Veteran,,,{},[0],GeneralNPC_Mercenaries_Stormtrooper_ItemGenerator.ItemGenerator.[1].PossibleItems.[0],GunFora_ST,,weight,100,,,,0,7,0.25,0.5,"{""ItemPrototypeSID"":""GunFora_ST"",""Weight"":""100"",""MinDurability"":""0.25"",""MaxDurability"":""0.5"",""AmmoMinCount"":""0"",""AmmoMaxCount"":""7""}"
vanilla/Stalker2/Content/GameLite/GameData/ItemGeneratorPrototypes.cfg,ordinary role,Mercenaries,Stormtrooper,GeneralNPC_Mercenaries_Stormtrooper_ItemGenerator,GeneralNPC_Mercenaries_Stormtrooper_ItemGenerator,[0],"{""SID"":""GeneralNPC_Mercenaries_Stormtrooper_ItemGenerator"",""RefreshTime"":""1d"",""SpecificRewardSound"":""EUISound::SystemNotificationNews""}",[1],WeaponPrimary,ERank::Veteran,,,{},[1],GeneralNPC_Mercenaries_Stormtrooper_ItemGenerator.ItemGenerator.[1].PossibleItems.[1],GunM16_ST,,weight,400,,,,0,5,0.25,0.5,"{""ItemPrototypeSID"":""GunM16_ST"",""Weight"":""400"",""MinDurability"":""0.25"",""MaxDurability"":""0.5"",""AmmoMinCount"":""0"",""AmmoMaxCount"":""5""}"
vanilla/Stalker2/Content/GameLite/GameData/ItemGeneratorPrototypes.cfg,ordinary role,Mercenaries,Stormtrooper,GeneralNPC_Mercenaries_Stormtrooper_ItemGenerator,GeneralNPC_Mercenaries_Stormtrooper_ItemGenerator,[0],"{""SID"":""GeneralNPC_Mercenaries_Stormtrooper_ItemGenerator"",""RefreshTime"":""1d"",""SpecificRewardSound"":""EUISound::SystemNotificationNews""}",[1],WeaponPrimary,ERank::Veteran,,,{},[2],GeneralNPC_Mercenaries_Stormtrooper_ItemGenerator.ItemGenerator.[1].PossibleItems.[2],GunG37_ST,,weight,1000,,,,0,5,0.25,0.5,"{""ItemPrototypeSID"":""GunG37_ST"",""Weight"":""1000"",""MinDurability"":""0.25"",""MaxDurability"":""0.5"",""AmmoMinCount"":""0"",""AmmoMaxCount"":""5""}"
vanilla/Stalker2/Content/GameLite/GameData/ItemGeneratorPrototypes.cfg,ordinary role,Mercenaries,Stormtrooper,GeneralNPC_Mercenaries_Stormtrooper_ItemGenerator,GeneralNPC_Mercenaries_Stormtrooper_ItemGenerator,[0],"{""SID"":""GeneralNPC_Mercenaries_Stormtrooper_ItemGenerator"",""RefreshTime"":""1d"",""SpecificRewardSound"":""EUISound::SystemNotificationNews""}",[1],WeaponPrimary,ERank::Veteran,,,{},[3],GeneralNPC_Mercenaries_Stormtrooper_ItemGenerator.ItemGenerator.[1].PossibleItems.[3],GunArev_ST,,weight,1000,,,,0,7,0.25,0.5,"{""ItemPrototypeSID"":""GunArev_ST"",""Weight"":""1000"",""MinDurability"":""0.25"",""MaxDurability"":""0.5"",""AmmoMinCount"":""0"",""AmmoMaxCount"":""7""}"
vanilla/Stalker2/Content/GameLite/GameData/ItemGeneratorPrototypes.cfg,ordinary role,Mercenaries,Stormtrooper,GeneralNPC_Mercenaries_Stormtrooper_ItemGenerator,GeneralNPC_Mercenaries_Stormtrooper_ItemGenerator,[0],"{""SID"":""GeneralNPC_Mercenaries_Stormtrooper_ItemGenerator"",""RefreshTime"":""1d"",""SpecificRewardSound"":""EUISound::SystemNotificationNews""}",[2],WeaponPrimary,ERank::Master,,,{},[0],GeneralNPC_Mercenaries_Stormtrooper_ItemGenerator.ItemGenerator.[2].PossibleItems.[0],GunFora_ST,,weight,500,,,,0,7,0.25,0.5,"{""ItemPrototypeSID"":""GunFora_ST"",""Weight"":""500"",""MinDurability"":""0.25"",""MaxDurability"":""0.5"",""AmmoMinCount"":""0"",""AmmoMaxCount"":""7""}"
vanilla/Stalker2/Content/GameLite/GameData/ItemGeneratorPrototypes.cfg,ordinary role,Mercenaries,Stormtrooper,GeneralNPC_Mercenaries_Stormtrooper_ItemGenerator,GeneralNPC_Mercenaries_Stormtrooper_ItemGenerator,[0],"{""SID"":""GeneralNPC_Mercenaries_Stormtrooper_ItemGenerator"",""RefreshTime"":""1d"",""SpecificRewardSound"":""EUISound::SystemNotificationNews""}",[2],WeaponPrimary,ERank::Master,,,{},[1],GeneralNPC_Mercenaries_Stormtrooper_ItemGenerator.ItemGenerator.[2].PossibleItems.[1],GunM16_ST,,weight,500,,,,0,5,0.25,0.5,"{""ItemPrototypeSID"":""GunM16_ST"",""Weight"":""500"",""MinDurability"":""0.25"",""MaxDurability"":""0.5"",""AmmoMinCount"":""0"",""AmmoMaxCount"":""5""}"
vanilla/Stalker2/Content/GameLite/GameData/ItemGeneratorPrototypes.cfg,ordinary role,Mercenaries,Stormtrooper,GeneralNPC_Mercenaries_Stormtrooper_ItemGenerator,GeneralNPC_Mercenaries_Stormtrooper_ItemGenerator,[0],"{""SID"":""GeneralNPC_Mercenaries_Stormtrooper_ItemGenerator"",""RefreshTime"":""1d"",""SpecificRewardSound"":""EUISound::SystemNotificationNews""}",[2],WeaponPrimary,ERank::Master,,,{},[2],GeneralNPC_Mercenaries_Stormtrooper_ItemGenerator.ItemGenerator.[2].PossibleItems.[2],GunG37_ST,,weight,1000,,,,0,5,0.25,0.5,"{""ItemPrototypeSID"":""GunG37_ST"",""Weight"":""1000"",""MinDurability"":""0.25"",""MaxDurability"":""0.5"",""AmmoMinCount"":""0"",""AmmoMaxCount"":""5""}"
vanilla/Stalker2/Content/GameLite/GameData/ItemGeneratorPrototypes.cfg,ordinary role,Mercenaries,Stormtrooper,GeneralNPC_Mercenaries_Stormtrooper_ItemGenerator,GeneralNPC_Mercenaries_Stormtrooper_ItemGenerator,[0],"{""SID"":""GeneralNPC_Mercenaries_Stormtrooper_ItemGenerator"",""RefreshTime"":""1d"",""SpecificRewardSound"":""EUISound::SystemNotificationNews""}",[2],WeaponPrimary,ERank::Master,,,{},[3],GeneralNPC_Mercenaries_Stormtrooper_ItemGenerator.ItemGenerator.[2].PossibleItems.[3],GunKharod_ST,,weight,1000,,,,0,5,0.25,0.5,"{""ItemPrototypeSID"":""GunKharod_ST"",""Weight"":""1000"",""MinDurability"":""0.25"",""MaxDurability"":""0.5"",""AmmoMinCount"":""0"",""AmmoMaxCount"":""5""}"
vanilla/Stalker2/Content/GameLite/GameData/ItemGeneratorPrototypes.cfg,ordinary role,Mercenaries,Stormtrooper,GeneralNPC_Mercenaries_Stormtrooper_ItemGenerator,GeneralNPC_Mercenaries_Stormtrooper_ItemGenerator,[0],"{""SID"":""GeneralNPC_Mercenaries_Stormtrooper_ItemGenerator"",""RefreshTime"":""1d"",""SpecificRewardSound"":""EUISound::SystemNotificationNews""}",[2],WeaponPrimary,ERank::Master,,,{},[4],GeneralNPC_Mercenaries_Stormtrooper_ItemGenerator.ItemGenerator.[2].PossibleItems.[4],GunArev_ST,,weight,1000,,,,0,7,0.25,0.5,"{""ItemPrototypeSID"":""GunArev_ST"",""Weight"":""1000"",""MinDurability"":""0.25"",""MaxDurability"":""0.5"",""AmmoMinCount"":""0"",""AmmoMaxCount"":""7""}"
vanilla/Stalker2/Content/GameLite/GameData/ItemGeneratorPrototypes.cfg,ordinary role,Mercenaries,Stormtrooper,GeneralNPC_Mercenaries_Stormtrooper_ItemGenerator,GeneralNPC_Mercenaries_Stormtrooper_ItemGenerator,[0],"{""SID"":""GeneralNPC_Mercenaries_Stormtrooper_ItemGenerator"",""RefreshTime"":""1d"",""SpecificRewardSound"":""EUISound::SystemNotificationNews""}",[3],SubItemGenerator,,,,{},[0],GeneralNPC_Mercenaries_Stormtrooper_ItemGenerator.ItemGenerator.[3].PossibleItems.[0],,GeneralNPC_Mercenaries_Armor,chance,,1,,,,,,,"{""ItemGeneratorPrototypeSID"":""GeneralNPC_Mercenaries_Armor"",""Chance"":""1""}"
vanilla/Stalker2/Content/GameLite/GameData/ItemGeneratorPrototypes.cfg,ordinary role,Mercenaries,Stormtrooper,GeneralNPC_Mercenaries_Stormtrooper_ItemGenerator,GeneralNPC_Mercenaries_Stormtrooper_ItemGenerator,[0],"{""SID"":""GeneralNPC_Mercenaries_Stormtrooper_ItemGenerator"",""RefreshTime"":""1d"",""SpecificRewardSound"":""EUISound::SystemNotificationNews""}",[3],SubItemGenerator,,,,{},[1],GeneralNPC_Mercenaries_Stormtrooper_ItemGenerator.ItemGenerator.[3].PossibleItems.[1],,GeneralNPC_Mercenaries_WeaponPistol,chance,,0.4,,,,,,,"{""ItemGeneratorPrototypeSID"":""GeneralNPC_Mercenaries_WeaponPistol"",""Chance"":""0.4""}"
vanilla/Stalker2/Content/GameLite/GameData/ItemGeneratorPrototypes.cfg,ordinary role,Mercenaries,Stormtrooper,GeneralNPC_Mercenaries_Stormtrooper_ItemGenerator,GeneralNPC_Mercenaries_Stormtrooper_ItemGenerator,[0],"{""SID"":""GeneralNPC_Mercenaries_Stormtrooper_ItemGenerator"",""RefreshTime"":""1d"",""SpecificRewardSound"":""EUISound::SystemNotificationNews""}",[4],SubItemGenerator,,,,{},[0],GeneralNPC_Mercenaries_Stormtrooper_ItemGenerator.ItemGenerator.[4].PossibleItems.[0],,GeneralNPC_Consumables_Stormtrooper,weight,1,,,,,,,,"{""ItemGeneratorPrototypeSID"":""GeneralNPC_Consumables_Stormtrooper"",""Weight"":""1""}"
vanilla/Stalker2/Content/GameLite/GameData/ItemGeneratorPrototypes.cfg,ordinary role,Mercenaries,Stormtrooper,GeneralNPC_Mercenaries_Stormtrooper_ItemGenerator,GeneralNPC_Mercenaries_Stormtrooper_ItemGenerator,[0],"{""SID"":""GeneralNPC_Mercenaries_Stormtrooper_ItemGenerator"",""RefreshTime"":""1d"",""SpecificRewardSound"":""EUISound::SystemNotificationNews""}",[5],Artifact,,,,{},[0],GeneralNPC_Mercenaries_Stormtrooper_ItemGenerator.ItemGenerator.[5].PossibleItems.[0],GrenadeRGD5,,chance,,0.2,1,1,,,,,"{""ItemPrototypeSID"":""GrenadeRGD5"",""Chance"":""0.2"",""MinCount"":""1"",""MaxCount"":""1""}"
vanilla/Stalker2/Content/GameLite/GameData/ItemGeneratorPrototypes.cfg,ordinary role,Mercenaries,Stormtrooper,GeneralNPC_Mercenaries_Stormtrooper_ItemGenerator,GeneralNPC_Mercenaries_Stormtrooper_ItemGenerator,[0],"{""SID"":""GeneralNPC_Mercenaries_Stormtrooper_ItemGenerator"",""RefreshTime"":""1d"",""SpecificRewardSound"":""EUISound::SystemNotificationNews""}",[6],Detector,,,,{},[0],GeneralNPC_Mercenaries_Stormtrooper_ItemGenerator.ItemGenerator.[6].PossibleItems.[0],Echo,,chance,,0.05,1,,,,,,"{""ItemPrototypeSID"":""Echo"",""Chance"":""0.05"",""MinCount"":""1""}"
vanilla/Stalker2/Content/GameLite/GameData/ItemGeneratorPrototypes.cfg,ordinary role,Mercenaries,Stormtrooper,GeneralNPC_Mercenaries_Stormtrooper_ItemGenerator,GeneralNPC_Mercenaries_Stormtrooper_ItemGenerator,[0],"{""SID"":""GeneralNPC_Mercenaries_Stormtrooper_ItemGenerator"",""RefreshTime"":""1d"",""SpecificRewardSound"":""EUISound::SystemNotificationNews""}",[7],SubItemGenerator,,,,{},[0],GeneralNPC_Mercenaries_Stormtrooper_ItemGenerator.ItemGenerator.[7].PossibleItems.[0],,GeneralNPC_Mercenaries_NVG,chance,,1,,,,,,,"{""ItemGeneratorPrototypeSID"":""GeneralNPC_Mercenaries_NVG"",""Chance"":""1""}"
vanilla/Stalker2/Content/GameLite/GameData/ItemGeneratorPrototypes.cfg,ordinary role,Mercenaries,Sniper,GeneralNPC_Mercenaries_Sniper_ItemGenerator,GeneralNPC_Mercenaries_Sniper_ItemGenerator,[0],"{""SID"":""GeneralNPC_Mercenaries_Sniper_ItemGenerator"",""RefreshTime"":""1d"",""SpecificRewardSound"":""EUISound::SystemNotificationNews""}",[0],WeaponPrimary,"ERank::Newbie, ERank::Experienced",,,{},[0],GeneralNPC_Mercenaries_Sniper_ItemGenerator.ItemGenerator.[0].PossibleItems.[0],GunSVDM_SP,,weight,1000,,,,0,5,0.25,0.5,"{""ItemPrototypeSID"":""GunSVDM_SP"",""Weight"":""1000"",""MinDurability"":""0.25"",""MaxDurability"":""0.5"",""AmmoMinCount"":""0"",""AmmoMaxCount"":""5""}"
vanilla/Stalker2/Content/GameLite/GameData/ItemGeneratorPrototypes.cfg,ordinary role,Mercenaries,Sniper,GeneralNPC_Mercenaries_Sniper_ItemGenerator,GeneralNPC_Mercenaries_Sniper_ItemGenerator,[0],"{""SID"":""GeneralNPC_Mercenaries_Sniper_ItemGenerator"",""RefreshTime"":""1d"",""SpecificRewardSound"":""EUISound::SystemNotificationNews""}",[0],WeaponPrimary,"ERank::Newbie, ERank::Experienced",,,{},[1],GeneralNPC_Mercenaries_Sniper_ItemGenerator.ItemGenerator.[0].PossibleItems.[1],GunMark_SP,,weight,100,,,,0,5,0.25,0.5,"{""ItemPrototypeSID"":""GunMark_SP"",""Weight"":""100"",""MinDurability"":""0.25"",""MaxDurability"":""0.5"",""AmmoMinCount"":""0"",""AmmoMaxCount"":""5""}"
vanilla/Stalker2/Content/GameLite/GameData/ItemGeneratorPrototypes.cfg,ordinary role,Mercenaries,Sniper,GeneralNPC_Mercenaries_Sniper_ItemGenerator,GeneralNPC_Mercenaries_Sniper_ItemGenerator,[0],"{""SID"":""GeneralNPC_Mercenaries_Sniper_ItemGenerator"",""RefreshTime"":""1d"",""SpecificRewardSound"":""EUISound::SystemNotificationNews""}",[1],WeaponPrimary,ERank::Veteran,,"EGameDifficulty::Easy, EGameDifficulty::Medium, EGameDifficulty::Hard",{},[0],GeneralNPC_Mercenaries_Sniper_ItemGenerator.ItemGenerator.[1].PossibleItems.[0],GunSVDM_SP,,weight,400,,,,3,5,0.25,0.5,"{""ItemPrototypeSID"":""GunSVDM_SP"",""Weight"":""400"",""MinDurability"":""0.25"",""MaxDurability"":""0.5"",""AmmoMinCount"":""3"",""AmmoMaxCount"":""5""}"
vanilla/Stalker2/Content/GameLite/GameData/ItemGeneratorPrototypes.cfg,ordinary role,Mercenaries,Sniper,GeneralNPC_Mercenaries_Sniper_ItemGenerator,GeneralNPC_Mercenaries_Sniper_ItemGenerator,[0],"{""SID"":""GeneralNPC_Mercenaries_Sniper_ItemGenerator"",""RefreshTime"":""1d"",""SpecificRewardSound"":""EUISound::SystemNotificationNews""}",[1],WeaponPrimary,ERank::Veteran,,"EGameDifficulty::Easy, EGameDifficulty::Medium, EGameDifficulty::Hard",{},[1],GeneralNPC_Mercenaries_Sniper_ItemGenerator.ItemGenerator.[1].PossibleItems.[1],GunMark_SP,,weight,1000,,,,3,6,0.25,0.5,"{""ItemPrototypeSID"":""GunMark_SP"",""Weight"":""1000"",""MinDurability"":""0.25"",""MaxDurability"":""0.5"",""AmmoMinCount"":""3"",""AmmoMaxCount"":""6""}"
vanilla/Stalker2/Content/GameLite/GameData/ItemGeneratorPrototypes.cfg,ordinary role,Mercenaries,Sniper,GeneralNPC_Mercenaries_Sniper_ItemGenerator,GeneralNPC_Mercenaries_Sniper_ItemGenerator,[0],"{""SID"":""GeneralNPC_Mercenaries_Sniper_ItemGenerator"",""RefreshTime"":""1d"",""SpecificRewardSound"":""EUISound::SystemNotificationNews""}",[2],WeaponPrimary,ERank::Master,,"EGameDifficulty::Easy, EGameDifficulty::Medium, EGameDifficulty::Hard",{},[0],GeneralNPC_Mercenaries_Sniper_ItemGenerator.ItemGenerator.[2].PossibleItems.[0],GunM701_SP,,weight,500,,,,3,6,0.25,0.5,"{""ItemPrototypeSID"":""GunM701_SP"",""Weight"":""500"",""MinDurability"":""0.25"",""MaxDurability"":""0.5"",""AmmoMinCount"":""3"",""AmmoMaxCount"":""6""}"
vanilla/Stalker2/Content/GameLite/GameData/ItemGeneratorPrototypes.cfg,ordinary role,Mercenaries,Sniper,GeneralNPC_Mercenaries_Sniper_ItemGenerator,GeneralNPC_Mercenaries_Sniper_ItemGenerator,[0],"{""SID"":""GeneralNPC_Mercenaries_Sniper_ItemGenerator"",""RefreshTime"":""1d"",""SpecificRewardSound"":""EUISound::SystemNotificationNews""}",[2],WeaponPrimary,ERank::Master,,"EGameDifficulty::Easy, EGameDifficulty::Medium, EGameDifficulty::Hard",{},[1],GeneralNPC_Mercenaries_Sniper_ItemGenerator.ItemGenerator.[2].PossibleItems.[1],GunMark_SP,,weight,1000,,,,3,6,0.25,0.5,"{""ItemPrototypeSID"":""GunMark_SP"",""Weight"":""1000"",""MinDurability"":""0.25"",""MaxDurability"":""0.5"",""AmmoMinCount"":""3"",""AmmoMaxCount"":""6""}"
vanilla/Stalker2/Content/GameLite/GameData/ItemGeneratorPrototypes.cfg,ordinary role,Mercenaries,Sniper,GeneralNPC_Mercenaries_Sniper_ItemGenerator,GeneralNPC_Mercenaries_Sniper_ItemGenerator,[0],"{""SID"":""GeneralNPC_Mercenaries_Sniper_ItemGenerator"",""RefreshTime"":""1d"",""SpecificRewardSound"":""EUISound::SystemNotificationNews""}",[3],WeaponPrimary,ERank::Veteran,,EGameDifficulty::Stalker,{},[0],GeneralNPC_Mercenaries_Sniper_ItemGenerator.ItemGenerator.[3].PossibleItems.[0],GunSVDM_SP,,weight,400,,,,0,5,0.25,0.5,"{""ItemPrototypeSID"":""GunSVDM_SP"",""Weight"":""400"",""MinDurability"":""0.25"",""MaxDurability"":""0.5"",""AmmoMinCount"":""0"",""AmmoMaxCount"":""5""}"
vanilla/Stalker2/Content/GameLite/GameData/ItemGeneratorPrototypes.cfg,ordinary role,Mercenaries,Sniper,GeneralNPC_Mercenaries_Sniper_ItemGenerator,GeneralNPC_Mercenaries_Sniper_ItemGenerator,[0],"{""SID"":""GeneralNPC_Mercenaries_Sniper_ItemGenerator"",""RefreshTime"":""1d"",""SpecificRewardSound"":""EUISound::SystemNotificationNews""}",[3],WeaponPrimary,ERank::Veteran,,EGameDifficulty::Stalker,{},[1],GeneralNPC_Mercenaries_Sniper_ItemGenerator.ItemGenerator.[3].PossibleItems.[1],GunMark_SP,,weight,1000,,,,0,5,0.25,0.5,"{""ItemPrototypeSID"":""GunMark_SP"",""Weight"":""1000"",""MinDurability"":""0.25"",""MaxDurability"":""0.5"",""AmmoMinCount"":""0"",""AmmoMaxCount"":""5""}"
vanilla/Stalker2/Content/GameLite/GameData/ItemGeneratorPrototypes.cfg,ordinary role,Mercenaries,Sniper,GeneralNPC_Mercenaries_Sniper_ItemGenerator,GeneralNPC_Mercenaries_Sniper_ItemGenerator,[0],"{""SID"":""GeneralNPC_Mercenaries_Sniper_ItemGenerator"",""RefreshTime"":""1d"",""SpecificRewardSound"":""EUISound::SystemNotificationNews""}",[4],WeaponPrimary,ERank::Master,,EGameDifficulty::Stalker,{},[0],GeneralNPC_Mercenaries_Sniper_ItemGenerator.ItemGenerator.[4].PossibleItems.[0],GunM701_SP,,weight,500,,,,0,5,0.25,0.5,"{""ItemPrototypeSID"":""GunM701_SP"",""Weight"":""500"",""MinDurability"":""0.25"",""MaxDurability"":""0.5"",""AmmoMinCount"":""0"",""AmmoMaxCount"":""5""}"
vanilla/Stalker2/Content/GameLite/GameData/ItemGeneratorPrototypes.cfg,ordinary role,Mercenaries,Sniper,GeneralNPC_Mercenaries_Sniper_ItemGenerator,GeneralNPC_Mercenaries_Sniper_ItemGenerator,[0],"{""SID"":""GeneralNPC_Mercenaries_Sniper_ItemGenerator"",""RefreshTime"":""1d"",""SpecificRewardSound"":""EUISound::SystemNotificationNews""}",[4],WeaponPrimary,ERank::Master,,EGameDifficulty::Stalker,{},[1],GeneralNPC_Mercenaries_Sniper_ItemGenerator.ItemGenerator.[4].PossibleItems.[1],GunMark_SP,,weight,1000,,,,0,5,0.25,0.5,"{""ItemPrototypeSID"":""GunMark_SP"",""Weight"":""1000"",""MinDurability"":""0.25"",""MaxDurability"":""0.5"",""AmmoMinCount"":""0"",""AmmoMaxCount"":""5""}"
vanilla/Stalker2/Content/GameLite/GameData/ItemGeneratorPrototypes.cfg,ordinary role,Mercenaries,Sniper,GeneralNPC_Mercenaries_Sniper_ItemGenerator,GeneralNPC_Mercenaries_Sniper_ItemGenerator,[0],"{""SID"":""GeneralNPC_Mercenaries_Sniper_ItemGenerator"",""RefreshTime"":""1d"",""SpecificRewardSound"":""EUISound::SystemNotificationNews""}",[5],SubItemGenerator,,,,{},[0],GeneralNPC_Mercenaries_Sniper_ItemGenerator.ItemGenerator.[5].PossibleItems.[0],,GeneralNPC_Mercenaries_Armor,chance,,1,,,,,,,"{""ItemGeneratorPrototypeSID"":""GeneralNPC_Mercenaries_Armor"",""Chance"":""1""}"
vanilla/Stalker2/Content/GameLite/GameData/ItemGeneratorPrototypes.cfg,ordinary role,Mercenaries,Sniper,GeneralNPC_Mercenaries_Sniper_ItemGenerator,GeneralNPC_Mercenaries_Sniper_ItemGenerator,[0],"{""SID"":""GeneralNPC_Mercenaries_Sniper_ItemGenerator"",""RefreshTime"":""1d"",""SpecificRewardSound"":""EUISound::SystemNotificationNews""}",[5],SubItemGenerator,,,,{},[1],GeneralNPC_Mercenaries_Sniper_ItemGenerator.ItemGenerator.[5].PossibleItems.[1],,GeneralNPC_Mercenaries_WeaponPistol,chance,,0.5,,,,,,,"{""ItemGeneratorPrototypeSID"":""GeneralNPC_Mercenaries_WeaponPistol"",""Chance"":""0.5""}"
vanilla/Stalker2/Content/GameLite/GameData/ItemGeneratorPrototypes.cfg,ordinary role,Mercenaries,Sniper,GeneralNPC_Mercenaries_Sniper_ItemGenerator,GeneralNPC_Mercenaries_Sniper_ItemGenerator,[0],"{""SID"":""GeneralNPC_Mercenaries_Sniper_ItemGenerator"",""RefreshTime"":""1d"",""SpecificRewardSound"":""EUISound::SystemNotificationNews""}",[6],Artifact,,,,{},[0],GeneralNPC_Mercenaries_Sniper_ItemGenerator.ItemGenerator.[6].PossibleItems.[0],GrenadeF1,,chance,,0.2,1,1,,,,,"{""ItemPrototypeSID"":""GrenadeF1"",""Chance"":""0.2"",""MinCount"":""1"",""MaxCount"":""1""}"
vanilla/Stalker2/Content/GameLite/GameData/ItemGeneratorPrototypes.cfg,ordinary role,Mercenaries,Sniper,GeneralNPC_Mercenaries_Sniper_ItemGenerator,GeneralNPC_Mercenaries_Sniper_ItemGenerator,[0],"{""SID"":""GeneralNPC_Mercenaries_Sniper_ItemGenerator"",""RefreshTime"":""1d"",""SpecificRewardSound"":""EUISound::SystemNotificationNews""}",[7],SubItemGenerator,,,,{},[0],GeneralNPC_Mercenaries_Sniper_ItemGenerator.ItemGenerator.[7].PossibleItems.[0],,GeneralNPC_Consumables_Sniper,weight,1,,,,,,,,"{""ItemGeneratorPrototypeSID"":""GeneralNPC_Consumables_Sniper"",""Weight"":""1""}"
vanilla/Stalker2/Content/GameLite/GameData/ItemGeneratorPrototypes.cfg,ordinary role,Mercenaries,Sniper,GeneralNPC_Mercenaries_Sniper_ItemGenerator,GeneralNPC_Mercenaries_Sniper_ItemGenerator,[0],"{""SID"":""GeneralNPC_Mercenaries_Sniper_ItemGenerator"",""RefreshTime"":""1d"",""SpecificRewardSound"":""EUISound::SystemNotificationNews""}",[8],Detector,,,,{},[0],GeneralNPC_Mercenaries_Sniper_ItemGenerator.ItemGenerator.[8].PossibleItems.[0],Echo,,chance,,0.05,1,,,,,,"{""ItemPrototypeSID"":""Echo"",""Chance"":""0.05"",""MinCount"":""1""}"
vanilla/Stalker2/Content/GameLite/GameData/ItemGeneratorPrototypes.cfg,ordinary role,Mercenaries,Sniper,GeneralNPC_Mercenaries_Sniper_ItemGenerator,GeneralNPC_Mercenaries_Sniper_ItemGenerator,[0],"{""SID"":""GeneralNPC_Mercenaries_Sniper_ItemGenerator"",""RefreshTime"":""1d"",""SpecificRewardSound"":""EUISound::SystemNotificationNews""}",[9],SubItemGenerator,,,,{},[0],GeneralNPC_Mercenaries_Sniper_ItemGenerator.ItemGenerator.[9].PossibleItems.[0],,GeneralNPC_Mercenaries_NVG,chance,,1,,,,,,,"{""ItemGeneratorPrototypeSID"":""GeneralNPC_Mercenaries_NVG"",""Chance"":""1""}"
vanilla/Stalker2/Content/GameLite/GameData/ItemGeneratorPrototypes.cfg,shared helper,Scientists,Armor,GeneralNPC_Scientists_Armor,GeneralNPC_Scientists_Armor,[0],"{""SID"":""GeneralNPC_Scientists_Armor"",""SpecificRewardSound"":""EUISound::SystemNotificationNews""}",[0],BodyArmor,ERank::Newbie,,,{},[0],GeneralNPC_Scientists_Armor.ItemGenerator.[0].PossibleItems.[0],Anomaly_Scientific_Armor,,weight,1.0,,,,,,,,"{""ItemPrototypeSID"":""Anomaly_Scientific_Armor"",""Weight"":""1.0""}"
vanilla/Stalker2/Content/GameLite/GameData/ItemGeneratorPrototypes.cfg,shared helper,Scientists,Armor,GeneralNPC_Scientists_Armor,GeneralNPC_Scientists_Armor,[0],"{""SID"":""GeneralNPC_Scientists_Armor"",""SpecificRewardSound"":""EUISound::SystemNotificationNews""}",[0],BodyArmor,ERank::Newbie,,,{},[1],GeneralNPC_Scientists_Armor.ItemGenerator.[0].PossibleItems.[1],NPC_Sci_Armor,,weight,1.0,,,,,,,,"{""ItemPrototypeSID"":""NPC_Sci_Armor"",""Weight"":""1.0""}"
vanilla/Stalker2/Content/GameLite/GameData/ItemGeneratorPrototypes.cfg,shared helper,Scientists,Armor,GeneralNPC_Scientists_Armor,GeneralNPC_Scientists_Armor,[0],"{""SID"":""GeneralNPC_Scientists_Armor"",""SpecificRewardSound"":""EUISound::SystemNotificationNews""}",[1],BodyArmor,"ERank::Experienced, ERank::Veteran, ERank::Master",,,{},[0],GeneralNPC_Scientists_Armor.ItemGenerator.[1].PossibleItems.[0],HeavyAnomaly_Scientific_Armor,,weight,1.0,,,,,,,,"{""ItemPrototypeSID"":""HeavyAnomaly_Scientific_Armor"",""Weight"":""1.0""}"
vanilla/Stalker2/Content/GameLite/GameData/ItemGeneratorPrototypes.cfg,ordinary role,Scientists,Recon,GeneralNPC_Scientists_Recon_ItemGenerator,GeneralNPC_Scientists_Recon_ItemGenerator,[0],"{""SID"":""GeneralNPC_Scientists_Recon_ItemGenerator"",""RefreshTime"":""1d"",""SpecificRewardSound"":""EUISound::SystemNotificationNews""}",[0],WeaponPrimary,"ERank::Newbie, ERank::Experienced, ERank::Veteran, ERank::Master",,,{},[0],GeneralNPC_Scientists_Recon_ItemGenerator.ItemGenerator.[0].PossibleItems.[0],GunViper_PP,,weight,1000,,,,0,7,0.25,0.5,"{""ItemPrototypeSID"":""GunViper_PP"",""Weight"":""1000"",""MinDurability"":""0.25"",""MaxDurability"":""0.5"",""AmmoMinCount"":""0"",""AmmoMaxCount"":""7""}"
vanilla/Stalker2/Content/GameLite/GameData/ItemGeneratorPrototypes.cfg,ordinary role,Scientists,Recon,GeneralNPC_Scientists_Recon_ItemGenerator,GeneralNPC_Scientists_Recon_ItemGenerator,[0],"{""SID"":""GeneralNPC_Scientists_Recon_ItemGenerator"",""RefreshTime"":""1d"",""SpecificRewardSound"":""EUISound::SystemNotificationNews""}",[1],SubItemGenerator,,,,{},[0],GeneralNPC_Scientists_Recon_ItemGenerator.ItemGenerator.[1].PossibleItems.[0],,GeneralNPC_Scientists_Armor,chance,,1,,,,,,,"{""ItemGeneratorPrototypeSID"":""GeneralNPC_Scientists_Armor"",""Chance"":""1""}"
vanilla/Stalker2/Content/GameLite/GameData/ItemGeneratorPrototypes.cfg,ordinary role,Scientists,Recon,GeneralNPC_Scientists_Recon_ItemGenerator,GeneralNPC_Scientists_Recon_ItemGenerator,[0],"{""SID"":""GeneralNPC_Scientists_Recon_ItemGenerator"",""RefreshTime"":""1d"",""SpecificRewardSound"":""EUISound::SystemNotificationNews""}",[1],SubItemGenerator,,,,{},[1],GeneralNPC_Scientists_Recon_ItemGenerator.ItemGenerator.[1].PossibleItems.[1],,GeneralNPC_Scientists_WeaponPistol,chance,,0.25,,,,,,,"{""ItemGeneratorPrototypeSID"":""GeneralNPC_Scientists_WeaponPistol"",""Chance"":""0.25""}"
vanilla/Stalker2/Content/GameLite/GameData/ItemGeneratorPrototypes.cfg,ordinary role,Scientists,Recon,GeneralNPC_Scientists_Recon_ItemGenerator,GeneralNPC_Scientists_Recon_ItemGenerator,[0],"{""SID"":""GeneralNPC_Scientists_Recon_ItemGenerator"",""RefreshTime"":""1d"",""SpecificRewardSound"":""EUISound::SystemNotificationNews""}",[2],SubItemGenerator,,,,{},[0],GeneralNPC_Scientists_Recon_ItemGenerator.ItemGenerator.[2].PossibleItems.[0],,GeneralNPC_Consumables_Recon,weight,1,,,,,,,,"{""ItemGeneratorPrototypeSID"":""GeneralNPC_Consumables_Recon"",""Weight"":""1""}"
vanilla/Stalker2/Content/GameLite/GameData/ItemGeneratorPrototypes.cfg,ordinary role,Scientists,Recon,GeneralNPC_Scientists_Recon_ItemGenerator,GeneralNPC_Scientists_Recon_ItemGenerator,[0],"{""SID"":""GeneralNPC_Scientists_Recon_ItemGenerator"",""RefreshTime"":""1d"",""SpecificRewardSound"":""EUISound::SystemNotificationNews""}",[3],Detector,,,,{},[0],GeneralNPC_Scientists_Recon_ItemGenerator.ItemGenerator.[3].PossibleItems.[0],Echo,,chance,,0.05,1,,,,,,"{""ItemPrototypeSID"":""Echo"",""Chance"":""0.05"",""MinCount"":""1""}"
vanilla/Stalker2/Content/GameLite/GameData/ItemGeneratorPrototypes.cfg,ordinary role,Scientists,Stormtrooper,GeneralNPC_Scientists_Stormtrooper_ItemGenerator,GeneralNPC_Scientists_Stormtrooper_ItemGenerator,[0],"{""SID"":""GeneralNPC_Scientists_Stormtrooper_ItemGenerator"",""RefreshTime"":""1d"",""SpecificRewardSound"":""EUISound::SystemNotificationNews""}",[0],WeaponPrimary,"ERank::Newbie, ERank::Experienced, ERank::Veteran, ERank::Master",,,{},[0],GeneralNPC_Scientists_Stormtrooper_ItemGenerator.ItemGenerator.[0].PossibleItems.[0],GunM16_ST,,weight,100,,,,0,8,0.25,0.5,"{""ItemPrototypeSID"":""GunM16_ST"",""Weight"":""100"",""MinDurability"":""0.25"",""MaxDurability"":""0.5"",""AmmoMinCount"":""0"",""AmmoMaxCount"":""8""}"
vanilla/Stalker2/Content/GameLite/GameData/ItemGeneratorPrototypes.cfg,ordinary role,Scientists,Stormtrooper,GeneralNPC_Scientists_Stormtrooper_ItemGenerator,GeneralNPC_Scientists_Stormtrooper_ItemGenerator,[0],"{""SID"":""GeneralNPC_Scientists_Stormtrooper_ItemGenerator"",""RefreshTime"":""1d"",""SpecificRewardSound"":""EUISound::SystemNotificationNews""}",[0],WeaponPrimary,"ERank::Newbie, ERank::Experienced, ERank::Veteran, ERank::Master",,,{},[1],GeneralNPC_Scientists_Stormtrooper_ItemGenerator.ItemGenerator.[0].PossibleItems.[1],GunViper_PP,,weight,1000,,,,0,8,0.25,0.5,"{""ItemPrototypeSID"":""GunViper_PP"",""Weight"":""1000"",""MinDurability"":""0.25"",""MaxDurability"":""0.5"",""AmmoMinCount"":""0"",""AmmoMaxCount"":""8""}"
vanilla/Stalker2/Content/GameLite/GameData/ItemGeneratorPrototypes.cfg,ordinary role,Scientists,Stormtrooper,GeneralNPC_Scientists_Stormtrooper_ItemGenerator,GeneralNPC_Scientists_Stormtrooper_ItemGenerator,[0],"{""SID"":""GeneralNPC_Scientists_Stormtrooper_ItemGenerator"",""RefreshTime"":""1d"",""SpecificRewardSound"":""EUISound::SystemNotificationNews""}",[1],SubItemGenerator,,,,{},[0],GeneralNPC_Scientists_Stormtrooper_ItemGenerator.ItemGenerator.[1].PossibleItems.[0],,GeneralNPC_Scientists_Armor,chance,,1,,,,,,,"{""ItemGeneratorPrototypeSID"":""GeneralNPC_Scientists_Armor"",""Chance"":""1""}"
vanilla/Stalker2/Content/GameLite/GameData/ItemGeneratorPrototypes.cfg,ordinary role,Scientists,Stormtrooper,GeneralNPC_Scientists_Stormtrooper_ItemGenerator,GeneralNPC_Scientists_Stormtrooper_ItemGenerator,[0],"{""SID"":""GeneralNPC_Scientists_Stormtrooper_ItemGenerator"",""RefreshTime"":""1d"",""SpecificRewardSound"":""EUISound::SystemNotificationNews""}",[1],SubItemGenerator,,,,{},[1],GeneralNPC_Scientists_Stormtrooper_ItemGenerator.ItemGenerator.[1].PossibleItems.[1],,GeneralNPC_Scientists_WeaponPistol,chance,,0.45,,,,,,,"{""ItemGeneratorPrototypeSID"":""GeneralNPC_Scientists_WeaponPistol"",""Chance"":""0.45""}"
vanilla/Stalker2/Content/GameLite/GameData/ItemGeneratorPrototypes.cfg,ordinary role,Scientists,Stormtrooper,GeneralNPC_Scientists_Stormtrooper_ItemGenerator,GeneralNPC_Scientists_Stormtrooper_ItemGenerator,[0],"{""SID"":""GeneralNPC_Scientists_Stormtrooper_ItemGenerator"",""RefreshTime"":""1d"",""SpecificRewardSound"":""EUISound::SystemNotificationNews""}",[2],SubItemGenerator,,,,{},[0],GeneralNPC_Scientists_Stormtrooper_ItemGenerator.ItemGenerator.[2].PossibleItems.[0],,GeneralNPC_Consumables_Stormtrooper,weight,1,,,,,,,,"{""ItemGeneratorPrototypeSID"":""GeneralNPC_Consumables_Stormtrooper"",""Weight"":""1""}"
vanilla/Stalker2/Content/GameLite/GameData/ItemGeneratorPrototypes.cfg,ordinary role,Scientists,Stormtrooper,GeneralNPC_Scientists_Stormtrooper_ItemGenerator,GeneralNPC_Scientists_Stormtrooper_ItemGenerator,[0],"{""SID"":""GeneralNPC_Scientists_Stormtrooper_ItemGenerator"",""RefreshTime"":""1d"",""SpecificRewardSound"":""EUISound::SystemNotificationNews""}",[3],Artifact,"ERank::Experienced, ERank::Veteran, ERank::Master",,,{},[0],GeneralNPC_Scientists_Stormtrooper_ItemGenerator.ItemGenerator.[3].PossibleItems.[0],GrenadeRGD5,,chance,,0.4,,,1,1,0.45,0.45,"{""ItemPrototypeSID"":""GrenadeRGD5"",""Chance"":""0.4"",""MinDurability"":""0.45"",""MaxDurability"":""0.45"",""AmmoMinCount"":""1"",""AmmoMaxCount"":""1""}"
vanilla/Stalker2/Content/GameLite/GameData/ItemGeneratorPrototypes.cfg,ordinary role,Scientists,Stormtrooper,GeneralNPC_Scientists_Stormtrooper_ItemGenerator,GeneralNPC_Scientists_Stormtrooper_ItemGenerator,[0],"{""SID"":""GeneralNPC_Scientists_Stormtrooper_ItemGenerator"",""RefreshTime"":""1d"",""SpecificRewardSound"":""EUISound::SystemNotificationNews""}",[4],Detector,,,,{},[0],GeneralNPC_Scientists_Stormtrooper_ItemGenerator.ItemGenerator.[4].PossibleItems.[0],Echo,,chance,,0.05,1,,,,,,"{""ItemPrototypeSID"":""Echo"",""Chance"":""0.05"",""MinCount"":""1""}"
vanilla/Stalker2/Content/GameLite/GameData/ItemGeneratorPrototypes.cfg,shared helper,Militaries,Armor,GeneralNPC_Militaries_Armor,GeneralNPC_Militaries_Armor,[0],"{""SID"":""GeneralNPC_Militaries_Armor"",""SpecificRewardSound"":""EUISound::SystemNotificationNews""}",[0],BodyArmor,"ERank::Newbie, ERank::Experienced",,,{},[0],GeneralNPC_Militaries_Armor.ItemGenerator.[0].PossibleItems.[0],Default_Military_Armor,,weight,1.0,,,,,,,,"{""ItemPrototypeSID"":""Default_Military_Armor"",""Weight"":""1.0""}"
vanilla/Stalker2/Content/GameLite/GameData/ItemGeneratorPrototypes.cfg,shared helper,Militaries,Armor,GeneralNPC_Militaries_Armor,GeneralNPC_Militaries_Armor,[0],"{""SID"":""GeneralNPC_Militaries_Armor"",""SpecificRewardSound"":""EUISound::SystemNotificationNews""}",[1],SubItemGenerator,ERank::Veteran,,,{},[0],GeneralNPC_Militaries_Armor.ItemGenerator.[1].PossibleItems.[0],,GeneralNPC_Militaries_Armor_var1,weight,1,,,,,,,,"{""ItemGeneratorPrototypeSID"":""GeneralNPC_Militaries_Armor_var1"",""Weight"":""1""}"
vanilla/Stalker2/Content/GameLite/GameData/ItemGeneratorPrototypes.cfg,shared helper,Militaries,Armor,GeneralNPC_Militaries_Armor,GeneralNPC_Militaries_Armor,[0],"{""SID"":""GeneralNPC_Militaries_Armor"",""SpecificRewardSound"":""EUISound::SystemNotificationNews""}",[1],SubItemGenerator,ERank::Veteran,,,{},[1],GeneralNPC_Militaries_Armor.ItemGenerator.[1].PossibleItems.[1],,GeneralNPC_Militaries_Armor_var2,weight,1,,,,,,,,"{""ItemGeneratorPrototypeSID"":""GeneralNPC_Militaries_Armor_var2"",""Weight"":""1""}"
vanilla/Stalker2/Content/GameLite/GameData/ItemGeneratorPrototypes.cfg,shared helper,Militaries,Armor,GeneralNPC_Militaries_Armor,GeneralNPC_Militaries_Armor,[0],"{""SID"":""GeneralNPC_Militaries_Armor"",""SpecificRewardSound"":""EUISound::SystemNotificationNews""}",[2],BodyArmor,ERank::Master,,,{},[0],GeneralNPC_Militaries_Armor.ItemGenerator.[2].PossibleItems.[0],Heavy2_Military_Armor,,weight,1.0,,,,,,,,"{""ItemPrototypeSID"":""Heavy2_Military_Armor"",""Weight"":""1.0""}"
vanilla/Stalker2/Content/GameLite/GameData/ItemGeneratorPrototypes.cfg,shared helper,Militaries,Armor,GeneralNPC_Militaries_Armor,GeneralNPC_Militaries_Armor,[0],"{""SID"":""GeneralNPC_Militaries_Armor"",""SpecificRewardSound"":""EUISound::SystemNotificationNews""}",[3],Head,ERank::Newbie,,,{},[0],GeneralNPC_Militaries_Armor.ItemGenerator.[3].PossibleItems.[0],Light_Military_Helmet,,chance,,0.3,,,,,,,"{""ItemPrototypeSID"":""Light_Military_Helmet"",""Chance"":""0.3""}"
vanilla/Stalker2/Content/GameLite/GameData/ItemGeneratorPrototypes.cfg,shared helper,Militaries,Armor,GeneralNPC_Militaries_Armor,GeneralNPC_Militaries_Armor,[0],"{""SID"":""GeneralNPC_Militaries_Armor"",""SpecificRewardSound"":""EUISound::SystemNotificationNews""}",[4],Head,ERank::Experienced,,,{},[0],GeneralNPC_Militaries_Armor.ItemGenerator.[4].PossibleItems.[0],Battle_Military_Helmet,,chance,,0.3,,,,,,,"{""ItemPrototypeSID"":""Battle_Military_Helmet"",""Chance"":""0.3""}"
vanilla/Stalker2/Content/GameLite/GameData/ItemGeneratorPrototypes.cfg,ordinary role,Militaries,CloseCombat,GeneralNPC_Militaries_CloseCombat_ItemGenerator,GeneralNPC_Militaries_CloseCombat_ItemGenerator,[0],"{""SID"":""GeneralNPC_Militaries_CloseCombat_ItemGenerator"",""RefreshTime"":""1d"",""SpecificRewardSound"":""EUISound::SystemNotificationNews""}",[0],WeaponPrimary,ERank::Newbie,,,{},[0],GeneralNPC_Militaries_CloseCombat_ItemGenerator.ItemGenerator.[0].PossibleItems.[0],GunAKU_PP,,weight,1000,,,,0,5,0.25,0.5,"{""ItemPrototypeSID"":""GunAKU_PP"",""Weight"":""1000"",""MinDurability"":""0.25"",""MaxDurability"":""0.5"",""AmmoMinCount"":""0"",""AmmoMaxCount"":""5""}"
vanilla/Stalker2/Content/GameLite/GameData/ItemGeneratorPrototypes.cfg,ordinary role,Militaries,CloseCombat,GeneralNPC_Militaries_CloseCombat_ItemGenerator,GeneralNPC_Militaries_CloseCombat_ItemGenerator,[0],"{""SID"":""GeneralNPC_Militaries_CloseCombat_ItemGenerator"",""RefreshTime"":""1d"",""SpecificRewardSound"":""EUISound::SystemNotificationNews""}",[1],WeaponPrimary,"ERank::Experienced, ERank::Veteran",,,{},[0],GeneralNPC_Militaries_CloseCombat_ItemGenerator.ItemGenerator.[1].PossibleItems.[0],GunM860_SG,,weight,1000,,,,0,5,0.25,0.5,"{""ItemPrototypeSID"":""GunM860_SG"",""Weight"":""1000"",""MinDurability"":""0.25"",""MaxDurability"":""0.5"",""AmmoMinCount"":""0"",""AmmoMaxCount"":""5""}"
vanilla/Stalker2/Content/GameLite/GameData/ItemGeneratorPrototypes.cfg,ordinary role,Militaries,CloseCombat,GeneralNPC_Militaries_CloseCombat_ItemGenerator,GeneralNPC_Militaries_CloseCombat_ItemGenerator,[0],"{""SID"":""GeneralNPC_Militaries_CloseCombat_ItemGenerator"",""RefreshTime"":""1d"",""SpecificRewardSound"":""EUISound::SystemNotificationNews""}",[2],WeaponPrimary,ERank::Master,,,{},[0],GeneralNPC_Militaries_CloseCombat_ItemGenerator.ItemGenerator.[2].PossibleItems.[0],GunD12_SG,,weight,500,,,,2,4,0.25,0.5,"{""ItemPrototypeSID"":""GunD12_SG"",""Weight"":""500"",""MinDurability"":""0.25"",""MaxDurability"":""0.5"",""AmmoMinCount"":""2"",""AmmoMaxCount"":""4""}"
vanilla/Stalker2/Content/GameLite/GameData/ItemGeneratorPrototypes.cfg,ordinary role,Militaries,CloseCombat,GeneralNPC_Militaries_CloseCombat_ItemGenerator,GeneralNPC_Militaries_CloseCombat_ItemGenerator,[0],"{""SID"":""GeneralNPC_Militaries_CloseCombat_ItemGenerator"",""RefreshTime"":""1d"",""SpecificRewardSound"":""EUISound::SystemNotificationNews""}",[2],WeaponPrimary,ERank::Master,,,{},[1],GeneralNPC_Militaries_CloseCombat_ItemGenerator.ItemGenerator.[2].PossibleItems.[1],GunM860_SG,,weight,1000,,,,0,5,0.25,0.5,"{""ItemPrototypeSID"":""GunM860_SG"",""Weight"":""1000"",""MinDurability"":""0.25"",""MaxDurability"":""0.5"",""AmmoMinCount"":""0"",""AmmoMaxCount"":""5""}"
vanilla/Stalker2/Content/GameLite/GameData/ItemGeneratorPrototypes.cfg,ordinary role,Militaries,CloseCombat,GeneralNPC_Militaries_CloseCombat_ItemGenerator,GeneralNPC_Militaries_CloseCombat_ItemGenerator,[0],"{""SID"":""GeneralNPC_Militaries_CloseCombat_ItemGenerator"",""RefreshTime"":""1d"",""SpecificRewardSound"":""EUISound::SystemNotificationNews""}",[3],SubItemGenerator,,,,{},[0],GeneralNPC_Militaries_CloseCombat_ItemGenerator.ItemGenerator.[3].PossibleItems.[0],,GeneralNPC_Consumables_CloseCombat,chance,,1,,,,,,,"{""ItemGeneratorPrototypeSID"":""GeneralNPC_Consumables_CloseCombat"",""Chance"":""1""}"
vanilla/Stalker2/Content/GameLite/GameData/ItemGeneratorPrototypes.cfg,ordinary role,Militaries,CloseCombat,GeneralNPC_Militaries_CloseCombat_ItemGenerator,GeneralNPC_Militaries_CloseCombat_ItemGenerator,[0],"{""SID"":""GeneralNPC_Militaries_CloseCombat_ItemGenerator"",""RefreshTime"":""1d"",""SpecificRewardSound"":""EUISound::SystemNotificationNews""}",[3],SubItemGenerator,,,,{},[1],GeneralNPC_Militaries_CloseCombat_ItemGenerator.ItemGenerator.[3].PossibleItems.[1],,GeneralNPC_Militaries_WeaponPistol,chance,,0.35,,,,,,,"{""ItemGeneratorPrototypeSID"":""GeneralNPC_Militaries_WeaponPistol"",""Chance"":""0.35""}"
vanilla/Stalker2/Content/GameLite/GameData/ItemGeneratorPrototypes.cfg,ordinary role,Militaries,CloseCombat,GeneralNPC_Militaries_CloseCombat_ItemGenerator,GeneralNPC_Militaries_CloseCombat_ItemGenerator,[0],"{""SID"":""GeneralNPC_Militaries_CloseCombat_ItemGenerator"",""RefreshTime"":""1d"",""SpecificRewardSound"":""EUISound::SystemNotificationNews""}",[4],SubItemGenerator,"ERank::Newbie, ERank::Experienced, ERank::Veteran, ERank::Master",,,{},[0],GeneralNPC_Militaries_CloseCombat_ItemGenerator.ItemGenerator.[4].PossibleItems.[0],,GeneralNPC_Militaries_Armor,weight,1,,,,,,,,"{""ItemGeneratorPrototypeSID"":""GeneralNPC_Militaries_Armor"",""Weight"":""1""}"
vanilla/Stalker2/Content/GameLite/GameData/ItemGeneratorPrototypes.cfg,ordinary role,Militaries,CloseCombat,GeneralNPC_Militaries_CloseCombat_ItemGenerator,GeneralNPC_Militaries_CloseCombat_ItemGenerator,[0],"{""SID"":""GeneralNPC_Militaries_CloseCombat_ItemGenerator"",""RefreshTime"":""1d"",""SpecificRewardSound"":""EUISound::SystemNotificationNews""}",[5],Artifact,,,,{},[0],GeneralNPC_Militaries_CloseCombat_ItemGenerator.ItemGenerator.[5].PossibleItems.[0],GrenadeRGD5,,chance,,0.2,1,1,,,,,"{""ItemPrototypeSID"":""GrenadeRGD5"",""Chance"":""0.2"",""MinCount"":""1"",""MaxCount"":""1""}"
vanilla/Stalker2/Content/GameLite/GameData/ItemGeneratorPrototypes.cfg,ordinary role,Militaries,CloseCombat,GeneralNPC_Militaries_CloseCombat_ItemGenerator,GeneralNPC_Militaries_CloseCombat_ItemGenerator,[0],"{""SID"":""GeneralNPC_Militaries_CloseCombat_ItemGenerator"",""RefreshTime"":""1d"",""SpecificRewardSound"":""EUISound::SystemNotificationNews""}",[6],Detector,,,,{},[0],GeneralNPC_Militaries_CloseCombat_ItemGenerator.ItemGenerator.[6].PossibleItems.[0],Echo,,chance,,0.05,1,,,,,,"{""ItemPrototypeSID"":""Echo"",""Chance"":""0.05"",""MinCount"":""1""}"
vanilla/Stalker2/Content/GameLite/GameData/ItemGeneratorPrototypes.cfg,ordinary role,Militaries,CloseCombat,GeneralNPC_Militaries_CloseCombat_ItemGenerator,GeneralNPC_Militaries_CloseCombat_ItemGenerator,[0],"{""SID"":""GeneralNPC_Militaries_CloseCombat_ItemGenerator"",""RefreshTime"":""1d"",""SpecificRewardSound"":""EUISound::SystemNotificationNews""}",[7],SubItemGenerator,,,,{},[0],GeneralNPC_Militaries_CloseCombat_ItemGenerator.ItemGenerator.[7].PossibleItems.[0],,GeneralNPC_Militaries_NVG,chance,,1,,,,,,,"{""ItemGeneratorPrototypeSID"":""GeneralNPC_Militaries_NVG"",""Chance"":""1""}"
vanilla/Stalker2/Content/GameLite/GameData/ItemGeneratorPrototypes.cfg,ordinary role,Militaries,Recon,GeneralNPC_Militaries_Recon_ItemGenerator,GeneralNPC_Militaries_Recon_ItemGenerator,[0],"{""SID"":""GeneralNPC_Militaries_Recon_ItemGenerator"",""RefreshTime"":""1d"",""SpecificRewardSound"":""EUISound::SystemNotificationNews""}",[0],WeaponPrimary,"ERank::Newbie, ERank::Experienced",,,{},[0],GeneralNPC_Militaries_Recon_ItemGenerator.ItemGenerator.[0].PossibleItems.[0],GunAKU_PP,,weight,1000,,,,0,5,0.25,0.5,"{""ItemPrototypeSID"":""GunAKU_PP"",""Weight"":""1000"",""MinDurability"":""0.25"",""MaxDurability"":""0.5"",""AmmoMinCount"":""0"",""AmmoMaxCount"":""5""}"
vanilla/Stalker2/Content/GameLite/GameData/ItemGeneratorPrototypes.cfg,ordinary role,Militaries,Recon,GeneralNPC_Militaries_Recon_ItemGenerator,GeneralNPC_Militaries_Recon_ItemGenerator,[0],"{""SID"":""GeneralNPC_Militaries_Recon_ItemGenerator"",""RefreshTime"":""1d"",""SpecificRewardSound"":""EUISound::SystemNotificationNews""}",[1],WeaponPrimary,ERank::Experienced,,,{},[0],GeneralNPC_Militaries_Recon_ItemGenerator.ItemGenerator.[1].PossibleItems.[0],GunAKU_PP,,weight,1000,,,,0,5,0.25,0.5,"{""ItemPrototypeSID"":""GunAKU_PP"",""Weight"":""1000"",""MinDurability"":""0.25"",""MaxDurability"":""0.5"",""AmmoMinCount"":""0"",""AmmoMaxCount"":""5""}"
vanilla/Stalker2/Content/GameLite/GameData/ItemGeneratorPrototypes.cfg,ordinary role,Militaries,Recon,GeneralNPC_Militaries_Recon_ItemGenerator,GeneralNPC_Militaries_Recon_ItemGenerator,[0],"{""SID"":""GeneralNPC_Militaries_Recon_ItemGenerator"",""RefreshTime"":""1d"",""SpecificRewardSound"":""EUISound::SystemNotificationNews""}",[1],WeaponPrimary,ERank::Experienced,,,{},[1],GeneralNPC_Militaries_Recon_ItemGenerator.ItemGenerator.[1].PossibleItems.[1],GunBucket_PP,,weight,200,,,,0,5,0.25,0.5,"{""ItemPrototypeSID"":""GunBucket_PP"",""Weight"":""200"",""MinDurability"":""0.25"",""MaxDurability"":""0.5"",""AmmoMinCount"":""0"",""AmmoMaxCount"":""5""}"
vanilla/Stalker2/Content/GameLite/GameData/ItemGeneratorPrototypes.cfg,ordinary role,Militaries,Recon,GeneralNPC_Militaries_Recon_ItemGenerator,GeneralNPC_Militaries_Recon_ItemGenerator,[0],"{""SID"":""GeneralNPC_Militaries_Recon_ItemGenerator"",""RefreshTime"":""1d"",""SpecificRewardSound"":""EUISound::SystemNotificationNews""}",[1],WeaponPrimary,ERank::Experienced,,,{},[2],GeneralNPC_Militaries_Recon_ItemGenerator.ItemGenerator.[1].PossibleItems.[2],GunFora230_PP,,weight,100,,,,0,7,0.25,0.5,"{""ItemPrototypeSID"":""GunFora230_PP"",""Weight"":""100"",""MinDurability"":""0.25"",""MaxDurability"":""0.5"",""AmmoMinCount"":""0"",""AmmoMaxCount"":""7""}"
vanilla/Stalker2/Content/GameLite/GameData/ItemGeneratorPrototypes.cfg,ordinary role,Militaries,Recon,GeneralNPC_Militaries_Recon_ItemGenerator,GeneralNPC_Militaries_Recon_ItemGenerator,[0],"{""SID"":""GeneralNPC_Militaries_Recon_ItemGenerator"",""RefreshTime"":""1d"",""SpecificRewardSound"":""EUISound::SystemNotificationNews""}",[2],WeaponPrimary,ERank::Veteran,,,{},[0],GeneralNPC_Militaries_Recon_ItemGenerator.ItemGenerator.[2].PossibleItems.[0],GunZubr_PP,,weight,100,,,,0,7,0.25,0.5,"{""ItemPrototypeSID"":""GunZubr_PP"",""Weight"":""100"",""MinDurability"":""0.25"",""MaxDurability"":""0.5"",""AmmoMinCount"":""0"",""AmmoMaxCount"":""7""}"
vanilla/Stalker2/Content/GameLite/GameData/ItemGeneratorPrototypes.cfg,ordinary role,Militaries,Recon,GeneralNPC_Militaries_Recon_ItemGenerator,GeneralNPC_Militaries_Recon_ItemGenerator,[0],"{""SID"":""GeneralNPC_Militaries_Recon_ItemGenerator"",""RefreshTime"":""1d"",""SpecificRewardSound"":""EUISound::SystemNotificationNews""}",[2],WeaponPrimary,ERank::Veteran,,,{},[1],GeneralNPC_Militaries_Recon_ItemGenerator.ItemGenerator.[2].PossibleItems.[1],GunAKU_PP,,weight,800,,,,0,5,0.25,0.5,"{""ItemPrototypeSID"":""GunAKU_PP"",""Weight"":""800"",""MinDurability"":""0.25"",""MaxDurability"":""0.5"",""AmmoMinCount"":""0"",""AmmoMaxCount"":""5""}"
vanilla/Stalker2/Content/GameLite/GameData/ItemGeneratorPrototypes.cfg,ordinary role,Militaries,Recon,GeneralNPC_Militaries_Recon_ItemGenerator,GeneralNPC_Militaries_Recon_ItemGenerator,[0],"{""SID"":""GeneralNPC_Militaries_Recon_ItemGenerator"",""RefreshTime"":""1d"",""SpecificRewardSound"":""EUISound::SystemNotificationNews""}",[2],WeaponPrimary,ERank::Veteran,,,{},[2],GeneralNPC_Militaries_Recon_ItemGenerator.ItemGenerator.[2].PossibleItems.[2],GunBucket_PP,,weight,1000,,,,0,5,0.25,0.5,"{""ItemPrototypeSID"":""GunBucket_PP"",""Weight"":""1000"",""MinDurability"":""0.25"",""MaxDurability"":""0.5"",""AmmoMinCount"":""0"",""AmmoMaxCount"":""5""}"
vanilla/Stalker2/Content/GameLite/GameData/ItemGeneratorPrototypes.cfg,ordinary role,Militaries,Recon,GeneralNPC_Militaries_Recon_ItemGenerator,GeneralNPC_Militaries_Recon_ItemGenerator,[0],"{""SID"":""GeneralNPC_Militaries_Recon_ItemGenerator"",""RefreshTime"":""1d"",""SpecificRewardSound"":""EUISound::SystemNotificationNews""}",[2],WeaponPrimary,ERank::Veteran,,,{},[3],GeneralNPC_Militaries_Recon_ItemGenerator.ItemGenerator.[2].PossibleItems.[3],GunFora230_PP,,weight,1000,,,,0,7,0.25,0.5,"{""ItemPrototypeSID"":""GunFora230_PP"",""Weight"":""1000"",""MinDurability"":""0.25"",""MaxDurability"":""0.5"",""AmmoMinCount"":""0"",""AmmoMaxCount"":""7""}"
vanilla/Stalker2/Content/GameLite/GameData/ItemGeneratorPrototypes.cfg,ordinary role,Militaries,Recon,GeneralNPC_Militaries_Recon_ItemGenerator,GeneralNPC_Militaries_Recon_ItemGenerator,[0],"{""SID"":""GeneralNPC_Militaries_Recon_ItemGenerator"",""RefreshTime"":""1d"",""SpecificRewardSound"":""EUISound::SystemNotificationNews""}",[3],WeaponPrimary,ERank::Master,,"EGameDifficulty::Easy, EGameDifficulty::Medium, EGameDifficulty::Hard",{},[0],GeneralNPC_Militaries_Recon_ItemGenerator.ItemGenerator.[3].PossibleItems.[0],GunZubr_PP,,weight,1000,,,,0,7,0.25,0.5,"{""ItemPrototypeSID"":""GunZubr_PP"",""Weight"":""1000"",""MinDurability"":""0.25"",""MaxDurability"":""0.5"",""AmmoMinCount"":""0"",""AmmoMaxCount"":""7""}"
vanilla/Stalker2/Content/GameLite/GameData/ItemGeneratorPrototypes.cfg,ordinary role,Militaries,Recon,GeneralNPC_Militaries_Recon_ItemGenerator,GeneralNPC_Militaries_Recon_ItemGenerator,[0],"{""SID"":""GeneralNPC_Militaries_Recon_ItemGenerator"",""RefreshTime"":""1d"",""SpecificRewardSound"":""EUISound::SystemNotificationNews""}",[3],WeaponPrimary,ERank::Master,,"EGameDifficulty::Easy, EGameDifficulty::Medium, EGameDifficulty::Hard",{},[1],GeneralNPC_Militaries_Recon_ItemGenerator.ItemGenerator.[3].PossibleItems.[1],GunBucket_PP,,weight,500,,,,0,5,0.25,0.5,"{""ItemPrototypeSID"":""GunBucket_PP"",""Weight"":""500"",""MinDurability"":""0.25"",""MaxDurability"":""0.5"",""AmmoMinCount"":""0"",""AmmoMaxCount"":""5""}"
vanilla/Stalker2/Content/GameLite/GameData/ItemGeneratorPrototypes.cfg,ordinary role,Militaries,Recon,GeneralNPC_Militaries_Recon_ItemGenerator,GeneralNPC_Militaries_Recon_ItemGenerator,[0],"{""SID"":""GeneralNPC_Militaries_Recon_ItemGenerator"",""RefreshTime"":""1d"",""SpecificRewardSound"":""EUISound::SystemNotificationNews""}",[3],WeaponPrimary,ERank::Master,,"EGameDifficulty::Easy, EGameDifficulty::Medium, EGameDifficulty::Hard",{},[2],GeneralNPC_Militaries_Recon_ItemGenerator.ItemGenerator.[3].PossibleItems.[2],GunFora230_PP,,weight,500,,,,0,7,0.25,0.5,"{""ItemPrototypeSID"":""GunFora230_PP"",""Weight"":""500"",""MinDurability"":""0.25"",""MaxDurability"":""0.5"",""AmmoMinCount"":""0"",""AmmoMaxCount"":""7""}"
vanilla/Stalker2/Content/GameLite/GameData/ItemGeneratorPrototypes.cfg,ordinary role,Militaries,Recon,GeneralNPC_Militaries_Recon_ItemGenerator,GeneralNPC_Militaries_Recon_ItemGenerator,[0],"{""SID"":""GeneralNPC_Militaries_Recon_ItemGenerator"",""RefreshTime"":""1d"",""SpecificRewardSound"":""EUISound::SystemNotificationNews""}",[4],WeaponPrimary,ERank::Master,,EGameDifficulty::Stalker,{},[0],GeneralNPC_Militaries_Recon_ItemGenerator.ItemGenerator.[4].PossibleItems.[0],GunZubr_PP,,weight,1000,,,,0,6,0.25,0.5,"{""ItemPrototypeSID"":""GunZubr_PP"",""Weight"":""1000"",""MinDurability"":""0.25"",""MaxDurability"":""0.5"",""AmmoMinCount"":""0"",""AmmoMaxCount"":""6""}"
vanilla/Stalker2/Content/GameLite/GameData/ItemGeneratorPrototypes.cfg,ordinary role,Militaries,Recon,GeneralNPC_Militaries_Recon_ItemGenerator,GeneralNPC_Militaries_Recon_ItemGenerator,[0],"{""SID"":""GeneralNPC_Militaries_Recon_ItemGenerator"",""RefreshTime"":""1d"",""SpecificRewardSound"":""EUISound::SystemNotificationNews""}",[4],WeaponPrimary,ERank::Master,,EGameDifficulty::Stalker,{},[1],GeneralNPC_Militaries_Recon_ItemGenerator.ItemGenerator.[4].PossibleItems.[1],GunBucket_PP,,weight,500,,,,0,5,0.25,0.5,"{""ItemPrototypeSID"":""GunBucket_PP"",""Weight"":""500"",""MinDurability"":""0.25"",""MaxDurability"":""0.5"",""AmmoMinCount"":""0"",""AmmoMaxCount"":""5""}"
vanilla/Stalker2/Content/GameLite/GameData/ItemGeneratorPrototypes.cfg,ordinary role,Militaries,Recon,GeneralNPC_Militaries_Recon_ItemGenerator,GeneralNPC_Militaries_Recon_ItemGenerator,[0],"{""SID"":""GeneralNPC_Militaries_Recon_ItemGenerator"",""RefreshTime"":""1d"",""SpecificRewardSound"":""EUISound::SystemNotificationNews""}",[4],WeaponPrimary,ERank::Master,,EGameDifficulty::Stalker,{},[2],GeneralNPC_Militaries_Recon_ItemGenerator.ItemGenerator.[4].PossibleItems.[2],GunFora230_PP,,weight,500,,,,0,5,0.25,0.5,"{""ItemPrototypeSID"":""GunFora230_PP"",""Weight"":""500"",""MinDurability"":""0.25"",""MaxDurability"":""0.5"",""AmmoMinCount"":""0"",""AmmoMaxCount"":""5""}"
vanilla/Stalker2/Content/GameLite/GameData/ItemGeneratorPrototypes.cfg,ordinary role,Militaries,Recon,GeneralNPC_Militaries_Recon_ItemGenerator,GeneralNPC_Militaries_Recon_ItemGenerator,[0],"{""SID"":""GeneralNPC_Militaries_Recon_ItemGenerator"",""RefreshTime"":""1d"",""SpecificRewardSound"":""EUISound::SystemNotificationNews""}",[5],SubItemGenerator,,,,{},[0],GeneralNPC_Militaries_Recon_ItemGenerator.ItemGenerator.[5].PossibleItems.[0],,GeneralNPC_Militaries_Armor,chance,,1,,,,,,,"{""ItemGeneratorPrototypeSID"":""GeneralNPC_Militaries_Armor"",""Chance"":""1""}"
vanilla/Stalker2/Content/GameLite/GameData/ItemGeneratorPrototypes.cfg,ordinary role,Militaries,Recon,GeneralNPC_Militaries_Recon_ItemGenerator,GeneralNPC_Militaries_Recon_ItemGenerator,[0],"{""SID"":""GeneralNPC_Militaries_Recon_ItemGenerator"",""RefreshTime"":""1d"",""SpecificRewardSound"":""EUISound::SystemNotificationNews""}",[5],SubItemGenerator,,,,{},[1],GeneralNPC_Militaries_Recon_ItemGenerator.ItemGenerator.[5].PossibleItems.[1],,GeneralNPC_Militaries_WeaponPistol,chance,,0.25,,,,,,,"{""ItemGeneratorPrototypeSID"":""GeneralNPC_Militaries_WeaponPistol"",""Chance"":""0.25""}"
vanilla/Stalker2/Content/GameLite/GameData/ItemGeneratorPrototypes.cfg,ordinary role,Militaries,Recon,GeneralNPC_Militaries_Recon_ItemGenerator,GeneralNPC_Militaries_Recon_ItemGenerator,[0],"{""SID"":""GeneralNPC_Militaries_Recon_ItemGenerator"",""RefreshTime"":""1d"",""SpecificRewardSound"":""EUISound::SystemNotificationNews""}",[6],SubItemGenerator,,,,{},[0],GeneralNPC_Militaries_Recon_ItemGenerator.ItemGenerator.[6].PossibleItems.[0],,GeneralNPC_Consumables_Recon,weight,1,,,,,,,,"{""ItemGeneratorPrototypeSID"":""GeneralNPC_Consumables_Recon"",""Weight"":""1""}"
vanilla/Stalker2/Content/GameLite/GameData/ItemGeneratorPrototypes.cfg,ordinary role,Militaries,Recon,GeneralNPC_Militaries_Recon_ItemGenerator,GeneralNPC_Militaries_Recon_ItemGenerator,[0],"{""SID"":""GeneralNPC_Militaries_Recon_ItemGenerator"",""RefreshTime"":""1d"",""SpecificRewardSound"":""EUISound::SystemNotificationNews""}",[7],Artifact,,,,{},[0],GeneralNPC_Militaries_Recon_ItemGenerator.ItemGenerator.[7].PossibleItems.[0],GrenadeRGD5,,chance,,0.2,,,1,1,0.45,0.45,"{""ItemPrototypeSID"":""GrenadeRGD5"",""Chance"":""0.2"",""MinDurability"":""0.45"",""MaxDurability"":""0.45"",""AmmoMinCount"":""1"",""AmmoMaxCount"":""1""}"
vanilla/Stalker2/Content/GameLite/GameData/ItemGeneratorPrototypes.cfg,ordinary role,Militaries,Recon,GeneralNPC_Militaries_Recon_ItemGenerator,GeneralNPC_Militaries_Recon_ItemGenerator,[0],"{""SID"":""GeneralNPC_Militaries_Recon_ItemGenerator"",""RefreshTime"":""1d"",""SpecificRewardSound"":""EUISound::SystemNotificationNews""}",[8],Detector,,,,{},[0],GeneralNPC_Militaries_Recon_ItemGenerator.ItemGenerator.[8].PossibleItems.[0],Echo,,chance,,0.05,1,,,,,,"{""ItemPrototypeSID"":""Echo"",""Chance"":""0.05"",""MinCount"":""1""}"
vanilla/Stalker2/Content/GameLite/GameData/ItemGeneratorPrototypes.cfg,ordinary role,Militaries,Recon,GeneralNPC_Militaries_Recon_ItemGenerator,GeneralNPC_Militaries_Recon_ItemGenerator,[0],"{""SID"":""GeneralNPC_Militaries_Recon_ItemGenerator"",""RefreshTime"":""1d"",""SpecificRewardSound"":""EUISound::SystemNotificationNews""}",[9],SubItemGenerator,,,,{},[0],GeneralNPC_Militaries_Recon_ItemGenerator.ItemGenerator.[9].PossibleItems.[0],,GeneralNPC_Militaries_NVG,chance,,1,,,,,,,"{""ItemGeneratorPrototypeSID"":""GeneralNPC_Militaries_NVG"",""Chance"":""1""}"
vanilla/Stalker2/Content/GameLite/GameData/ItemGeneratorPrototypes.cfg,ordinary role,Militaries,Stormtrooper,GeneralNPC_Militaries_Stormtrooper_ItemGenerator,GeneralNPC_Militaries_Stormtrooper_ItemGenerator,[0],"{""SID"":""GeneralNPC_Militaries_Stormtrooper_ItemGenerator"",""RefreshTime"":""1d"",""SpecificRewardSound"":""EUISound::SystemNotificationNews""}",[0],WeaponPrimary,ERank::Newbie,,,{},[0],GeneralNPC_Militaries_Stormtrooper_ItemGenerator.ItemGenerator.[0].PossibleItems.[0],GunAK74_ST,,weight,1000,,,,0,5,0.25,0.5,"{""ItemPrototypeSID"":""GunAK74_ST"",""Weight"":""1000"",""MinDurability"":""0.25"",""MaxDurability"":""0.5"",""AmmoMinCount"":""0"",""AmmoMaxCount"":""5""}"
vanilla/Stalker2/Content/GameLite/GameData/ItemGeneratorPrototypes.cfg,ordinary role,Militaries,Stormtrooper,GeneralNPC_Militaries_Stormtrooper_ItemGenerator,GeneralNPC_Militaries_Stormtrooper_ItemGenerator,[0],"{""SID"":""GeneralNPC_Militaries_Stormtrooper_ItemGenerator"",""RefreshTime"":""1d"",""SpecificRewardSound"":""EUISound::SystemNotificationNews""}",[1],WeaponPrimary,ERank::Experienced,,,{},[0],GeneralNPC_Militaries_Stormtrooper_ItemGenerator.ItemGenerator.[1].PossibleItems.[0],GunAK74_ST,,weight,1000,,,,0,5,0.25,0.5,"{""ItemPrototypeSID"":""GunAK74_ST"",""Weight"":""1000"",""MinDurability"":""0.25"",""MaxDurability"":""0.5"",""AmmoMinCount"":""0"",""AmmoMaxCount"":""5""}"
vanilla/Stalker2/Content/GameLite/GameData/ItemGeneratorPrototypes.cfg,ordinary role,Militaries,Stormtrooper,GeneralNPC_Militaries_Stormtrooper_ItemGenerator,GeneralNPC_Militaries_Stormtrooper_ItemGenerator,[0],"{""SID"":""GeneralNPC_Militaries_Stormtrooper_ItemGenerator"",""RefreshTime"":""1d"",""SpecificRewardSound"":""EUISound::SystemNotificationNews""}",[1],WeaponPrimary,ERank::Experienced,,,{},[1],GeneralNPC_Militaries_Stormtrooper_ItemGenerator.ItemGenerator.[1].PossibleItems.[1],GunGvintar_ST,,weight,200,,,,4,6,0.25,0.5,"{""ItemPrototypeSID"":""GunGvintar_ST"",""Weight"":""200"",""MinDurability"":""0.25"",""MaxDurability"":""0.5"",""AmmoMinCount"":""4"",""AmmoMaxCount"":""6""}"
vanilla/Stalker2/Content/GameLite/GameData/ItemGeneratorPrototypes.cfg,ordinary role,Militaries,Stormtrooper,GeneralNPC_Militaries_Stormtrooper_ItemGenerator,GeneralNPC_Militaries_Stormtrooper_ItemGenerator,[0],"{""SID"":""GeneralNPC_Militaries_Stormtrooper_ItemGenerator"",""RefreshTime"":""1d"",""SpecificRewardSound"":""EUISound::SystemNotificationNews""}",[2],WeaponPrimary,ERank::Veteran,,"EGameDifficulty::Easy, EGameDifficulty::Medium, EGameDifficulty::Hard",{},[0],GeneralNPC_Militaries_Stormtrooper_ItemGenerator.ItemGenerator.[2].PossibleItems.[0],GunGrim_ST,,weight,1000,,,,0,7,0.25,0.5,"{""ItemPrototypeSID"":""GunGrim_ST"",""Weight"":""1000"",""MinDurability"":""0.25"",""MaxDurability"":""0.5"",""AmmoMinCount"":""0"",""AmmoMaxCount"":""7""}"
vanilla/Stalker2/Content/GameLite/GameData/ItemGeneratorPrototypes.cfg,ordinary role,Militaries,Stormtrooper,GeneralNPC_Militaries_Stormtrooper_ItemGenerator,GeneralNPC_Militaries_Stormtrooper_ItemGenerator,[0],"{""SID"":""GeneralNPC_Militaries_Stormtrooper_ItemGenerator"",""RefreshTime"":""1d"",""SpecificRewardSound"":""EUISound::SystemNotificationNews""}",[2],WeaponPrimary,ERank::Veteran,,"EGameDifficulty::Easy, EGameDifficulty::Medium, EGameDifficulty::Hard",{},[1],GeneralNPC_Militaries_Stormtrooper_ItemGenerator.ItemGenerator.[2].PossibleItems.[1],GunGvintar_ST,,weight,1000,,,,4,6,0.25,0.5,"{""ItemPrototypeSID"":""GunGvintar_ST"",""Weight"":""1000"",""MinDurability"":""0.25"",""MaxDurability"":""0.5"",""AmmoMinCount"":""4"",""AmmoMaxCount"":""6""}"
vanilla/Stalker2/Content/GameLite/GameData/ItemGeneratorPrototypes.cfg,ordinary role,Militaries,Stormtrooper,GeneralNPC_Militaries_Stormtrooper_ItemGenerator,GeneralNPC_Militaries_Stormtrooper_ItemGenerator,[0],"{""SID"":""GeneralNPC_Militaries_Stormtrooper_ItemGenerator"",""RefreshTime"":""1d"",""SpecificRewardSound"":""EUISound::SystemNotificationNews""}",[2],WeaponPrimary,ERank::Veteran,,"EGameDifficulty::Easy, EGameDifficulty::Medium, EGameDifficulty::Hard",{},[2],GeneralNPC_Militaries_Stormtrooper_ItemGenerator.ItemGenerator.[2].PossibleItems.[2],GunAK74_ST,,weight,400,,,,4,6,0.25,0.5,"{""ItemPrototypeSID"":""GunAK74_ST"",""Weight"":""400"",""MinDurability"":""0.25"",""MaxDurability"":""0.5"",""AmmoMinCount"":""4"",""AmmoMaxCount"":""6""}"
vanilla/Stalker2/Content/GameLite/GameData/ItemGeneratorPrototypes.cfg,ordinary role,Militaries,Stormtrooper,GeneralNPC_Militaries_Stormtrooper_ItemGenerator,GeneralNPC_Militaries_Stormtrooper_ItemGenerator,[0],"{""SID"":""GeneralNPC_Militaries_Stormtrooper_ItemGenerator"",""RefreshTime"":""1d"",""SpecificRewardSound"":""EUISound::SystemNotificationNews""}",[3],WeaponPrimary,ERank::Master,,"EGameDifficulty::Easy, EGameDifficulty::Medium, EGameDifficulty::Hard",{},[0],GeneralNPC_Militaries_Stormtrooper_ItemGenerator.ItemGenerator.[3].PossibleItems.[0],GunDnipro_ST,,weight,1000,,,,0,7,0.25,0.5,"{""ItemPrototypeSID"":""GunDnipro_ST"",""Weight"":""1000"",""MinDurability"":""0.25"",""MaxDurability"":""0.5"",""AmmoMinCount"":""0"",""AmmoMaxCount"":""7""}"
vanilla/Stalker2/Content/GameLite/GameData/ItemGeneratorPrototypes.cfg,ordinary role,Militaries,Stormtrooper,GeneralNPC_Militaries_Stormtrooper_ItemGenerator,GeneralNPC_Militaries_Stormtrooper_ItemGenerator,[0],"{""SID"":""GeneralNPC_Militaries_Stormtrooper_ItemGenerator"",""RefreshTime"":""1d"",""SpecificRewardSound"":""EUISound::SystemNotificationNews""}",[3],WeaponPrimary,ERank::Master,,"EGameDifficulty::Easy, EGameDifficulty::Medium, EGameDifficulty::Hard",{},[1],GeneralNPC_Militaries_Stormtrooper_ItemGenerator.ItemGenerator.[3].PossibleItems.[1],GunLavina_ST,,weight,1000,,,,0,7,0.25,0.5,"{""ItemPrototypeSID"":""GunLavina_ST"",""Weight"":""1000"",""MinDurability"":""0.25"",""MaxDurability"":""0.5"",""AmmoMinCount"":""0"",""AmmoMaxCount"":""7""}"
vanilla/Stalker2/Content/GameLite/GameData/ItemGeneratorPrototypes.cfg,ordinary role,Militaries,Stormtrooper,GeneralNPC_Militaries_Stormtrooper_ItemGenerator,GeneralNPC_Militaries_Stormtrooper_ItemGenerator,[0],"{""SID"":""GeneralNPC_Militaries_Stormtrooper_ItemGenerator"",""RefreshTime"":""1d"",""SpecificRewardSound"":""EUISound::SystemNotificationNews""}",[3],WeaponPrimary,ERank::Master,,"EGameDifficulty::Easy, EGameDifficulty::Medium, EGameDifficulty::Hard",{},[2],GeneralNPC_Militaries_Stormtrooper_ItemGenerator.ItemGenerator.[3].PossibleItems.[2],GunGvintar_ST,,weight,400,,,,4,6,0.25,0.5,"{""ItemPrototypeSID"":""GunGvintar_ST"",""Weight"":""400"",""MinDurability"":""0.25"",""MaxDurability"":""0.5"",""AmmoMinCount"":""4"",""AmmoMaxCount"":""6""}"
vanilla/Stalker2/Content/GameLite/GameData/ItemGeneratorPrototypes.cfg,ordinary role,Militaries,Stormtrooper,GeneralNPC_Militaries_Stormtrooper_ItemGenerator,GeneralNPC_Militaries_Stormtrooper_ItemGenerator,[0],"{""SID"":""GeneralNPC_Militaries_Stormtrooper_ItemGenerator"",""RefreshTime"":""1d"",""SpecificRewardSound"":""EUISound::SystemNotificationNews""}",[3],WeaponPrimary,ERank::Master,,"EGameDifficulty::Easy, EGameDifficulty::Medium, EGameDifficulty::Hard",{},[3],GeneralNPC_Militaries_Stormtrooper_ItemGenerator.ItemGenerator.[3].PossibleItems.[3],GunGrim_ST,,weight,400,,,,4,6,0.25,0.5,"{""ItemPrototypeSID"":""GunGrim_ST"",""Weight"":""400"",""MinDurability"":""0.25"",""MaxDurability"":""0.5"",""AmmoMinCount"":""4"",""AmmoMaxCount"":""6""}"
vanilla/Stalker2/Content/GameLite/GameData/ItemGeneratorPrototypes.cfg,ordinary role,Militaries,Stormtrooper,GeneralNPC_Militaries_Stormtrooper_ItemGenerator,GeneralNPC_Militaries_Stormtrooper_ItemGenerator,[0],"{""SID"":""GeneralNPC_Militaries_Stormtrooper_ItemGenerator"",""RefreshTime"":""1d"",""SpecificRewardSound"":""EUISound::SystemNotificationNews""}",[4],WeaponPrimary,ERank::Veteran,,EGameDifficulty::Stalker,{},[0],GeneralNPC_Militaries_Stormtrooper_ItemGenerator.ItemGenerator.[4].PossibleItems.[0],GunGrim_ST,,weight,1000,,,,0,6,0.25,0.5,"{""ItemPrototypeSID"":""GunGrim_ST"",""Weight"":""1000"",""MinDurability"":""0.25"",""MaxDurability"":""0.5"",""AmmoMinCount"":""0"",""AmmoMaxCount"":""6""}"
vanilla/Stalker2/Content/GameLite/GameData/ItemGeneratorPrototypes.cfg,ordinary role,Militaries,Stormtrooper,GeneralNPC_Militaries_Stormtrooper_ItemGenerator,GeneralNPC_Militaries_Stormtrooper_ItemGenerator,[0],"{""SID"":""GeneralNPC_Militaries_Stormtrooper_ItemGenerator"",""RefreshTime"":""1d"",""SpecificRewardSound"":""EUISound::SystemNotificationNews""}",[4],WeaponPrimary,ERank::Veteran,,EGameDifficulty::Stalker,{},[1],GeneralNPC_Militaries_Stormtrooper_ItemGenerator.ItemGenerator.[4].PossibleItems.[1],GunGvintar_ST,,weight,1000,,,,0,6,0.25,0.5,"{""ItemPrototypeSID"":""GunGvintar_ST"",""Weight"":""1000"",""MinDurability"":""0.25"",""MaxDurability"":""0.5"",""AmmoMinCount"":""0"",""AmmoMaxCount"":""6""}"
vanilla/Stalker2/Content/GameLite/GameData/ItemGeneratorPrototypes.cfg,ordinary role,Militaries,Stormtrooper,GeneralNPC_Militaries_Stormtrooper_ItemGenerator,GeneralNPC_Militaries_Stormtrooper_ItemGenerator,[0],"{""SID"":""GeneralNPC_Militaries_Stormtrooper_ItemGenerator"",""RefreshTime"":""1d"",""SpecificRewardSound"":""EUISound::SystemNotificationNews""}",[4],WeaponPrimary,ERank::Veteran,,EGameDifficulty::Stalker,{},[2],GeneralNPC_Militaries_Stormtrooper_ItemGenerator.ItemGenerator.[4].PossibleItems.[2],GunAK74_ST,,weight,400,,,,0,6,0.25,0.5,"{""ItemPrototypeSID"":""GunAK74_ST"",""Weight"":""400"",""MinDurability"":""0.25"",""MaxDurability"":""0.5"",""AmmoMinCount"":""0"",""AmmoMaxCount"":""6""}"
vanilla/Stalker2/Content/GameLite/GameData/ItemGeneratorPrototypes.cfg,ordinary role,Militaries,Stormtrooper,GeneralNPC_Militaries_Stormtrooper_ItemGenerator,GeneralNPC_Militaries_Stormtrooper_ItemGenerator,[0],"{""SID"":""GeneralNPC_Militaries_Stormtrooper_ItemGenerator"",""RefreshTime"":""1d"",""SpecificRewardSound"":""EUISound::SystemNotificationNews""}",[5],WeaponPrimary,ERank::Master,,EGameDifficulty::Stalker,{},[0],GeneralNPC_Militaries_Stormtrooper_ItemGenerator.ItemGenerator.[5].PossibleItems.[0],GunDnipro_ST,,weight,1000,,,,0,6,0.25,0.5,"{""ItemPrototypeSID"":""GunDnipro_ST"",""Weight"":""1000"",""MinDurability"":""0.25"",""MaxDurability"":""0.5"",""AmmoMinCount"":""0"",""AmmoMaxCount"":""6""}"
vanilla/Stalker2/Content/GameLite/GameData/ItemGeneratorPrototypes.cfg,ordinary role,Militaries,Stormtrooper,GeneralNPC_Militaries_Stormtrooper_ItemGenerator,GeneralNPC_Militaries_Stormtrooper_ItemGenerator,[0],"{""SID"":""GeneralNPC_Militaries_Stormtrooper_ItemGenerator"",""RefreshTime"":""1d"",""SpecificRewardSound"":""EUISound::SystemNotificationNews""}",[5],WeaponPrimary,ERank::Master,,EGameDifficulty::Stalker,{},[1],GeneralNPC_Militaries_Stormtrooper_ItemGenerator.ItemGenerator.[5].PossibleItems.[1],GunLavina_ST,,weight,1000,,,,0,6,0.25,0.5,"{""ItemPrototypeSID"":""GunLavina_ST"",""Weight"":""1000"",""MinDurability"":""0.25"",""MaxDurability"":""0.5"",""AmmoMinCount"":""0"",""AmmoMaxCount"":""6""}"
vanilla/Stalker2/Content/GameLite/GameData/ItemGeneratorPrototypes.cfg,ordinary role,Militaries,Stormtrooper,GeneralNPC_Militaries_Stormtrooper_ItemGenerator,GeneralNPC_Militaries_Stormtrooper_ItemGenerator,[0],"{""SID"":""GeneralNPC_Militaries_Stormtrooper_ItemGenerator"",""RefreshTime"":""1d"",""SpecificRewardSound"":""EUISound::SystemNotificationNews""}",[5],WeaponPrimary,ERank::Master,,EGameDifficulty::Stalker,{},[2],GeneralNPC_Militaries_Stormtrooper_ItemGenerator.ItemGenerator.[5].PossibleItems.[2],GunGvintar_ST,,weight,400,,,,0,6,0.25,0.5,"{""ItemPrototypeSID"":""GunGvintar_ST"",""Weight"":""400"",""MinDurability"":""0.25"",""MaxDurability"":""0.5"",""AmmoMinCount"":""0"",""AmmoMaxCount"":""6""}"
vanilla/Stalker2/Content/GameLite/GameData/ItemGeneratorPrototypes.cfg,ordinary role,Militaries,Stormtrooper,GeneralNPC_Militaries_Stormtrooper_ItemGenerator,GeneralNPC_Militaries_Stormtrooper_ItemGenerator,[0],"{""SID"":""GeneralNPC_Militaries_Stormtrooper_ItemGenerator"",""RefreshTime"":""1d"",""SpecificRewardSound"":""EUISound::SystemNotificationNews""}",[5],WeaponPrimary,ERank::Master,,EGameDifficulty::Stalker,{},[3],GeneralNPC_Militaries_Stormtrooper_ItemGenerator.ItemGenerator.[5].PossibleItems.[3],GunGrim_ST,,weight,400,,,,0,6,0.25,0.5,"{""ItemPrototypeSID"":""GunGrim_ST"",""Weight"":""400"",""MinDurability"":""0.25"",""MaxDurability"":""0.5"",""AmmoMinCount"":""0"",""AmmoMaxCount"":""6""}"
vanilla/Stalker2/Content/GameLite/GameData/ItemGeneratorPrototypes.cfg,ordinary role,Militaries,Stormtrooper,GeneralNPC_Militaries_Stormtrooper_ItemGenerator,GeneralNPC_Militaries_Stormtrooper_ItemGenerator,[0],"{""SID"":""GeneralNPC_Militaries_Stormtrooper_ItemGenerator"",""RefreshTime"":""1d"",""SpecificRewardSound"":""EUISound::SystemNotificationNews""}",[6],SubItemGenerator,,,,{},[0],GeneralNPC_Militaries_Stormtrooper_ItemGenerator.ItemGenerator.[6].PossibleItems.[0],,GeneralNPC_Militaries_Armor,chance,,1,,,,,,,"{""ItemGeneratorPrototypeSID"":""GeneralNPC_Militaries_Armor"",""Chance"":""1""}"
vanilla/Stalker2/Content/GameLite/GameData/ItemGeneratorPrototypes.cfg,ordinary role,Militaries,Stormtrooper,GeneralNPC_Militaries_Stormtrooper_ItemGenerator,GeneralNPC_Militaries_Stormtrooper_ItemGenerator,[0],"{""SID"":""GeneralNPC_Militaries_Stormtrooper_ItemGenerator"",""RefreshTime"":""1d"",""SpecificRewardSound"":""EUISound::SystemNotificationNews""}",[6],SubItemGenerator,,,,{},[1],GeneralNPC_Militaries_Stormtrooper_ItemGenerator.ItemGenerator.[6].PossibleItems.[1],,GeneralNPC_Militaries_WeaponPistol,chance,,0.4,,,,,,,"{""ItemGeneratorPrototypeSID"":""GeneralNPC_Militaries_WeaponPistol"",""Chance"":""0.4""}"
vanilla/Stalker2/Content/GameLite/GameData/ItemGeneratorPrototypes.cfg,ordinary role,Militaries,Stormtrooper,GeneralNPC_Militaries_Stormtrooper_ItemGenerator,GeneralNPC_Militaries_Stormtrooper_ItemGenerator,[0],"{""SID"":""GeneralNPC_Militaries_Stormtrooper_ItemGenerator"",""RefreshTime"":""1d"",""SpecificRewardSound"":""EUISound::SystemNotificationNews""}",[7],SubItemGenerator,,,,{},[0],GeneralNPC_Militaries_Stormtrooper_ItemGenerator.ItemGenerator.[7].PossibleItems.[0],,GeneralNPC_Consumables_Stormtrooper,weight,1,,,,,,,,"{""ItemGeneratorPrototypeSID"":""GeneralNPC_Consumables_Stormtrooper"",""Weight"":""1""}"
vanilla/Stalker2/Content/GameLite/GameData/ItemGeneratorPrototypes.cfg,ordinary role,Militaries,Stormtrooper,GeneralNPC_Militaries_Stormtrooper_ItemGenerator,GeneralNPC_Militaries_Stormtrooper_ItemGenerator,[0],"{""SID"":""GeneralNPC_Militaries_Stormtrooper_ItemGenerator"",""RefreshTime"":""1d"",""SpecificRewardSound"":""EUISound::SystemNotificationNews""}",[8],Artifact,,,,{},[0],GeneralNPC_Militaries_Stormtrooper_ItemGenerator.ItemGenerator.[8].PossibleItems.[0],GrenadeRGD5,,chance,,0.2,,,1,1,0.45,0.45,"{""ItemPrototypeSID"":""GrenadeRGD5"",""Chance"":""0.2"",""MinDurability"":""0.45"",""MaxDurability"":""0.45"",""AmmoMinCount"":""1"",""AmmoMaxCount"":""1""}"
vanilla/Stalker2/Content/GameLite/GameData/ItemGeneratorPrototypes.cfg,ordinary role,Militaries,Stormtrooper,GeneralNPC_Militaries_Stormtrooper_ItemGenerator,GeneralNPC_Militaries_Stormtrooper_ItemGenerator,[0],"{""SID"":""GeneralNPC_Militaries_Stormtrooper_ItemGenerator"",""RefreshTime"":""1d"",""SpecificRewardSound"":""EUISound::SystemNotificationNews""}",[9],Detector,,,,{},[0],GeneralNPC_Militaries_Stormtrooper_ItemGenerator.ItemGenerator.[9].PossibleItems.[0],Echo,,chance,,0.05,1,,,,,,"{""ItemPrototypeSID"":""Echo"",""Chance"":""0.05"",""MinCount"":""1""}"
vanilla/Stalker2/Content/GameLite/GameData/ItemGeneratorPrototypes.cfg,ordinary role,Militaries,Stormtrooper,GeneralNPC_Militaries_Stormtrooper_ItemGenerator,GeneralNPC_Militaries_Stormtrooper_ItemGenerator,[0],"{""SID"":""GeneralNPC_Militaries_Stormtrooper_ItemGenerator"",""RefreshTime"":""1d"",""SpecificRewardSound"":""EUISound::SystemNotificationNews""}",[10],SubItemGenerator,,,,{},[0],GeneralNPC_Militaries_Stormtrooper_ItemGenerator.ItemGenerator.[10].PossibleItems.[0],,GeneralNPC_Militaries_NVG,chance,,1,,,,,,,"{""ItemGeneratorPrototypeSID"":""GeneralNPC_Militaries_NVG"",""Chance"":""1""}"
vanilla/Stalker2/Content/GameLite/GameData/ItemGeneratorPrototypes.cfg,ordinary role,Militaries,Sniper,GeneralNPC_Militaries_Sniper_ItemGenerator,GeneralNPC_Militaries_Sniper_ItemGenerator,[0],"{""SID"":""GeneralNPC_Militaries_Sniper_ItemGenerator"",""RefreshTime"":""1d"",""SpecificRewardSound"":""EUISound::SystemNotificationNews""}",[0],WeaponPrimary,ERank::Newbie,,,{},[0],GeneralNPC_Militaries_Sniper_ItemGenerator.ItemGenerator.[0].PossibleItems.[0],GunThreeLine_SP,,weight,1000,,,,0,2,0.25,0.5,"{""ItemPrototypeSID"":""GunThreeLine_SP"",""Weight"":""1000"",""MinDurability"":""0.25"",""MaxDurability"":""0.5"",""AmmoMinCount"":""0"",""AmmoMaxCount"":""2""}"
vanilla/Stalker2/Content/GameLite/GameData/ItemGeneratorPrototypes.cfg,ordinary role,Militaries,Sniper,GeneralNPC_Militaries_Sniper_ItemGenerator,GeneralNPC_Militaries_Sniper_ItemGenerator,[0],"{""SID"":""GeneralNPC_Militaries_Sniper_ItemGenerator"",""RefreshTime"":""1d"",""SpecificRewardSound"":""EUISound::SystemNotificationNews""}",[0],WeaponPrimary,ERank::Newbie,,,{},[1],GeneralNPC_Militaries_Sniper_ItemGenerator.ItemGenerator.[0].PossibleItems.[1],GunAK74_ST,,weight,1000,,,,0,2,0.25,0.5,"{""ItemPrototypeSID"":""GunAK74_ST"",""Weight"":""1000"",""MinDurability"":""0.25"",""MaxDurability"":""0.5"",""AmmoMinCount"":""0"",""AmmoMaxCount"":""2""}"
vanilla/Stalker2/Content/GameLite/GameData/ItemGeneratorPrototypes.cfg,ordinary role,Militaries,Sniper,GeneralNPC_Militaries_Sniper_ItemGenerator,GeneralNPC_Militaries_Sniper_ItemGenerator,[0],"{""SID"":""GeneralNPC_Militaries_Sniper_ItemGenerator"",""RefreshTime"":""1d"",""SpecificRewardSound"":""EUISound::SystemNotificationNews""}",[1],WeaponPrimary,"ERank::Experienced, ERank::Veteran",,,{},[0],GeneralNPC_Militaries_Sniper_ItemGenerator.ItemGenerator.[1].PossibleItems.[0],GunSVDM_SP,,weight,1000,,,,0,2,0.25,0.5,"{""ItemPrototypeSID"":""GunSVDM_SP"",""Weight"":""1000"",""MinDurability"":""0.25"",""MaxDurability"":""0.5"",""AmmoMinCount"":""0"",""AmmoMaxCount"":""2""}"
vanilla/Stalker2/Content/GameLite/GameData/ItemGeneratorPrototypes.cfg,ordinary role,Militaries,Sniper,GeneralNPC_Militaries_Sniper_ItemGenerator,GeneralNPC_Militaries_Sniper_ItemGenerator,[0],"{""SID"":""GeneralNPC_Militaries_Sniper_ItemGenerator"",""RefreshTime"":""1d"",""SpecificRewardSound"":""EUISound::SystemNotificationNews""}",[2],WeaponPrimary,ERank::Master,,"EGameDifficulty::Easy, EGameDifficulty::Medium, EGameDifficulty::Hard",{},[0],GeneralNPC_Militaries_Sniper_ItemGenerator.ItemGenerator.[2].PossibleItems.[0],GunSVU_SP,,weight,500,,,,3,5,0.25,0.5,"{""ItemPrototypeSID"":""GunSVU_SP"",""Weight"":""500"",""MinDurability"":""0.25"",""MaxDurability"":""0.5"",""AmmoMinCount"":""3"",""AmmoMaxCount"":""5""}"
vanilla/Stalker2/Content/GameLite/GameData/ItemGeneratorPrototypes.cfg,ordinary role,Militaries,Sniper,GeneralNPC_Militaries_Sniper_ItemGenerator,GeneralNPC_Militaries_Sniper_ItemGenerator,[0],"{""SID"":""GeneralNPC_Militaries_Sniper_ItemGenerator"",""RefreshTime"":""1d"",""SpecificRewardSound"":""EUISound::SystemNotificationNews""}",[2],WeaponPrimary,ERank::Master,,"EGameDifficulty::Easy, EGameDifficulty::Medium, EGameDifficulty::Hard",{},[1],GeneralNPC_Militaries_Sniper_ItemGenerator.ItemGenerator.[2].PossibleItems.[1],GunSVDM_SP,,weight,1000,,,,0,2,0.25,0.5,"{""ItemPrototypeSID"":""GunSVDM_SP"",""Weight"":""1000"",""MinDurability"":""0.25"",""MaxDurability"":""0.5"",""AmmoMinCount"":""0"",""AmmoMaxCount"":""2""}"
vanilla/Stalker2/Content/GameLite/GameData/ItemGeneratorPrototypes.cfg,ordinary role,Militaries,Sniper,GeneralNPC_Militaries_Sniper_ItemGenerator,GeneralNPC_Militaries_Sniper_ItemGenerator,[0],"{""SID"":""GeneralNPC_Militaries_Sniper_ItemGenerator"",""RefreshTime"":""1d"",""SpecificRewardSound"":""EUISound::SystemNotificationNews""}",[3],WeaponPrimary,ERank::Master,,EGameDifficulty::Stalker,{},[0],GeneralNPC_Militaries_Sniper_ItemGenerator.ItemGenerator.[3].PossibleItems.[0],GunSVU_SP,,weight,500,,,,0,5,0.25,0.5,"{""ItemPrototypeSID"":""GunSVU_SP"",""Weight"":""500"",""MinDurability"":""0.25"",""MaxDurability"":""0.5"",""AmmoMinCount"":""0"",""AmmoMaxCount"":""5""}"
vanilla/Stalker2/Content/GameLite/GameData/ItemGeneratorPrototypes.cfg,ordinary role,Militaries,Sniper,GeneralNPC_Militaries_Sniper_ItemGenerator,GeneralNPC_Militaries_Sniper_ItemGenerator,[0],"{""SID"":""GeneralNPC_Militaries_Sniper_ItemGenerator"",""RefreshTime"":""1d"",""SpecificRewardSound"":""EUISound::SystemNotificationNews""}",[3],WeaponPrimary,ERank::Master,,EGameDifficulty::Stalker,{},[1],GeneralNPC_Militaries_Sniper_ItemGenerator.ItemGenerator.[3].PossibleItems.[1],GunSVDM_SP,,weight,1000,,,,0,2,0.25,0.5,"{""ItemPrototypeSID"":""GunSVDM_SP"",""Weight"":""1000"",""MinDurability"":""0.25"",""MaxDurability"":""0.5"",""AmmoMinCount"":""0"",""AmmoMaxCount"":""2""}"
vanilla/Stalker2/Content/GameLite/GameData/ItemGeneratorPrototypes.cfg,ordinary role,Militaries,Sniper,GeneralNPC_Militaries_Sniper_ItemGenerator,GeneralNPC_Militaries_Sniper_ItemGenerator,[0],"{""SID"":""GeneralNPC_Militaries_Sniper_ItemGenerator"",""RefreshTime"":""1d"",""SpecificRewardSound"":""EUISound::SystemNotificationNews""}",[4],SubItemGenerator,,,,{},[0],GeneralNPC_Militaries_Sniper_ItemGenerator.ItemGenerator.[4].PossibleItems.[0],,GeneralNPC_Militaries_Armor,chance,,1,,,,,,,"{""ItemGeneratorPrototypeSID"":""GeneralNPC_Militaries_Armor"",""Chance"":""1""}"
vanilla/Stalker2/Content/GameLite/GameData/ItemGeneratorPrototypes.cfg,ordinary role,Militaries,Sniper,GeneralNPC_Militaries_Sniper_ItemGenerator,GeneralNPC_Militaries_Sniper_ItemGenerator,[0],"{""SID"":""GeneralNPC_Militaries_Sniper_ItemGenerator"",""RefreshTime"":""1d"",""SpecificRewardSound"":""EUISound::SystemNotificationNews""}",[4],SubItemGenerator,,,,{},[1],GeneralNPC_Militaries_Sniper_ItemGenerator.ItemGenerator.[4].PossibleItems.[1],,GeneralNPC_Militaries_WeaponPistol,chance,,0.5,,,,,,,"{""ItemGeneratorPrototypeSID"":""GeneralNPC_Militaries_WeaponPistol"",""Chance"":""0.5""}"
vanilla/Stalker2/Content/GameLite/GameData/ItemGeneratorPrototypes.cfg,ordinary role,Militaries,Sniper,GeneralNPC_Militaries_Sniper_ItemGenerator,GeneralNPC_Militaries_Sniper_ItemGenerator,[0],"{""SID"":""GeneralNPC_Militaries_Sniper_ItemGenerator"",""RefreshTime"":""1d"",""SpecificRewardSound"":""EUISound::SystemNotificationNews""}",[5],SubItemGenerator,,,,{},[0],GeneralNPC_Militaries_Sniper_ItemGenerator.ItemGenerator.[5].PossibleItems.[0],,GeneralNPC_Consumables_Sniper,weight,1,,,,,,,,"{""ItemGeneratorPrototypeSID"":""GeneralNPC_Consumables_Sniper"",""Weight"":""1""}"
vanilla/Stalker2/Content/GameLite/GameData/ItemGeneratorPrototypes.cfg,ordinary role,Militaries,Sniper,GeneralNPC_Militaries_Sniper_ItemGenerator,GeneralNPC_Militaries_Sniper_ItemGenerator,[0],"{""SID"":""GeneralNPC_Militaries_Sniper_ItemGenerator"",""RefreshTime"":""1d"",""SpecificRewardSound"":""EUISound::SystemNotificationNews""}",[6],Artifact,,,,{},[0],GeneralNPC_Militaries_Sniper_ItemGenerator.ItemGenerator.[6].PossibleItems.[0],GrenadeF1,,chance,,0.2,1,1,,,,,"{""ItemPrototypeSID"":""GrenadeF1"",""Chance"":""0.2"",""MinCount"":""1"",""MaxCount"":""1""}"
vanilla/Stalker2/Content/GameLite/GameData/ItemGeneratorPrototypes.cfg,ordinary role,Militaries,Sniper,GeneralNPC_Militaries_Sniper_ItemGenerator,GeneralNPC_Militaries_Sniper_ItemGenerator,[0],"{""SID"":""GeneralNPC_Militaries_Sniper_ItemGenerator"",""RefreshTime"":""1d"",""SpecificRewardSound"":""EUISound::SystemNotificationNews""}",[7],Detector,,,,{},[0],GeneralNPC_Militaries_Sniper_ItemGenerator.ItemGenerator.[7].PossibleItems.[0],Echo,,chance,,0.05,1,,,,,,"{""ItemPrototypeSID"":""Echo"",""Chance"":""0.05"",""MinCount"":""1""}"
vanilla/Stalker2/Content/GameLite/GameData/ItemGeneratorPrototypes.cfg,ordinary role,Militaries,Sniper,GeneralNPC_Militaries_Sniper_ItemGenerator,GeneralNPC_Militaries_Sniper_ItemGenerator,[0],"{""SID"":""GeneralNPC_Militaries_Sniper_ItemGenerator"",""RefreshTime"":""1d"",""SpecificRewardSound"":""EUISound::SystemNotificationNews""}",[8],SubItemGenerator,,,,{},[0],GeneralNPC_Militaries_Sniper_ItemGenerator.ItemGenerator.[8].PossibleItems.[0],,GeneralNPC_Militaries_NVG,chance,,1,,,,,,,"{""ItemGeneratorPrototypeSID"":""GeneralNPC_Militaries_NVG"",""Chance"":""1""}"
vanilla/Stalker2/Content/GameLite/GameData/ItemGeneratorPrototypes.cfg,ordinary role,Militaries,Heavy,GeneralNPC_Militaries_Heavy_ItemGenerator,GeneralNPC_Militaries_Heavy_ItemGenerator,[0],"{""SID"":""GeneralNPC_Militaries_Heavy_ItemGenerator"",""RefreshTime"":""1d"",""SpecificRewardSound"":""EUISound::SystemNotificationNews""}",[0],WeaponPrimary,ERank::Newbie,,,{},[0],GeneralNPC_Militaries_Heavy_ItemGenerator.ItemGenerator.[0].PossibleItems.[0],GunAK74_ST,,weight,1000,,,,0,5,0.25,0.5,"{""ItemPrototypeSID"":""GunAK74_ST"",""Weight"":""1000"",""MinDurability"":""0.25"",""MaxDurability"":""0.5"",""AmmoMinCount"":""0"",""AmmoMaxCount"":""5""}"
vanilla/Stalker2/Content/GameLite/GameData/ItemGeneratorPrototypes.cfg,ordinary role,Militaries,Heavy,GeneralNPC_Militaries_Heavy_ItemGenerator,GeneralNPC_Militaries_Heavy_ItemGenerator,[0],"{""SID"":""GeneralNPC_Militaries_Heavy_ItemGenerator"",""RefreshTime"":""1d"",""SpecificRewardSound"":""EUISound::SystemNotificationNews""}",[0],WeaponPrimary,ERank::Newbie,,,{},[1],GeneralNPC_Militaries_Heavy_ItemGenerator.ItemGenerator.[0].PossibleItems.[1],GunThreeLine_SP,,weight,1000,,,,0,5,0.25,0.5,"{""ItemPrototypeSID"":""GunThreeLine_SP"",""Weight"":""1000"",""MinDurability"":""0.25"",""MaxDurability"":""0.5"",""AmmoMinCount"":""0"",""AmmoMaxCount"":""5""}"
vanilla/Stalker2/Content/GameLite/GameData/ItemGeneratorPrototypes.cfg,ordinary role,Militaries,Heavy,GeneralNPC_Militaries_Heavy_ItemGenerator,GeneralNPC_Militaries_Heavy_ItemGenerator,[0],"{""SID"":""GeneralNPC_Militaries_Heavy_ItemGenerator"",""RefreshTime"":""1d"",""SpecificRewardSound"":""EUISound::SystemNotificationNews""}",[1],WeaponPrimary,ERank::Experienced,,"EGameDifficulty::Easy, EGameDifficulty::Medium, EGameDifficulty::Hard",{},[0],GeneralNPC_Militaries_Heavy_ItemGenerator.ItemGenerator.[1].PossibleItems.[0],GunAK74_ST,,weight,1000,,,,0,5,0.25,0.5,"{""ItemPrototypeSID"":""GunAK74_ST"",""Weight"":""1000"",""MinDurability"":""0.25"",""MaxDurability"":""0.5"",""AmmoMinCount"":""0"",""AmmoMaxCount"":""5""}"
vanilla/Stalker2/Content/GameLite/GameData/ItemGeneratorPrototypes.cfg,ordinary role,Militaries,Heavy,GeneralNPC_Militaries_Heavy_ItemGenerator,GeneralNPC_Militaries_Heavy_ItemGenerator,[0],"{""SID"":""GeneralNPC_Militaries_Heavy_ItemGenerator"",""RefreshTime"":""1d"",""SpecificRewardSound"":""EUISound::SystemNotificationNews""}",[1],WeaponPrimary,ERank::Experienced,,"EGameDifficulty::Easy, EGameDifficulty::Medium, EGameDifficulty::Hard",{},[1],GeneralNPC_Militaries_Heavy_ItemGenerator.ItemGenerator.[1].PossibleItems.[1],GunGvintar_ST,,weight,200,,,,4,6,0.25,0.5,"{""ItemPrototypeSID"":""GunGvintar_ST"",""Weight"":""200"",""MinDurability"":""0.25"",""MaxDurability"":""0.5"",""AmmoMinCount"":""4"",""AmmoMaxCount"":""6""}"
vanilla/Stalker2/Content/GameLite/GameData/ItemGeneratorPrototypes.cfg,ordinary role,Militaries,Heavy,GeneralNPC_Militaries_Heavy_ItemGenerator,GeneralNPC_Militaries_Heavy_ItemGenerator,[0],"{""SID"":""GeneralNPC_Militaries_Heavy_ItemGenerator"",""RefreshTime"":""1d"",""SpecificRewardSound"":""EUISound::SystemNotificationNews""}",[2],WeaponPrimary,ERank::Veteran,,"EGameDifficulty::Easy, EGameDifficulty::Medium, EGameDifficulty::Hard",{},[0],GeneralNPC_Militaries_Heavy_ItemGenerator.ItemGenerator.[2].PossibleItems.[0],GunPKP_MG,,weight,100,,,,15,25,0.25,0.5,"{""ItemPrototypeSID"":""GunPKP_MG"",""Weight"":""100"",""MinDurability"":""0.25"",""MaxDurability"":""0.5"",""AmmoMinCount"":""15"",""AmmoMaxCount"":""25""}"
vanilla/Stalker2/Content/GameLite/GameData/ItemGeneratorPrototypes.cfg,ordinary role,Militaries,Heavy,GeneralNPC_Militaries_Heavy_ItemGenerator,GeneralNPC_Militaries_Heavy_ItemGenerator,[0],"{""SID"":""GeneralNPC_Militaries_Heavy_ItemGenerator"",""RefreshTime"":""1d"",""SpecificRewardSound"":""EUISound::SystemNotificationNews""}",[2],WeaponPrimary,ERank::Veteran,,"EGameDifficulty::Easy, EGameDifficulty::Medium, EGameDifficulty::Hard",{},[1],GeneralNPC_Militaries_Heavy_ItemGenerator.ItemGenerator.[2].PossibleItems.[1],GunGrim_ST,,weight,1000,,,,0,7,0.25,0.5,"{""ItemPrototypeSID"":""GunGrim_ST"",""Weight"":""1000"",""MinDurability"":""0.25"",""MaxDurability"":""0.5"",""AmmoMinCount"":""0"",""AmmoMaxCount"":""7""}"
vanilla/Stalker2/Content/GameLite/GameData/ItemGeneratorPrototypes.cfg,ordinary role,Militaries,Heavy,GeneralNPC_Militaries_Heavy_ItemGenerator,GeneralNPC_Militaries_Heavy_ItemGenerator,[0],"{""SID"":""GeneralNPC_Militaries_Heavy_ItemGenerator"",""RefreshTime"":""1d"",""SpecificRewardSound"":""EUISound::SystemNotificationNews""}",[2],WeaponPrimary,ERank::Veteran,,"EGameDifficulty::Easy, EGameDifficulty::Medium, EGameDifficulty::Hard",{},[2],GeneralNPC_Militaries_Heavy_ItemGenerator.ItemGenerator.[2].PossibleItems.[2],GunGvintar_ST,,weight,1000,,,,4,6,0.25,0.5,"{""ItemPrototypeSID"":""GunGvintar_ST"",""Weight"":""1000"",""MinDurability"":""0.25"",""MaxDurability"":""0.5"",""AmmoMinCount"":""4"",""AmmoMaxCount"":""6""}"
vanilla/Stalker2/Content/GameLite/GameData/ItemGeneratorPrototypes.cfg,ordinary role,Militaries,Heavy,GeneralNPC_Militaries_Heavy_ItemGenerator,GeneralNPC_Militaries_Heavy_ItemGenerator,[0],"{""SID"":""GeneralNPC_Militaries_Heavy_ItemGenerator"",""RefreshTime"":""1d"",""SpecificRewardSound"":""EUISound::SystemNotificationNews""}",[2],WeaponPrimary,ERank::Veteran,,"EGameDifficulty::Easy, EGameDifficulty::Medium, EGameDifficulty::Hard",{},[3],GeneralNPC_Militaries_Heavy_ItemGenerator.ItemGenerator.[2].PossibleItems.[3],GunAK74_ST,,weight,400,,,,4,6,0.25,0.5,"{""ItemPrototypeSID"":""GunAK74_ST"",""Weight"":""400"",""MinDurability"":""0.25"",""MaxDurability"":""0.5"",""AmmoMinCount"":""4"",""AmmoMaxCount"":""6""}"
vanilla/Stalker2/Content/GameLite/GameData/ItemGeneratorPrototypes.cfg,ordinary role,Militaries,Heavy,GeneralNPC_Militaries_Heavy_ItemGenerator,GeneralNPC_Militaries_Heavy_ItemGenerator,[0],"{""SID"":""GeneralNPC_Militaries_Heavy_ItemGenerator"",""RefreshTime"":""1d"",""SpecificRewardSound"":""EUISound::SystemNotificationNews""}",[3],WeaponPrimary,ERank::Master,,"EGameDifficulty::Easy, EGameDifficulty::Medium, EGameDifficulty::Hard",{},[0],GeneralNPC_Militaries_Heavy_ItemGenerator.ItemGenerator.[3].PossibleItems.[0],GunPKP_MG,,weight,1000,,,,15,25,0.25,0.5,"{""ItemPrototypeSID"":""GunPKP_MG"",""Weight"":""1000"",""MinDurability"":""0.25"",""MaxDurability"":""0.5"",""AmmoMinCount"":""15"",""AmmoMaxCount"":""25""}"
vanilla/Stalker2/Content/GameLite/GameData/ItemGeneratorPrototypes.cfg,ordinary role,Militaries,Heavy,GeneralNPC_Militaries_Heavy_ItemGenerator,GeneralNPC_Militaries_Heavy_ItemGenerator,[0],"{""SID"":""GeneralNPC_Militaries_Heavy_ItemGenerator"",""RefreshTime"":""1d"",""SpecificRewardSound"":""EUISound::SystemNotificationNews""}",[4],WeaponPrimary,ERank::Experienced,,EGameDifficulty::Stalker,{},[0],GeneralNPC_Militaries_Heavy_ItemGenerator.ItemGenerator.[4].PossibleItems.[0],GunAK74_ST,,weight,1000,,,,0,5,0.25,0.5,"{""ItemPrototypeSID"":""GunAK74_ST"",""Weight"":""1000"",""MinDurability"":""0.25"",""MaxDurability"":""0.5"",""AmmoMinCount"":""0"",""AmmoMaxCount"":""5""}"
vanilla/Stalker2/Content/GameLite/GameData/ItemGeneratorPrototypes.cfg,ordinary role,Militaries,Heavy,GeneralNPC_Militaries_Heavy_ItemGenerator,GeneralNPC_Militaries_Heavy_ItemGenerator,[0],"{""SID"":""GeneralNPC_Militaries_Heavy_ItemGenerator"",""RefreshTime"":""1d"",""SpecificRewardSound"":""EUISound::SystemNotificationNews""}",[4],WeaponPrimary,ERank::Experienced,,EGameDifficulty::Stalker,{},[1],GeneralNPC_Militaries_Heavy_ItemGenerator.ItemGenerator.[4].PossibleItems.[1],GunGvintar_ST,,weight,200,,,,0,6,0.25,0.5,"{""ItemPrototypeSID"":""GunGvintar_ST"",""Weight"":""200"",""MinDurability"":""0.25"",""MaxDurability"":""0.5"",""AmmoMinCount"":""0"",""AmmoMaxCount"":""6""}"
vanilla/Stalker2/Content/GameLite/GameData/ItemGeneratorPrototypes.cfg,ordinary role,Militaries,Heavy,GeneralNPC_Militaries_Heavy_ItemGenerator,GeneralNPC_Militaries_Heavy_ItemGenerator,[0],"{""SID"":""GeneralNPC_Militaries_Heavy_ItemGenerator"",""RefreshTime"":""1d"",""SpecificRewardSound"":""EUISound::SystemNotificationNews""}",[5],WeaponPrimary,ERank::Veteran,,EGameDifficulty::Stalker,{},[0],GeneralNPC_Militaries_Heavy_ItemGenerator.ItemGenerator.[5].PossibleItems.[0],GunPKP_MG,,weight,100,,,,15,25,0.25,0.5,"{""ItemPrototypeSID"":""GunPKP_MG"",""Weight"":""100"",""MinDurability"":""0.25"",""MaxDurability"":""0.5"",""AmmoMinCount"":""15"",""AmmoMaxCount"":""25""}"
vanilla/Stalker2/Content/GameLite/GameData/ItemGeneratorPrototypes.cfg,ordinary role,Militaries,Heavy,GeneralNPC_Militaries_Heavy_ItemGenerator,GeneralNPC_Militaries_Heavy_ItemGenerator,[0],"{""SID"":""GeneralNPC_Militaries_Heavy_ItemGenerator"",""RefreshTime"":""1d"",""SpecificRewardSound"":""EUISound::SystemNotificationNews""}",[5],WeaponPrimary,ERank::Veteran,,EGameDifficulty::Stalker,{},[1],GeneralNPC_Militaries_Heavy_ItemGenerator.ItemGenerator.[5].PossibleItems.[1],GunGrim_ST,,weight,1000,,,,0,6,0.25,0.5,"{""ItemPrototypeSID"":""GunGrim_ST"",""Weight"":""1000"",""MinDurability"":""0.25"",""MaxDurability"":""0.5"",""AmmoMinCount"":""0"",""AmmoMaxCount"":""6""}"
vanilla/Stalker2/Content/GameLite/GameData/ItemGeneratorPrototypes.cfg,ordinary role,Militaries,Heavy,GeneralNPC_Militaries_Heavy_ItemGenerator,GeneralNPC_Militaries_Heavy_ItemGenerator,[0],"{""SID"":""GeneralNPC_Militaries_Heavy_ItemGenerator"",""RefreshTime"":""1d"",""SpecificRewardSound"":""EUISound::SystemNotificationNews""}",[5],WeaponPrimary,ERank::Veteran,,EGameDifficulty::Stalker,{},[2],GeneralNPC_Militaries_Heavy_ItemGenerator.ItemGenerator.[5].PossibleItems.[2],GunGvintar_ST,,weight,1000,,,,0,6,0.25,0.5,"{""ItemPrototypeSID"":""GunGvintar_ST"",""Weight"":""1000"",""MinDurability"":""0.25"",""MaxDurability"":""0.5"",""AmmoMinCount"":""0"",""AmmoMaxCount"":""6""}"
vanilla/Stalker2/Content/GameLite/GameData/ItemGeneratorPrototypes.cfg,ordinary role,Militaries,Heavy,GeneralNPC_Militaries_Heavy_ItemGenerator,GeneralNPC_Militaries_Heavy_ItemGenerator,[0],"{""SID"":""GeneralNPC_Militaries_Heavy_ItemGenerator"",""RefreshTime"":""1d"",""SpecificRewardSound"":""EUISound::SystemNotificationNews""}",[5],WeaponPrimary,ERank::Veteran,,EGameDifficulty::Stalker,{},[3],GeneralNPC_Militaries_Heavy_ItemGenerator.ItemGenerator.[5].PossibleItems.[3],GunAK74_ST,,weight,400,,,,0,6,0.25,0.5,"{""ItemPrototypeSID"":""GunAK74_ST"",""Weight"":""400"",""MinDurability"":""0.25"",""MaxDurability"":""0.5"",""AmmoMinCount"":""0"",""AmmoMaxCount"":""6""}"
vanilla/Stalker2/Content/GameLite/GameData/ItemGeneratorPrototypes.cfg,ordinary role,Militaries,Heavy,GeneralNPC_Militaries_Heavy_ItemGenerator,GeneralNPC_Militaries_Heavy_ItemGenerator,[0],"{""SID"":""GeneralNPC_Militaries_Heavy_ItemGenerator"",""RefreshTime"":""1d"",""SpecificRewardSound"":""EUISound::SystemNotificationNews""}",[6],WeaponPrimary,ERank::Master,,EGameDifficulty::Stalker,{},[0],GeneralNPC_Militaries_Heavy_ItemGenerator.ItemGenerator.[6].PossibleItems.[0],GunPKP_MG,,weight,1000,,,,15,25,0.25,0.5,"{""ItemPrototypeSID"":""GunPKP_MG"",""Weight"":""1000"",""MinDurability"":""0.25"",""MaxDurability"":""0.5"",""AmmoMinCount"":""15"",""AmmoMaxCount"":""25""}"
vanilla/Stalker2/Content/GameLite/GameData/ItemGeneratorPrototypes.cfg,ordinary role,Militaries,Heavy,GeneralNPC_Militaries_Heavy_ItemGenerator,GeneralNPC_Militaries_Heavy_ItemGenerator,[0],"{""SID"":""GeneralNPC_Militaries_Heavy_ItemGenerator"",""RefreshTime"":""1d"",""SpecificRewardSound"":""EUISound::SystemNotificationNews""}",[7],SubItemGenerator,,,,{},[0],GeneralNPC_Militaries_Heavy_ItemGenerator.ItemGenerator.[7].PossibleItems.[0],,GeneralNPC_Militaries_Armor,chance,,1,,,,,,,"{""ItemGeneratorPrototypeSID"":""GeneralNPC_Militaries_Armor"",""Chance"":""1""}"
vanilla/Stalker2/Content/GameLite/GameData/ItemGeneratorPrototypes.cfg,ordinary role,Militaries,Heavy,GeneralNPC_Militaries_Heavy_ItemGenerator,GeneralNPC_Militaries_Heavy_ItemGenerator,[0],"{""SID"":""GeneralNPC_Militaries_Heavy_ItemGenerator"",""RefreshTime"":""1d"",""SpecificRewardSound"":""EUISound::SystemNotificationNews""}",[7],SubItemGenerator,,,,{},[1],GeneralNPC_Militaries_Heavy_ItemGenerator.ItemGenerator.[7].PossibleItems.[1],,GeneralNPC_Militaries_WeaponPistol,chance,,0.1,,,,,,,"{""ItemGeneratorPrototypeSID"":""GeneralNPC_Militaries_WeaponPistol"",""Chance"":""0.1""}"
vanilla/Stalker2/Content/GameLite/GameData/ItemGeneratorPrototypes.cfg,ordinary role,Militaries,Heavy,GeneralNPC_Militaries_Heavy_ItemGenerator,GeneralNPC_Militaries_Heavy_ItemGenerator,[0],"{""SID"":""GeneralNPC_Militaries_Heavy_ItemGenerator"",""RefreshTime"":""1d"",""SpecificRewardSound"":""EUISound::SystemNotificationNews""}",[8],SubItemGenerator,,,,{},[0],GeneralNPC_Militaries_Heavy_ItemGenerator.ItemGenerator.[8].PossibleItems.[0],,GeneralNPC_Consumables_Heavy,weight,1,,,,,,,,"{""ItemGeneratorPrototypeSID"":""GeneralNPC_Consumables_Heavy"",""Weight"":""1""}"
vanilla/Stalker2/Content/GameLite/GameData/ItemGeneratorPrototypes.cfg,ordinary role,Militaries,Heavy,GeneralNPC_Militaries_Heavy_ItemGenerator,GeneralNPC_Militaries_Heavy_ItemGenerator,[0],"{""SID"":""GeneralNPC_Militaries_Heavy_ItemGenerator"",""RefreshTime"":""1d"",""SpecificRewardSound"":""EUISound::SystemNotificationNews""}",[9],Detector,,,,{},[0],GeneralNPC_Militaries_Heavy_ItemGenerator.ItemGenerator.[9].PossibleItems.[0],Echo,,chance,,0.05,1,,,,,,"{""ItemPrototypeSID"":""Echo"",""Chance"":""0.05"",""MinCount"":""1""}"
vanilla/Stalker2/Content/GameLite/GameData/ItemGeneratorPrototypes.cfg,ordinary role,Militaries,Heavy,GeneralNPC_Militaries_Heavy_ItemGenerator,GeneralNPC_Militaries_Heavy_ItemGenerator,[0],"{""SID"":""GeneralNPC_Militaries_Heavy_ItemGenerator"",""RefreshTime"":""1d"",""SpecificRewardSound"":""EUISound::SystemNotificationNews""}",[10],Artifact,,,,{},[0],GeneralNPC_Militaries_Heavy_ItemGenerator.ItemGenerator.[10].PossibleItems.[0],GrenadeRGD5,,chance,,0.2,1,1,,,,,"{""ItemPrototypeSID"":""GrenadeRGD5"",""Chance"":""0.2"",""MinCount"":""1"",""MaxCount"":""1""}"
vanilla/Stalker2/Content/GameLite/GameData/ItemGeneratorPrototypes.cfg,ordinary role,Militaries,Heavy,GeneralNPC_Militaries_Heavy_ItemGenerator,GeneralNPC_Militaries_Heavy_ItemGenerator,[0],"{""SID"":""GeneralNPC_Militaries_Heavy_ItemGenerator"",""RefreshTime"":""1d"",""SpecificRewardSound"":""EUISound::SystemNotificationNews""}",[11],SubItemGenerator,,,,{},[0],GeneralNPC_Militaries_Heavy_ItemGenerator.ItemGenerator.[11].PossibleItems.[0],,GeneralNPC_Militaries_NVG,chance,,1,,,,,,,"{""ItemGeneratorPrototypeSID"":""GeneralNPC_Militaries_NVG"",""Chance"":""1""}"
vanilla/Stalker2/Content/GameLite/GameData/ItemGeneratorPrototypes.cfg,shared helper,Monolith,Armor,GeneralNPC_Monolith_Armor,GeneralNPC_Monolith_Armor,[0],"{""SID"":""GeneralNPC_Monolith_Armor"",""SpecificRewardSound"":""EUISound::SystemNotificationNews""}",[0],BodyArmor,"ERank::Newbie, ERank::Experienced",,,{},[0],GeneralNPC_Monolith_Armor.ItemGenerator.[0].PossibleItems.[0],Battle_Monolith_Armor,,weight,1.0,,,,,,,,"{""ItemPrototypeSID"":""Battle_Monolith_Armor"",""Weight"":""1.0""}"
vanilla/Stalker2/Content/GameLite/GameData/ItemGeneratorPrototypes.cfg,shared helper,Monolith,Armor,GeneralNPC_Monolith_Armor,GeneralNPC_Monolith_Armor,[0],"{""SID"":""GeneralNPC_Monolith_Armor"",""SpecificRewardSound"":""EUISound::SystemNotificationNews""}",[1],BodyArmor,ERank::Veteran,,,{},[0],GeneralNPC_Monolith_Armor.ItemGenerator.[1].PossibleItems.[0],HeavyAnomaly_Monolith_Armor,,weight,10.0,,,,,,,,"{""ItemPrototypeSID"":""HeavyAnomaly_Monolith_Armor"",""Weight"":""10.0""}"
vanilla/Stalker2/Content/GameLite/GameData/ItemGeneratorPrototypes.cfg,shared helper,Monolith,Armor,GeneralNPC_Monolith_Armor,GeneralNPC_Monolith_Armor,[0],"{""SID"":""GeneralNPC_Monolith_Armor"",""SpecificRewardSound"":""EUISound::SystemNotificationNews""}",[1],BodyArmor,ERank::Veteran,,,{},[1],GeneralNPC_Monolith_Armor.ItemGenerator.[1].PossibleItems.[1],HeavyExoskeleton_Monolith_Armor,,weight,1.0,,,,,,,,"{""ItemPrototypeSID"":""HeavyExoskeleton_Monolith_Armor"",""Weight"":""1.0""}"
vanilla/Stalker2/Content/GameLite/GameData/ItemGeneratorPrototypes.cfg,shared helper,Monolith,Armor,GeneralNPC_Monolith_Armor,GeneralNPC_Monolith_Armor,[0],"{""SID"":""GeneralNPC_Monolith_Armor"",""SpecificRewardSound"":""EUISound::SystemNotificationNews""}",[2],BodyArmor,ERank::Master,,,{},[0],GeneralNPC_Monolith_Armor.ItemGenerator.[2].PossibleItems.[0],HeavyExoskeleton_Monolith_Armor,,weight,3.0,,,,,,,,"{""ItemPrototypeSID"":""HeavyExoskeleton_Monolith_Armor"",""Weight"":""3.0""}"
vanilla/Stalker2/Content/GameLite/GameData/ItemGeneratorPrototypes.cfg,shared helper,Monolith,Armor,GeneralNPC_Monolith_Armor,GeneralNPC_Monolith_Armor,[0],"{""SID"":""GeneralNPC_Monolith_Armor"",""SpecificRewardSound"":""EUISound::SystemNotificationNews""}",[2],BodyArmor,ERank::Master,,,{},[1],GeneralNPC_Monolith_Armor.ItemGenerator.[2].PossibleItems.[1],Exoskeleton_Monolith_Armor,,weight,4.0,,,,,,,,"{""ItemPrototypeSID"":""Exoskeleton_Monolith_Armor"",""Weight"":""4.0""}"
vanilla/Stalker2/Content/GameLite/GameData/ItemGeneratorPrototypes.cfg,shared helper,Monolith,Armor,GeneralNPC_Monolith_Armor,GeneralNPC_Monolith_Armor,[0],"{""SID"":""GeneralNPC_Monolith_Armor"",""SpecificRewardSound"":""EUISound::SystemNotificationNews""}",[2],BodyArmor,ERank::Master,,,{},[2],GeneralNPC_Monolith_Armor.ItemGenerator.[2].PossibleItems.[2],HeavyAnomaly_Monolith_Armor,,weight,3.0,,,,,,,,"{""ItemPrototypeSID"":""HeavyAnomaly_Monolith_Armor"",""Weight"":""3.0""}"
vanilla/Stalker2/Content/GameLite/GameData/ItemGeneratorPrototypes.cfg,shared helper,Monolith,Armor,GeneralNPC_Monolith_Armor,GeneralNPC_Monolith_Armor,[0],"{""SID"":""GeneralNPC_Monolith_Armor"",""SpecificRewardSound"":""EUISound::SystemNotificationNews""}",[3],Head,"ERank::Newbie, ERank::Experienced",,,{},[0],GeneralNPC_Monolith_Armor.ItemGenerator.[3].PossibleItems.[0],Battle_Military_Helmet,,chance,,0.3,,,,,,,"{""ItemPrototypeSID"":""Battle_Military_Helmet"",""Chance"":""0.3""}"
vanilla/Stalker2/Content/GameLite/GameData/ItemGeneratorPrototypes.cfg,ordinary role,Monolith,CloseCombat,GeneralNPC_Monolith_CloseCombat_ItemGenerator,GeneralNPC_Monolith_CloseCombat_ItemGenerator,[0],"{""SID"":""GeneralNPC_Monolith_CloseCombat_ItemGenerator"",""RefreshTime"":""1d"",""SpecificRewardSound"":""EUISound::SystemNotificationNews""}",[0],WeaponPrimary,"ERank::Newbie, ERank::Experienced",,,{},[0],GeneralNPC_Monolith_CloseCombat_ItemGenerator.ItemGenerator.[0].PossibleItems.[0],GunM860_SG,,weight,1000,,,,0,5,0.25,0.5,"{""ItemPrototypeSID"":""GunM860_SG"",""Weight"":""1000"",""MinDurability"":""0.25"",""MaxDurability"":""0.5"",""AmmoMinCount"":""0"",""AmmoMaxCount"":""5""}"
vanilla/Stalker2/Content/GameLite/GameData/ItemGeneratorPrototypes.cfg,ordinary role,Monolith,CloseCombat,GeneralNPC_Monolith_CloseCombat_ItemGenerator,GeneralNPC_Monolith_CloseCombat_ItemGenerator,[0],"{""SID"":""GeneralNPC_Monolith_CloseCombat_ItemGenerator"",""RefreshTime"":""1d"",""SpecificRewardSound"":""EUISound::SystemNotificationNews""}",[1],WeaponPrimary,ERank::Veteran,,"EGameDifficulty::Easy, EGameDifficulty::Medium, EGameDifficulty::Hard",{},[0],GeneralNPC_Monolith_CloseCombat_ItemGenerator.ItemGenerator.[1].PossibleItems.[0],GunM860_SG,,weight,800,,,,2,4,0.25,0.5,"{""ItemPrototypeSID"":""GunM860_SG"",""Weight"":""800"",""MinDurability"":""0.25"",""MaxDurability"":""0.5"",""AmmoMinCount"":""2"",""AmmoMaxCount"":""4""}"
vanilla/Stalker2/Content/GameLite/GameData/ItemGeneratorPrototypes.cfg,ordinary role,Monolith,CloseCombat,GeneralNPC_Monolith_CloseCombat_ItemGenerator,GeneralNPC_Monolith_CloseCombat_ItemGenerator,[0],"{""SID"":""GeneralNPC_Monolith_CloseCombat_ItemGenerator"",""RefreshTime"":""1d"",""SpecificRewardSound"":""EUISound::SystemNotificationNews""}",[1],WeaponPrimary,ERank::Veteran,,"EGameDifficulty::Easy, EGameDifficulty::Medium, EGameDifficulty::Hard",{},[1],GeneralNPC_Monolith_CloseCombat_ItemGenerator.ItemGenerator.[1].PossibleItems.[1],GunSPSA_SG,,weight,1000,,,,2,4,0.25,0.5,"{""ItemPrototypeSID"":""GunSPSA_SG"",""Weight"":""1000"",""MinDurability"":""0.25"",""MaxDurability"":""0.5"",""AmmoMinCount"":""2"",""AmmoMaxCount"":""4""}"
vanilla/Stalker2/Content/GameLite/GameData/ItemGeneratorPrototypes.cfg,ordinary role,Monolith,CloseCombat,GeneralNPC_Monolith_CloseCombat_ItemGenerator,GeneralNPC_Monolith_CloseCombat_ItemGenerator,[0],"{""SID"":""GeneralNPC_Monolith_CloseCombat_ItemGenerator"",""RefreshTime"":""1d"",""SpecificRewardSound"":""EUISound::SystemNotificationNews""}",[2],WeaponPrimary,ERank::Master,,"EGameDifficulty::Easy, EGameDifficulty::Medium, EGameDifficulty::Hard",{},[0],GeneralNPC_Monolith_CloseCombat_ItemGenerator.ItemGenerator.[2].PossibleItems.[0],GunM860_SG,,weight,400,,,,2,4,0.25,0.5,"{""ItemPrototypeSID"":""GunM860_SG"",""Weight"":""400"",""MinDurability"":""0.25"",""MaxDurability"":""0.5"",""AmmoMinCount"":""2"",""AmmoMaxCount"":""4""}"
vanilla/Stalker2/Content/GameLite/GameData/ItemGeneratorPrototypes.cfg,ordinary role,Monolith,CloseCombat,GeneralNPC_Monolith_CloseCombat_ItemGenerator,GeneralNPC_Monolith_CloseCombat_ItemGenerator,[0],"{""SID"":""GeneralNPC_Monolith_CloseCombat_ItemGenerator"",""RefreshTime"":""1d"",""SpecificRewardSound"":""EUISound::SystemNotificationNews""}",[2],WeaponPrimary,ERank::Master,,"EGameDifficulty::Easy, EGameDifficulty::Medium, EGameDifficulty::Hard",{},[1],GeneralNPC_Monolith_CloseCombat_ItemGenerator.ItemGenerator.[2].PossibleItems.[1],GunSPSA_SG,,weight,1000,,,,2,4,0.25,0.5,"{""ItemPrototypeSID"":""GunSPSA_SG"",""Weight"":""1000"",""MinDurability"":""0.25"",""MaxDurability"":""0.5"",""AmmoMinCount"":""2"",""AmmoMaxCount"":""4""}"
vanilla/Stalker2/Content/GameLite/GameData/ItemGeneratorPrototypes.cfg,ordinary role,Monolith,CloseCombat,GeneralNPC_Monolith_CloseCombat_ItemGenerator,GeneralNPC_Monolith_CloseCombat_ItemGenerator,[0],"{""SID"":""GeneralNPC_Monolith_CloseCombat_ItemGenerator"",""RefreshTime"":""1d"",""SpecificRewardSound"":""EUISound::SystemNotificationNews""}",[2],WeaponPrimary,ERank::Master,,"EGameDifficulty::Easy, EGameDifficulty::Medium, EGameDifficulty::Hard",{},[2],GeneralNPC_Monolith_CloseCombat_ItemGenerator.ItemGenerator.[2].PossibleItems.[2],GunD12_SG,,weight,1000,,,,2,4,0.25,0.5,"{""ItemPrototypeSID"":""GunD12_SG"",""Weight"":""1000"",""MinDurability"":""0.25"",""MaxDurability"":""0.5"",""AmmoMinCount"":""2"",""AmmoMaxCount"":""4""}"
vanilla/Stalker2/Content/GameLite/GameData/ItemGeneratorPrototypes.cfg,ordinary role,Monolith,CloseCombat,GeneralNPC_Monolith_CloseCombat_ItemGenerator,GeneralNPC_Monolith_CloseCombat_ItemGenerator,[0],"{""SID"":""GeneralNPC_Monolith_CloseCombat_ItemGenerator"",""RefreshTime"":""1d"",""SpecificRewardSound"":""EUISound::SystemNotificationNews""}",[2],WeaponPrimary,ERank::Master,,"EGameDifficulty::Easy, EGameDifficulty::Medium, EGameDifficulty::Hard",{},[3],GeneralNPC_Monolith_CloseCombat_ItemGenerator.ItemGenerator.[2].PossibleItems.[3],GunRam2_SG,,weight,1000,,,,2,4,0.25,0.5,"{""ItemPrototypeSID"":""GunRam2_SG"",""Weight"":""1000"",""MinDurability"":""0.25"",""MaxDurability"":""0.5"",""AmmoMinCount"":""2"",""AmmoMaxCount"":""4""}"
vanilla/Stalker2/Content/GameLite/GameData/ItemGeneratorPrototypes.cfg,ordinary role,Monolith,CloseCombat,GeneralNPC_Monolith_CloseCombat_ItemGenerator,GeneralNPC_Monolith_CloseCombat_ItemGenerator,[0],"{""SID"":""GeneralNPC_Monolith_CloseCombat_ItemGenerator"",""RefreshTime"":""1d"",""SpecificRewardSound"":""EUISound::SystemNotificationNews""}",[3],WeaponPrimary,ERank::Veteran,,EGameDifficulty::Stalker,{},[0],GeneralNPC_Monolith_CloseCombat_ItemGenerator.ItemGenerator.[3].PossibleItems.[0],GunM860_SG,,weight,800,,,,1,4,0.25,0.5,"{""ItemPrototypeSID"":""GunM860_SG"",""Weight"":""800"",""MinDurability"":""0.25"",""MaxDurability"":""0.5"",""AmmoMinCount"":""1"",""AmmoMaxCount"":""4""}"
vanilla/Stalker2/Content/GameLite/GameData/ItemGeneratorPrototypes.cfg,ordinary role,Monolith,CloseCombat,GeneralNPC_Monolith_CloseCombat_ItemGenerator,GeneralNPC_Monolith_CloseCombat_ItemGenerator,[0],"{""SID"":""GeneralNPC_Monolith_CloseCombat_ItemGenerator"",""RefreshTime"":""1d"",""SpecificRewardSound"":""EUISound::SystemNotificationNews""}",[3],WeaponPrimary,ERank::Veteran,,EGameDifficulty::Stalker,{},[1],GeneralNPC_Monolith_CloseCombat_ItemGenerator.ItemGenerator.[3].PossibleItems.[1],GunSPSA_SG,,weight,1000,,,,1,4,0.25,0.5,"{""ItemPrototypeSID"":""GunSPSA_SG"",""Weight"":""1000"",""MinDurability"":""0.25"",""MaxDurability"":""0.5"",""AmmoMinCount"":""1"",""AmmoMaxCount"":""4""}"
vanilla/Stalker2/Content/GameLite/GameData/ItemGeneratorPrototypes.cfg,ordinary role,Monolith,CloseCombat,GeneralNPC_Monolith_CloseCombat_ItemGenerator,GeneralNPC_Monolith_CloseCombat_ItemGenerator,[0],"{""SID"":""GeneralNPC_Monolith_CloseCombat_ItemGenerator"",""RefreshTime"":""1d"",""SpecificRewardSound"":""EUISound::SystemNotificationNews""}",[4],WeaponPrimary,ERank::Master,,EGameDifficulty::Stalker,{},[0],GeneralNPC_Monolith_CloseCombat_ItemGenerator.ItemGenerator.[4].PossibleItems.[0],GunM860_SG,,weight,400,,,,1,4,0.25,0.5,"{""ItemPrototypeSID"":""GunM860_SG"",""Weight"":""400"",""MinDurability"":""0.25"",""MaxDurability"":""0.5"",""AmmoMinCount"":""1"",""AmmoMaxCount"":""4""}"
vanilla/Stalker2/Content/GameLite/GameData/ItemGeneratorPrototypes.cfg,ordinary role,Monolith,CloseCombat,GeneralNPC_Monolith_CloseCombat_ItemGenerator,GeneralNPC_Monolith_CloseCombat_ItemGenerator,[0],"{""SID"":""GeneralNPC_Monolith_CloseCombat_ItemGenerator"",""RefreshTime"":""1d"",""SpecificRewardSound"":""EUISound::SystemNotificationNews""}",[4],WeaponPrimary,ERank::Master,,EGameDifficulty::Stalker,{},[1],GeneralNPC_Monolith_CloseCombat_ItemGenerator.ItemGenerator.[4].PossibleItems.[1],GunSPSA_SG,,weight,1000,,,,1,4,0.25,0.5,"{""ItemPrototypeSID"":""GunSPSA_SG"",""Weight"":""1000"",""MinDurability"":""0.25"",""MaxDurability"":""0.5"",""AmmoMinCount"":""1"",""AmmoMaxCount"":""4""}"
vanilla/Stalker2/Content/GameLite/GameData/ItemGeneratorPrototypes.cfg,ordinary role,Monolith,CloseCombat,GeneralNPC_Monolith_CloseCombat_ItemGenerator,GeneralNPC_Monolith_CloseCombat_ItemGenerator,[0],"{""SID"":""GeneralNPC_Monolith_CloseCombat_ItemGenerator"",""RefreshTime"":""1d"",""SpecificRewardSound"":""EUISound::SystemNotificationNews""}",[4],WeaponPrimary,ERank::Master,,EGameDifficulty::Stalker,{},[2],GeneralNPC_Monolith_CloseCombat_ItemGenerator.ItemGenerator.[4].PossibleItems.[2],GunD12_SG,,weight,1000,,,,1,4,0.25,0.5,"{""ItemPrototypeSID"":""GunD12_SG"",""Weight"":""1000"",""MinDurability"":""0.25"",""MaxDurability"":""0.5"",""AmmoMinCount"":""1"",""AmmoMaxCount"":""4""}"
vanilla/Stalker2/Content/GameLite/GameData/ItemGeneratorPrototypes.cfg,ordinary role,Monolith,CloseCombat,GeneralNPC_Monolith_CloseCombat_ItemGenerator,GeneralNPC_Monolith_CloseCombat_ItemGenerator,[0],"{""SID"":""GeneralNPC_Monolith_CloseCombat_ItemGenerator"",""RefreshTime"":""1d"",""SpecificRewardSound"":""EUISound::SystemNotificationNews""}",[4],WeaponPrimary,ERank::Master,,EGameDifficulty::Stalker,{},[3],GeneralNPC_Monolith_CloseCombat_ItemGenerator.ItemGenerator.[4].PossibleItems.[3],GunRam2_SG,,weight,1000,,,,1,4,0.25,0.5,"{""ItemPrototypeSID"":""GunRam2_SG"",""Weight"":""1000"",""MinDurability"":""0.25"",""MaxDurability"":""0.5"",""AmmoMinCount"":""1"",""AmmoMaxCount"":""4""}"
vanilla/Stalker2/Content/GameLite/GameData/ItemGeneratorPrototypes.cfg,ordinary role,Monolith,CloseCombat,GeneralNPC_Monolith_CloseCombat_ItemGenerator,GeneralNPC_Monolith_CloseCombat_ItemGenerator,[0],"{""SID"":""GeneralNPC_Monolith_CloseCombat_ItemGenerator"",""RefreshTime"":""1d"",""SpecificRewardSound"":""EUISound::SystemNotificationNews""}",[5],SubItemGenerator,,,,{},[0],GeneralNPC_Monolith_CloseCombat_ItemGenerator.ItemGenerator.[5].PossibleItems.[0],,GeneralNPC_Monolith_Armor,chance,,1,,,,,,,"{""ItemGeneratorPrototypeSID"":""GeneralNPC_Monolith_Armor"",""Chance"":""1""}"
vanilla/Stalker2/Content/GameLite/GameData/ItemGeneratorPrototypes.cfg,ordinary role,Monolith,CloseCombat,GeneralNPC_Monolith_CloseCombat_ItemGenerator,GeneralNPC_Monolith_CloseCombat_ItemGenerator,[0],"{""SID"":""GeneralNPC_Monolith_CloseCombat_ItemGenerator"",""RefreshTime"":""1d"",""SpecificRewardSound"":""EUISound::SystemNotificationNews""}",[5],SubItemGenerator,,,,{},[1],GeneralNPC_Monolith_CloseCombat_ItemGenerator.ItemGenerator.[5].PossibleItems.[1],,GeneralNPC_Monolith_WeaponPistol,chance,,0.3,,,,,,,"{""ItemGeneratorPrototypeSID"":""GeneralNPC_Monolith_WeaponPistol"",""Chance"":""0.3""}"
vanilla/Stalker2/Content/GameLite/GameData/ItemGeneratorPrototypes.cfg,ordinary role,Monolith,CloseCombat,GeneralNPC_Monolith_CloseCombat_ItemGenerator,GeneralNPC_Monolith_CloseCombat_ItemGenerator,[0],"{""SID"":""GeneralNPC_Monolith_CloseCombat_ItemGenerator"",""RefreshTime"":""1d"",""SpecificRewardSound"":""EUISound::SystemNotificationNews""}",[6],SubItemGenerator,,,,{},[0],GeneralNPC_Monolith_CloseCombat_ItemGenerator.ItemGenerator.[6].PossibleItems.[0],,GeneralNPC_Consumables_Noon,weight,1,,,,,,,,"{""ItemGeneratorPrototypeSID"":""GeneralNPC_Consumables_Noon"",""Weight"":""1""}"
vanilla/Stalker2/Content/GameLite/GameData/ItemGeneratorPrototypes.cfg,ordinary role,Monolith,CloseCombat,GeneralNPC_Monolith_CloseCombat_ItemGenerator,GeneralNPC_Monolith_CloseCombat_ItemGenerator,[0],"{""SID"":""GeneralNPC_Monolith_CloseCombat_ItemGenerator"",""RefreshTime"":""1d"",""SpecificRewardSound"":""EUISound::SystemNotificationNews""}",[7],Detector,,,,{},[0],GeneralNPC_Monolith_CloseCombat_ItemGenerator.ItemGenerator.[7].PossibleItems.[0],Echo,,chance,,0.05,1,,,,,,"{""ItemPrototypeSID"":""Echo"",""Chance"":""0.05"",""MinCount"":""1""}"
vanilla/Stalker2/Content/GameLite/GameData/ItemGeneratorPrototypes.cfg,ordinary role,Monolith,CloseCombat,GeneralNPC_Monolith_CloseCombat_ItemGenerator,GeneralNPC_Monolith_CloseCombat_ItemGenerator,[0],"{""SID"":""GeneralNPC_Monolith_CloseCombat_ItemGenerator"",""RefreshTime"":""1d"",""SpecificRewardSound"":""EUISound::SystemNotificationNews""}",[8],Artifact,,,,{},[0],GeneralNPC_Monolith_CloseCombat_ItemGenerator.ItemGenerator.[8].PossibleItems.[0],GrenadeRGD5,,chance,,0.2,1,1,,,,,"{""ItemPrototypeSID"":""GrenadeRGD5"",""Chance"":""0.2"",""MinCount"":""1"",""MaxCount"":""1""}"
vanilla/Stalker2/Content/GameLite/GameData/ItemGeneratorPrototypes.cfg,ordinary role,Monolith,CloseCombat,GeneralNPC_Monolith_CloseCombat_ItemGenerator,GeneralNPC_Monolith_CloseCombat_ItemGenerator,[0],"{""SID"":""GeneralNPC_Monolith_CloseCombat_ItemGenerator"",""RefreshTime"":""1d"",""SpecificRewardSound"":""EUISound::SystemNotificationNews""}",[9],SubItemGenerator,,,,{},[0],GeneralNPC_Monolith_CloseCombat_ItemGenerator.ItemGenerator.[9].PossibleItems.[0],,GeneralNPC_Monolith_NVG,chance,,1,,,,,,,"{""ItemGeneratorPrototypeSID"":""GeneralNPC_Monolith_NVG"",""Chance"":""1""}"
vanilla/Stalker2/Content/GameLite/GameData/ItemGeneratorPrototypes.cfg,ordinary role,Monolith,Recon,GeneralNPC_Monolith_Recon_ItemGenerator,GeneralNPC_Monolith_Recon_ItemGenerator,[0],"{""SID"":""GeneralNPC_Monolith_Recon_ItemGenerator"",""RefreshTime"":""1d"",""SpecificRewardSound"":""EUISound::SystemNotificationNews""}",[0],WeaponPrimary,"ERank::Newbie, ERank::Experienced",,,{},[0],GeneralNPC_Monolith_Recon_ItemGenerator.ItemGenerator.[0].PossibleItems.[0],GunViper_PP,,weight,1000,,,,0,5,0.25,0.5,"{""ItemPrototypeSID"":""GunViper_PP"",""Weight"":""1000"",""MinDurability"":""0.25"",""MaxDurability"":""0.5"",""AmmoMinCount"":""0"",""AmmoMaxCount"":""5""}"
vanilla/Stalker2/Content/GameLite/GameData/ItemGeneratorPrototypes.cfg,ordinary role,Monolith,Recon,GeneralNPC_Monolith_Recon_ItemGenerator,GeneralNPC_Monolith_Recon_ItemGenerator,[0],"{""SID"":""GeneralNPC_Monolith_Recon_ItemGenerator"",""RefreshTime"":""1d"",""SpecificRewardSound"":""EUISound::SystemNotificationNews""}",[0],WeaponPrimary,"ERank::Newbie, ERank::Experienced",,,{},[1],GeneralNPC_Monolith_Recon_ItemGenerator.ItemGenerator.[0].PossibleItems.[1],GunAKU_PP,,weight,1000,,,,0,5,0.25,0.5,"{""ItemPrototypeSID"":""GunAKU_PP"",""Weight"":""1000"",""MinDurability"":""0.25"",""MaxDurability"":""0.5"",""AmmoMinCount"":""0"",""AmmoMaxCount"":""5""}"
vanilla/Stalker2/Content/GameLite/GameData/ItemGeneratorPrototypes.cfg,ordinary role,Monolith,Recon,GeneralNPC_Monolith_Recon_ItemGenerator,GeneralNPC_Monolith_Recon_ItemGenerator,[0],"{""SID"":""GeneralNPC_Monolith_Recon_ItemGenerator"",""RefreshTime"":""1d"",""SpecificRewardSound"":""EUISound::SystemNotificationNews""}",[0],WeaponPrimary,"ERank::Newbie, ERank::Experienced",,,{},[2],GeneralNPC_Monolith_Recon_ItemGenerator.ItemGenerator.[0].PossibleItems.[2],GunBucket_PP,,weight,100,,,,0,5,0.25,0.5,"{""ItemPrototypeSID"":""GunBucket_PP"",""Weight"":""100"",""MinDurability"":""0.25"",""MaxDurability"":""0.5"",""AmmoMinCount"":""0"",""AmmoMaxCount"":""5""}"
vanilla/Stalker2/Content/GameLite/GameData/ItemGeneratorPrototypes.cfg,ordinary role,Monolith,Recon,GeneralNPC_Monolith_Recon_ItemGenerator,GeneralNPC_Monolith_Recon_ItemGenerator,[0],"{""SID"":""GeneralNPC_Monolith_Recon_ItemGenerator"",""RefreshTime"":""1d"",""SpecificRewardSound"":""EUISound::SystemNotificationNews""}",[0],WeaponPrimary,"ERank::Newbie, ERank::Experienced",,,{},[3],GeneralNPC_Monolith_Recon_ItemGenerator.ItemGenerator.[0].PossibleItems.[3],GunFora230_PP,,weight,100,,,,0,7,0.25,0.5,"{""ItemPrototypeSID"":""GunFora230_PP"",""Weight"":""100"",""MinDurability"":""0.25"",""MaxDurability"":""0.5"",""AmmoMinCount"":""0"",""AmmoMaxCount"":""7""}"
vanilla/Stalker2/Content/GameLite/GameData/ItemGeneratorPrototypes.cfg,ordinary role,Monolith,Recon,GeneralNPC_Monolith_Recon_ItemGenerator,GeneralNPC_Monolith_Recon_ItemGenerator,[0],"{""SID"":""GeneralNPC_Monolith_Recon_ItemGenerator"",""RefreshTime"":""1d"",""SpecificRewardSound"":""EUISound::SystemNotificationNews""}",[1],WeaponPrimary,ERank::Veteran,,,{},[0],GeneralNPC_Monolith_Recon_ItemGenerator.ItemGenerator.[1].PossibleItems.[0],GunIntegral_PP,,weight,100,,,,0,7,0.25,0.5,"{""ItemPrototypeSID"":""GunIntegral_PP"",""Weight"":""100"",""MinDurability"":""0.25"",""MaxDurability"":""0.5"",""AmmoMinCount"":""0"",""AmmoMaxCount"":""7""}"
vanilla/Stalker2/Content/GameLite/GameData/ItemGeneratorPrototypes.cfg,ordinary role,Monolith,Recon,GeneralNPC_Monolith_Recon_ItemGenerator,GeneralNPC_Monolith_Recon_ItemGenerator,[0],"{""SID"":""GeneralNPC_Monolith_Recon_ItemGenerator"",""RefreshTime"":""1d"",""SpecificRewardSound"":""EUISound::SystemNotificationNews""}",[1],WeaponPrimary,ERank::Veteran,,,{},[1],GeneralNPC_Monolith_Recon_ItemGenerator.ItemGenerator.[1].PossibleItems.[1],GunAKU_PP,,weight,400,,,,0,5,0.25,0.5,"{""ItemPrototypeSID"":""GunAKU_PP"",""Weight"":""400"",""MinDurability"":""0.25"",""MaxDurability"":""0.5"",""AmmoMinCount"":""0"",""AmmoMaxCount"":""5""}"
vanilla/Stalker2/Content/GameLite/GameData/ItemGeneratorPrototypes.cfg,ordinary role,Monolith,Recon,GeneralNPC_Monolith_Recon_ItemGenerator,GeneralNPC_Monolith_Recon_ItemGenerator,[0],"{""SID"":""GeneralNPC_Monolith_Recon_ItemGenerator"",""RefreshTime"":""1d"",""SpecificRewardSound"":""EUISound::SystemNotificationNews""}",[1],WeaponPrimary,ERank::Veteran,,,{},[2],GeneralNPC_Monolith_Recon_ItemGenerator.ItemGenerator.[1].PossibleItems.[2],GunBucket_PP,,weight,1000,,,,0,5,0.25,0.5,"{""ItemPrototypeSID"":""GunBucket_PP"",""Weight"":""1000"",""MinDurability"":""0.25"",""MaxDurability"":""0.5"",""AmmoMinCount"":""0"",""AmmoMaxCount"":""5""}"
vanilla/Stalker2/Content/GameLite/GameData/ItemGeneratorPrototypes.cfg,ordinary role,Monolith,Recon,GeneralNPC_Monolith_Recon_ItemGenerator,GeneralNPC_Monolith_Recon_ItemGenerator,[0],"{""SID"":""GeneralNPC_Monolith_Recon_ItemGenerator"",""RefreshTime"":""1d"",""SpecificRewardSound"":""EUISound::SystemNotificationNews""}",[1],WeaponPrimary,ERank::Veteran,,,{},[3],GeneralNPC_Monolith_Recon_ItemGenerator.ItemGenerator.[1].PossibleItems.[3],GunFora230_PP,,weight,1000,,,,0,7,0.25,0.5,"{""ItemPrototypeSID"":""GunFora230_PP"",""Weight"":""1000"",""MinDurability"":""0.25"",""MaxDurability"":""0.5"",""AmmoMinCount"":""0"",""AmmoMaxCount"":""7""}"
vanilla/Stalker2/Content/GameLite/GameData/ItemGeneratorPrototypes.cfg,ordinary role,Monolith,Recon,GeneralNPC_Monolith_Recon_ItemGenerator,GeneralNPC_Monolith_Recon_ItemGenerator,[0],"{""SID"":""GeneralNPC_Monolith_Recon_ItemGenerator"",""RefreshTime"":""1d"",""SpecificRewardSound"":""EUISound::SystemNotificationNews""}",[2],WeaponPrimary,ERank::Master,,,{},[0],GeneralNPC_Monolith_Recon_ItemGenerator.ItemGenerator.[2].PossibleItems.[0],GunIntegral_PP,,weight,1000,,,,0,7,0.25,0.5,"{""ItemPrototypeSID"":""GunIntegral_PP"",""Weight"":""1000"",""MinDurability"":""0.25"",""MaxDurability"":""0.5"",""AmmoMinCount"":""0"",""AmmoMaxCount"":""7""}"
vanilla/Stalker2/Content/GameLite/GameData/ItemGeneratorPrototypes.cfg,ordinary role,Monolith,Recon,GeneralNPC_Monolith_Recon_ItemGenerator,GeneralNPC_Monolith_Recon_ItemGenerator,[0],"{""SID"":""GeneralNPC_Monolith_Recon_ItemGenerator"",""RefreshTime"":""1d"",""SpecificRewardSound"":""EUISound::SystemNotificationNews""}",[2],WeaponPrimary,ERank::Master,,,{},[1],GeneralNPC_Monolith_Recon_ItemGenerator.ItemGenerator.[2].PossibleItems.[1],GunZubr_PP,,weight,500,,,,0,5,0.25,0.5,"{""ItemPrototypeSID"":""GunZubr_PP"",""Weight"":""500"",""MinDurability"":""0.25"",""MaxDurability"":""0.5"",""AmmoMinCount"":""0"",""AmmoMaxCount"":""5""}"
vanilla/Stalker2/Content/GameLite/GameData/ItemGeneratorPrototypes.cfg,ordinary role,Monolith,Recon,GeneralNPC_Monolith_Recon_ItemGenerator,GeneralNPC_Monolith_Recon_ItemGenerator,[0],"{""SID"":""GeneralNPC_Monolith_Recon_ItemGenerator"",""RefreshTime"":""1d"",""SpecificRewardSound"":""EUISound::SystemNotificationNews""}",[2],WeaponPrimary,ERank::Master,,,{},[2],GeneralNPC_Monolith_Recon_ItemGenerator.ItemGenerator.[2].PossibleItems.[2],GunBucket_PP,,weight,400,,,,0,5,0.25,0.5,"{""ItemPrototypeSID"":""GunBucket_PP"",""Weight"":""400"",""MinDurability"":""0.25"",""MaxDurability"":""0.5"",""AmmoMinCount"":""0"",""AmmoMaxCount"":""5""}"
vanilla/Stalker2/Content/GameLite/GameData/ItemGeneratorPrototypes.cfg,ordinary role,Monolith,Recon,GeneralNPC_Monolith_Recon_ItemGenerator,GeneralNPC_Monolith_Recon_ItemGenerator,[0],"{""SID"":""GeneralNPC_Monolith_Recon_ItemGenerator"",""RefreshTime"":""1d"",""SpecificRewardSound"":""EUISound::SystemNotificationNews""}",[2],WeaponPrimary,ERank::Master,,,{},[3],GeneralNPC_Monolith_Recon_ItemGenerator.ItemGenerator.[2].PossibleItems.[3],GunGauss_SP,,weight,100,,,,0,5,0.25,0.5,"{""ItemPrototypeSID"":""GunGauss_SP"",""Weight"":""100"",""MinDurability"":""0.25"",""MaxDurability"":""0.5"",""AmmoMinCount"":""0"",""AmmoMaxCount"":""5""}"
vanilla/Stalker2/Content/GameLite/GameData/ItemGeneratorPrototypes.cfg,ordinary role,Monolith,Recon,GeneralNPC_Monolith_Recon_ItemGenerator,GeneralNPC_Monolith_Recon_ItemGenerator,[0],"{""SID"":""GeneralNPC_Monolith_Recon_ItemGenerator"",""RefreshTime"":""1d"",""SpecificRewardSound"":""EUISound::SystemNotificationNews""}",[2],WeaponPrimary,ERank::Master,,,{},[4],GeneralNPC_Monolith_Recon_ItemGenerator.ItemGenerator.[2].PossibleItems.[4],GunFora230_PP,,weight,400,,,,0,7,0.25,0.5,"{""ItemPrototypeSID"":""GunFora230_PP"",""Weight"":""400"",""MinDurability"":""0.25"",""MaxDurability"":""0.5"",""AmmoMinCount"":""0"",""AmmoMaxCount"":""7""}"
vanilla/Stalker2/Content/GameLite/GameData/ItemGeneratorPrototypes.cfg,ordinary role,Monolith,Recon,GeneralNPC_Monolith_Recon_ItemGenerator,GeneralNPC_Monolith_Recon_ItemGenerator,[0],"{""SID"":""GeneralNPC_Monolith_Recon_ItemGenerator"",""RefreshTime"":""1d"",""SpecificRewardSound"":""EUISound::SystemNotificationNews""}",[3],SubItemGenerator,,,,{},[0],GeneralNPC_Monolith_Recon_ItemGenerator.ItemGenerator.[3].PossibleItems.[0],,GeneralNPC_Monolith_Armor,chance,,1,,,,,,,"{""ItemGeneratorPrototypeSID"":""GeneralNPC_Monolith_Armor"",""Chance"":""1""}"
vanilla/Stalker2/Content/GameLite/GameData/ItemGeneratorPrototypes.cfg,ordinary role,Monolith,Recon,GeneralNPC_Monolith_Recon_ItemGenerator,GeneralNPC_Monolith_Recon_ItemGenerator,[0],"{""SID"":""GeneralNPC_Monolith_Recon_ItemGenerator"",""RefreshTime"":""1d"",""SpecificRewardSound"":""EUISound::SystemNotificationNews""}",[3],SubItemGenerator,,,,{},[1],GeneralNPC_Monolith_Recon_ItemGenerator.ItemGenerator.[3].PossibleItems.[1],,GeneralNPC_Monolith_WeaponPistol,chance,,0.25,,,,,,,"{""ItemGeneratorPrototypeSID"":""GeneralNPC_Monolith_WeaponPistol"",""Chance"":""0.25""}"
vanilla/Stalker2/Content/GameLite/GameData/ItemGeneratorPrototypes.cfg,ordinary role,Monolith,Recon,GeneralNPC_Monolith_Recon_ItemGenerator,GeneralNPC_Monolith_Recon_ItemGenerator,[0],"{""SID"":""GeneralNPC_Monolith_Recon_ItemGenerator"",""RefreshTime"":""1d"",""SpecificRewardSound"":""EUISound::SystemNotificationNews""}",[4],SubItemGenerator,,,,{},[0],GeneralNPC_Monolith_Recon_ItemGenerator.ItemGenerator.[4].PossibleItems.[0],,GeneralNPC_Consumables_Noon,weight,1,,,,,,,,"{""ItemGeneratorPrototypeSID"":""GeneralNPC_Consumables_Noon"",""Weight"":""1""}"
vanilla/Stalker2/Content/GameLite/GameData/ItemGeneratorPrototypes.cfg,ordinary role,Monolith,Recon,GeneralNPC_Monolith_Recon_ItemGenerator,GeneralNPC_Monolith_Recon_ItemGenerator,[0],"{""SID"":""GeneralNPC_Monolith_Recon_ItemGenerator"",""RefreshTime"":""1d"",""SpecificRewardSound"":""EUISound::SystemNotificationNews""}",[5],Artifact,,,,{},[0],GeneralNPC_Monolith_Recon_ItemGenerator.ItemGenerator.[5].PossibleItems.[0],GrenadeRGD5,,chance,,0.2,1,1,,,,,"{""ItemPrototypeSID"":""GrenadeRGD5"",""Chance"":""0.2"",""MinCount"":""1"",""MaxCount"":""1""}"
vanilla/Stalker2/Content/GameLite/GameData/ItemGeneratorPrototypes.cfg,ordinary role,Monolith,Recon,GeneralNPC_Monolith_Recon_ItemGenerator,GeneralNPC_Monolith_Recon_ItemGenerator,[0],"{""SID"":""GeneralNPC_Monolith_Recon_ItemGenerator"",""RefreshTime"":""1d"",""SpecificRewardSound"":""EUISound::SystemNotificationNews""}",[6],Detector,,,,{},[0],GeneralNPC_Monolith_Recon_ItemGenerator.ItemGenerator.[6].PossibleItems.[0],Echo,,chance,,0.05,1,,,,,,"{""ItemPrototypeSID"":""Echo"",""Chance"":""0.05"",""MinCount"":""1""}"
vanilla/Stalker2/Content/GameLite/GameData/ItemGeneratorPrototypes.cfg,ordinary role,Monolith,Recon,GeneralNPC_Monolith_Recon_ItemGenerator,GeneralNPC_Monolith_Recon_ItemGenerator,[0],"{""SID"":""GeneralNPC_Monolith_Recon_ItemGenerator"",""RefreshTime"":""1d"",""SpecificRewardSound"":""EUISound::SystemNotificationNews""}",[7],SubItemGenerator,,,,{},[0],GeneralNPC_Monolith_Recon_ItemGenerator.ItemGenerator.[7].PossibleItems.[0],,GeneralNPC_Monolith_NVG,chance,,1,,,,,,,"{""ItemGeneratorPrototypeSID"":""GeneralNPC_Monolith_NVG"",""Chance"":""1""}"
vanilla/Stalker2/Content/GameLite/GameData/ItemGeneratorPrototypes.cfg,ordinary role,Monolith,Stormtrooper,GeneralNPC_Monolith_Stormtrooper_ItemGenerator,GeneralNPC_Monolith_Stormtrooper_ItemGenerator,[0],"{""SID"":""GeneralNPC_Monolith_Stormtrooper_ItemGenerator"",""RefreshTime"":""1d"",""SpecificRewardSound"":""EUISound::SystemNotificationNews""}",[0],WeaponPrimary,"ERank::Newbie, ERank::Experienced",,,{},[0],GeneralNPC_Monolith_Stormtrooper_ItemGenerator.ItemGenerator.[0].PossibleItems.[0],GunG37_ST,,weight,100,,,,0,5,0.25,0.5,"{""ItemPrototypeSID"":""GunG37_ST"",""Weight"":""100"",""MinDurability"":""0.25"",""MaxDurability"":""0.5"",""AmmoMinCount"":""0"",""AmmoMaxCount"":""5""}"
vanilla/Stalker2/Content/GameLite/GameData/ItemGeneratorPrototypes.cfg,ordinary role,Monolith,Stormtrooper,GeneralNPC_Monolith_Stormtrooper_ItemGenerator,GeneralNPC_Monolith_Stormtrooper_ItemGenerator,[0],"{""SID"":""GeneralNPC_Monolith_Stormtrooper_ItemGenerator"",""RefreshTime"":""1d"",""SpecificRewardSound"":""EUISound::SystemNotificationNews""}",[0],WeaponPrimary,"ERank::Newbie, ERank::Experienced",,,{},[1],GeneralNPC_Monolith_Stormtrooper_ItemGenerator.ItemGenerator.[0].PossibleItems.[1],GunM16_ST,,weight,1000,,,,0,5,0.25,0.5,"{""ItemPrototypeSID"":""GunM16_ST"",""Weight"":""1000"",""MinDurability"":""0.25"",""MaxDurability"":""0.5"",""AmmoMinCount"":""0"",""AmmoMaxCount"":""5""}"
vanilla/Stalker2/Content/GameLite/GameData/ItemGeneratorPrototypes.cfg,ordinary role,Monolith,Stormtrooper,GeneralNPC_Monolith_Stormtrooper_ItemGenerator,GeneralNPC_Monolith_Stormtrooper_ItemGenerator,[0],"{""SID"":""GeneralNPC_Monolith_Stormtrooper_ItemGenerator"",""RefreshTime"":""1d"",""SpecificRewardSound"":""EUISound::SystemNotificationNews""}",[0],WeaponPrimary,"ERank::Newbie, ERank::Experienced",,,{},[2],GeneralNPC_Monolith_Stormtrooper_ItemGenerator.ItemGenerator.[0].PossibleItems.[2],GunFora_ST,,weight,100,,,,4,6,0.25,0.5,"{""ItemPrototypeSID"":""GunFora_ST"",""Weight"":""100"",""MinDurability"":""0.25"",""MaxDurability"":""0.5"",""AmmoMinCount"":""4"",""AmmoMaxCount"":""6""}"
vanilla/Stalker2/Content/GameLite/GameData/ItemGeneratorPrototypes.cfg,ordinary role,Monolith,Stormtrooper,GeneralNPC_Monolith_Stormtrooper_ItemGenerator,GeneralNPC_Monolith_Stormtrooper_ItemGenerator,[0],"{""SID"":""GeneralNPC_Monolith_Stormtrooper_ItemGenerator"",""RefreshTime"":""1d"",""SpecificRewardSound"":""EUISound::SystemNotificationNews""}",[1],WeaponPrimary,ERank::Veteran,,,{},[0],GeneralNPC_Monolith_Stormtrooper_ItemGenerator.ItemGenerator.[1].PossibleItems.[0],GunG37_ST,,weight,1000,,,,0,5,0.25,0.5,"{""ItemPrototypeSID"":""GunG37_ST"",""Weight"":""1000"",""MinDurability"":""0.25"",""MaxDurability"":""0.5"",""AmmoMinCount"":""0"",""AmmoMaxCount"":""5""}"
vanilla/Stalker2/Content/GameLite/GameData/ItemGeneratorPrototypes.cfg,ordinary role,Monolith,Stormtrooper,GeneralNPC_Monolith_Stormtrooper_ItemGenerator,GeneralNPC_Monolith_Stormtrooper_ItemGenerator,[0],"{""SID"":""GeneralNPC_Monolith_Stormtrooper_ItemGenerator"",""RefreshTime"":""1d"",""SpecificRewardSound"":""EUISound::SystemNotificationNews""}",[1],WeaponPrimary,ERank::Veteran,,,{},[1],GeneralNPC_Monolith_Stormtrooper_ItemGenerator.ItemGenerator.[1].PossibleItems.[1],GunM16_ST,,weight,400,,,,0,5,0.25,0.5,"{""ItemPrototypeSID"":""GunM16_ST"",""Weight"":""400"",""MinDurability"":""0.25"",""MaxDurability"":""0.5"",""AmmoMinCount"":""0"",""AmmoMaxCount"":""5""}"
vanilla/Stalker2/Content/GameLite/GameData/ItemGeneratorPrototypes.cfg,ordinary role,Monolith,Stormtrooper,GeneralNPC_Monolith_Stormtrooper_ItemGenerator,GeneralNPC_Monolith_Stormtrooper_ItemGenerator,[0],"{""SID"":""GeneralNPC_Monolith_Stormtrooper_ItemGenerator"",""RefreshTime"":""1d"",""SpecificRewardSound"":""EUISound::SystemNotificationNews""}",[1],WeaponPrimary,ERank::Veteran,,,{},[2],GeneralNPC_Monolith_Stormtrooper_ItemGenerator.ItemGenerator.[1].PossibleItems.[2],GunFora_ST,,weight,1000,,,,4,6,0.25,0.5,"{""ItemPrototypeSID"":""GunFora_ST"",""Weight"":""1000"",""MinDurability"":""0.25"",""MaxDurability"":""0.5"",""AmmoMinCount"":""4"",""AmmoMaxCount"":""6""}"
vanilla/Stalker2/Content/GameLite/GameData/ItemGeneratorPrototypes.cfg,ordinary role,Monolith,Stormtrooper,GeneralNPC_Monolith_Stormtrooper_ItemGenerator,GeneralNPC_Monolith_Stormtrooper_ItemGenerator,[0],"{""SID"":""GeneralNPC_Monolith_Stormtrooper_ItemGenerator"",""RefreshTime"":""1d"",""SpecificRewardSound"":""EUISound::SystemNotificationNews""}",[1],WeaponPrimary,ERank::Veteran,,,{},[3],GeneralNPC_Monolith_Stormtrooper_ItemGenerator.ItemGenerator.[1].PossibleItems.[3],GunGrim_ST,,weight,100,,,,4,6,0.25,0.5,"{""ItemPrototypeSID"":""GunGrim_ST"",""Weight"":""100"",""MinDurability"":""0.25"",""MaxDurability"":""0.5"",""AmmoMinCount"":""4"",""AmmoMaxCount"":""6""}"
vanilla/Stalker2/Content/GameLite/GameData/ItemGeneratorPrototypes.cfg,ordinary role,Monolith,Stormtrooper,GeneralNPC_Monolith_Stormtrooper_ItemGenerator,GeneralNPC_Monolith_Stormtrooper_ItemGenerator,[0],"{""SID"":""GeneralNPC_Monolith_Stormtrooper_ItemGenerator"",""RefreshTime"":""1d"",""SpecificRewardSound"":""EUISound::SystemNotificationNews""}",[2],WeaponPrimary,ERank::Master,,,{},[0],GeneralNPC_Monolith_Stormtrooper_ItemGenerator.ItemGenerator.[2].PossibleItems.[0],GunG37_ST,,weight,500,,,,0,5,0.25,0.5,"{""ItemPrototypeSID"":""GunG37_ST"",""Weight"":""500"",""MinDurability"":""0.25"",""MaxDurability"":""0.5"",""AmmoMinCount"":""0"",""AmmoMaxCount"":""5""}"
vanilla/Stalker2/Content/GameLite/GameData/ItemGeneratorPrototypes.cfg,ordinary role,Monolith,Stormtrooper,GeneralNPC_Monolith_Stormtrooper_ItemGenerator,GeneralNPC_Monolith_Stormtrooper_ItemGenerator,[0],"{""SID"":""GeneralNPC_Monolith_Stormtrooper_ItemGenerator"",""RefreshTime"":""1d"",""SpecificRewardSound"":""EUISound::SystemNotificationNews""}",[2],WeaponPrimary,ERank::Master,,,{},[1],GeneralNPC_Monolith_Stormtrooper_ItemGenerator.ItemGenerator.[2].PossibleItems.[1],GunFora_ST,,weight,500,,,,0,5,0.25,0.5,"{""ItemPrototypeSID"":""GunFora_ST"",""Weight"":""500"",""MinDurability"":""0.25"",""MaxDurability"":""0.5"",""AmmoMinCount"":""0"",""AmmoMaxCount"":""5""}"
vanilla/Stalker2/Content/GameLite/GameData/ItemGeneratorPrototypes.cfg,ordinary role,Monolith,Stormtrooper,GeneralNPC_Monolith_Stormtrooper_ItemGenerator,GeneralNPC_Monolith_Stormtrooper_ItemGenerator,[0],"{""SID"":""GeneralNPC_Monolith_Stormtrooper_ItemGenerator"",""RefreshTime"":""1d"",""SpecificRewardSound"":""EUISound::SystemNotificationNews""}",[2],WeaponPrimary,ERank::Master,,,{},[2],GeneralNPC_Monolith_Stormtrooper_ItemGenerator.ItemGenerator.[2].PossibleItems.[2],GunLavina_ST,,weight,1000,,,,4,6,0.25,0.5,"{""ItemPrototypeSID"":""GunLavina_ST"",""Weight"":""1000"",""MinDurability"":""0.25"",""MaxDurability"":""0.5"",""AmmoMinCount"":""4"",""AmmoMaxCount"":""6""}"
vanilla/Stalker2/Content/GameLite/GameData/ItemGeneratorPrototypes.cfg,ordinary role,Monolith,Stormtrooper,GeneralNPC_Monolith_Stormtrooper_ItemGenerator,GeneralNPC_Monolith_Stormtrooper_ItemGenerator,[0],"{""SID"":""GeneralNPC_Monolith_Stormtrooper_ItemGenerator"",""RefreshTime"":""1d"",""SpecificRewardSound"":""EUISound::SystemNotificationNews""}",[2],WeaponPrimary,ERank::Master,,,{},[3],GeneralNPC_Monolith_Stormtrooper_ItemGenerator.ItemGenerator.[2].PossibleItems.[3],GunGrim_ST,,weight,1000,,,,4,6,0.25,0.5,"{""ItemPrototypeSID"":""GunGrim_ST"",""Weight"":""1000"",""MinDurability"":""0.25"",""MaxDurability"":""0.5"",""AmmoMinCount"":""4"",""AmmoMaxCount"":""6""}"
vanilla/Stalker2/Content/GameLite/GameData/ItemGeneratorPrototypes.cfg,ordinary role,Monolith,Stormtrooper,GeneralNPC_Monolith_Stormtrooper_ItemGenerator,GeneralNPC_Monolith_Stormtrooper_ItemGenerator,[0],"{""SID"":""GeneralNPC_Monolith_Stormtrooper_ItemGenerator"",""RefreshTime"":""1d"",""SpecificRewardSound"":""EUISound::SystemNotificationNews""}",[2],WeaponPrimary,ERank::Master,,,{},[4],GeneralNPC_Monolith_Stormtrooper_ItemGenerator.ItemGenerator.[2].PossibleItems.[4],GunKharod_ST,,weight,1000,,,,4,6,0.25,0.5,"{""ItemPrototypeSID"":""GunKharod_ST"",""Weight"":""1000"",""MinDurability"":""0.25"",""MaxDurability"":""0.5"",""AmmoMinCount"":""4"",""AmmoMaxCount"":""6""}"
vanilla/Stalker2/Content/GameLite/GameData/ItemGeneratorPrototypes.cfg,ordinary role,Monolith,Stormtrooper,GeneralNPC_Monolith_Stormtrooper_ItemGenerator,GeneralNPC_Monolith_Stormtrooper_ItemGenerator,[0],"{""SID"":""GeneralNPC_Monolith_Stormtrooper_ItemGenerator"",""RefreshTime"":""1d"",""SpecificRewardSound"":""EUISound::SystemNotificationNews""}",[2],WeaponPrimary,ERank::Master,,,{},[5],GeneralNPC_Monolith_Stormtrooper_ItemGenerator.ItemGenerator.[2].PossibleItems.[5],GunGauss_SP,,weight,100,,,,4,6,0.25,0.5,"{""ItemPrototypeSID"":""GunGauss_SP"",""Weight"":""100"",""MinDurability"":""0.25"",""MaxDurability"":""0.5"",""AmmoMinCount"":""4"",""AmmoMaxCount"":""6""}"
vanilla/Stalker2/Content/GameLite/GameData/ItemGeneratorPrototypes.cfg,ordinary role,Monolith,Stormtrooper,GeneralNPC_Monolith_Stormtrooper_ItemGenerator,GeneralNPC_Monolith_Stormtrooper_ItemGenerator,[0],"{""SID"":""GeneralNPC_Monolith_Stormtrooper_ItemGenerator"",""RefreshTime"":""1d"",""SpecificRewardSound"":""EUISound::SystemNotificationNews""}",[3],SubItemGenerator,,,,{},[0],GeneralNPC_Monolith_Stormtrooper_ItemGenerator.ItemGenerator.[3].PossibleItems.[0],,GeneralNPC_Monolith_Armor,chance,,1,,,,,,,"{""ItemGeneratorPrototypeSID"":""GeneralNPC_Monolith_Armor"",""Chance"":""1""}"
vanilla/Stalker2/Content/GameLite/GameData/ItemGeneratorPrototypes.cfg,ordinary role,Monolith,Stormtrooper,GeneralNPC_Monolith_Stormtrooper_ItemGenerator,GeneralNPC_Monolith_Stormtrooper_ItemGenerator,[0],"{""SID"":""GeneralNPC_Monolith_Stormtrooper_ItemGenerator"",""RefreshTime"":""1d"",""SpecificRewardSound"":""EUISound::SystemNotificationNews""}",[3],SubItemGenerator,,,,{},[1],GeneralNPC_Monolith_Stormtrooper_ItemGenerator.ItemGenerator.[3].PossibleItems.[1],,GeneralNPC_Monolith_WeaponPistol,chance,,0.4,,,,,,,"{""ItemGeneratorPrototypeSID"":""GeneralNPC_Monolith_WeaponPistol"",""Chance"":""0.4""}"
vanilla/Stalker2/Content/GameLite/GameData/ItemGeneratorPrototypes.cfg,ordinary role,Monolith,Stormtrooper,GeneralNPC_Monolith_Stormtrooper_ItemGenerator,GeneralNPC_Monolith_Stormtrooper_ItemGenerator,[0],"{""SID"":""GeneralNPC_Monolith_Stormtrooper_ItemGenerator"",""RefreshTime"":""1d"",""SpecificRewardSound"":""EUISound::SystemNotificationNews""}",[4],SubItemGenerator,,,,{},[0],GeneralNPC_Monolith_Stormtrooper_ItemGenerator.ItemGenerator.[4].PossibleItems.[0],,GeneralNPC_Consumables_Noon,weight,1,,,,,,,,"{""ItemGeneratorPrototypeSID"":""GeneralNPC_Consumables_Noon"",""Weight"":""1""}"
vanilla/Stalker2/Content/GameLite/GameData/ItemGeneratorPrototypes.cfg,ordinary role,Monolith,Stormtrooper,GeneralNPC_Monolith_Stormtrooper_ItemGenerator,GeneralNPC_Monolith_Stormtrooper_ItemGenerator,[0],"{""SID"":""GeneralNPC_Monolith_Stormtrooper_ItemGenerator"",""RefreshTime"":""1d"",""SpecificRewardSound"":""EUISound::SystemNotificationNews""}",[5],Artifact,,,,{},[0],GeneralNPC_Monolith_Stormtrooper_ItemGenerator.ItemGenerator.[5].PossibleItems.[0],GrenadeRGD5,,chance,,0.2,1,1,,,,,"{""ItemPrototypeSID"":""GrenadeRGD5"",""Chance"":""0.2"",""MinCount"":""1"",""MaxCount"":""1""}"
vanilla/Stalker2/Content/GameLite/GameData/ItemGeneratorPrototypes.cfg,ordinary role,Monolith,Stormtrooper,GeneralNPC_Monolith_Stormtrooper_ItemGenerator,GeneralNPC_Monolith_Stormtrooper_ItemGenerator,[0],"{""SID"":""GeneralNPC_Monolith_Stormtrooper_ItemGenerator"",""RefreshTime"":""1d"",""SpecificRewardSound"":""EUISound::SystemNotificationNews""}",[6],Detector,,,,{},[0],GeneralNPC_Monolith_Stormtrooper_ItemGenerator.ItemGenerator.[6].PossibleItems.[0],Echo,,chance,,0.05,1,,,,,,"{""ItemPrototypeSID"":""Echo"",""Chance"":""0.05"",""MinCount"":""1""}"
vanilla/Stalker2/Content/GameLite/GameData/ItemGeneratorPrototypes.cfg,ordinary role,Monolith,Stormtrooper,GeneralNPC_Monolith_Stormtrooper_ItemGenerator,GeneralNPC_Monolith_Stormtrooper_ItemGenerator,[0],"{""SID"":""GeneralNPC_Monolith_Stormtrooper_ItemGenerator"",""RefreshTime"":""1d"",""SpecificRewardSound"":""EUISound::SystemNotificationNews""}",[7],SubItemGenerator,,,,{},[0],GeneralNPC_Monolith_Stormtrooper_ItemGenerator.ItemGenerator.[7].PossibleItems.[0],,GeneralNPC_Monolith_NVG,chance,,1,,,,,,,"{""ItemGeneratorPrototypeSID"":""GeneralNPC_Monolith_NVG"",""Chance"":""1""}"
vanilla/Stalker2/Content/GameLite/GameData/ItemGeneratorPrototypes.cfg,ordinary role,Monolith,Sniper,GeneralNPC_Monolith_Sniper_ItemGenerator,GeneralNPC_Monolith_Sniper_ItemGenerator,[0],"{""SID"":""GeneralNPC_Monolith_Sniper_ItemGenerator"",""RefreshTime"":""1d"",""SpecificRewardSound"":""EUISound::SystemNotificationNews""}",[0],WeaponPrimary,"ERank::Newbie, ERank::Experienced",,,{},[0],GeneralNPC_Monolith_Sniper_ItemGenerator.ItemGenerator.[0].PossibleItems.[0],GunSVDM_SP,,weight,1000,,,,0,5,0.25,0.5,"{""ItemPrototypeSID"":""GunSVDM_SP"",""Weight"":""1000"",""MinDurability"":""0.25"",""MaxDurability"":""0.5"",""AmmoMinCount"":""0"",""AmmoMaxCount"":""5""}"
vanilla/Stalker2/Content/GameLite/GameData/ItemGeneratorPrototypes.cfg,ordinary role,Monolith,Sniper,GeneralNPC_Monolith_Sniper_ItemGenerator,GeneralNPC_Monolith_Sniper_ItemGenerator,[0],"{""SID"":""GeneralNPC_Monolith_Sniper_ItemGenerator"",""RefreshTime"":""1d"",""SpecificRewardSound"":""EUISound::SystemNotificationNews""}",[0],WeaponPrimary,"ERank::Newbie, ERank::Experienced",,,{},[1],GeneralNPC_Monolith_Sniper_ItemGenerator.ItemGenerator.[0].PossibleItems.[1],GunMark_SP,,weight,100,,,,0,5,0.25,0.5,"{""ItemPrototypeSID"":""GunMark_SP"",""Weight"":""100"",""MinDurability"":""0.25"",""MaxDurability"":""0.5"",""AmmoMinCount"":""0"",""AmmoMaxCount"":""5""}"
vanilla/Stalker2/Content/GameLite/GameData/ItemGeneratorPrototypes.cfg,ordinary role,Monolith,Sniper,GeneralNPC_Monolith_Sniper_ItemGenerator,GeneralNPC_Monolith_Sniper_ItemGenerator,[0],"{""SID"":""GeneralNPC_Monolith_Sniper_ItemGenerator"",""RefreshTime"":""1d"",""SpecificRewardSound"":""EUISound::SystemNotificationNews""}",[1],WeaponPrimary,ERank::Veteran,,"EGameDifficulty::Easy, EGameDifficulty::Medium, EGameDifficulty::Hard",{},[0],GeneralNPC_Monolith_Sniper_ItemGenerator.ItemGenerator.[1].PossibleItems.[0],GunSVDM_SP,,weight,1000,,,,3,5,0.25,0.5,"{""ItemPrototypeSID"":""GunSVDM_SP"",""Weight"":""1000"",""MinDurability"":""0.25"",""MaxDurability"":""0.5"",""AmmoMinCount"":""3"",""AmmoMaxCount"":""5""}"
vanilla/Stalker2/Content/GameLite/GameData/ItemGeneratorPrototypes.cfg,ordinary role,Monolith,Sniper,GeneralNPC_Monolith_Sniper_ItemGenerator,GeneralNPC_Monolith_Sniper_ItemGenerator,[0],"{""SID"":""GeneralNPC_Monolith_Sniper_ItemGenerator"",""RefreshTime"":""1d"",""SpecificRewardSound"":""EUISound::SystemNotificationNews""}",[1],WeaponPrimary,ERank::Veteran,,"EGameDifficulty::Easy, EGameDifficulty::Medium, EGameDifficulty::Hard",{},[1],GeneralNPC_Monolith_Sniper_ItemGenerator.ItemGenerator.[1].PossibleItems.[1],GunMark_SP,,weight,1000,,,,3,5,0.25,0.5,"{""ItemPrototypeSID"":""GunMark_SP"",""Weight"":""1000"",""MinDurability"":""0.25"",""MaxDurability"":""0.5"",""AmmoMinCount"":""3"",""AmmoMaxCount"":""5""}"
vanilla/Stalker2/Content/GameLite/GameData/ItemGeneratorPrototypes.cfg,ordinary role,Monolith,Sniper,GeneralNPC_Monolith_Sniper_ItemGenerator,GeneralNPC_Monolith_Sniper_ItemGenerator,[0],"{""SID"":""GeneralNPC_Monolith_Sniper_ItemGenerator"",""RefreshTime"":""1d"",""SpecificRewardSound"":""EUISound::SystemNotificationNews""}",[1],WeaponPrimary,ERank::Veteran,,"EGameDifficulty::Easy, EGameDifficulty::Medium, EGameDifficulty::Hard",{},[2],GeneralNPC_Monolith_Sniper_ItemGenerator.ItemGenerator.[1].PossibleItems.[2],GunM701_SP,,weight,500,,,,3,5,0.25,0.5,"{""ItemPrototypeSID"":""GunM701_SP"",""Weight"":""500"",""MinDurability"":""0.25"",""MaxDurability"":""0.5"",""AmmoMinCount"":""3"",""AmmoMaxCount"":""5""}"
vanilla/Stalker2/Content/GameLite/GameData/ItemGeneratorPrototypes.cfg,ordinary role,Monolith,Sniper,GeneralNPC_Monolith_Sniper_ItemGenerator,GeneralNPC_Monolith_Sniper_ItemGenerator,[0],"{""SID"":""GeneralNPC_Monolith_Sniper_ItemGenerator"",""RefreshTime"":""1d"",""SpecificRewardSound"":""EUISound::SystemNotificationNews""}",[1],WeaponPrimary,ERank::Veteran,,"EGameDifficulty::Easy, EGameDifficulty::Medium, EGameDifficulty::Hard",{},[3],GeneralNPC_Monolith_Sniper_ItemGenerator.ItemGenerator.[1].PossibleItems.[3],GunSKP_DMR,,weight,500,,,,0,2,0.25,0.5,"{""ItemPrototypeSID"":""GunSKP_DMR"",""Weight"":""500"",""MinDurability"":""0.25"",""MaxDurability"":""0.5"",""AmmoMinCount"":""0"",""AmmoMaxCount"":""2""}"
vanilla/Stalker2/Content/GameLite/GameData/ItemGeneratorPrototypes.cfg,ordinary role,Monolith,Sniper,GeneralNPC_Monolith_Sniper_ItemGenerator,GeneralNPC_Monolith_Sniper_ItemGenerator,[0],"{""SID"":""GeneralNPC_Monolith_Sniper_ItemGenerator"",""RefreshTime"":""1d"",""SpecificRewardSound"":""EUISound::SystemNotificationNews""}",[2],WeaponPrimary,ERank::Master,,"EGameDifficulty::Easy, EGameDifficulty::Medium, EGameDifficulty::Hard",{},[0],GeneralNPC_Monolith_Sniper_ItemGenerator.ItemGenerator.[2].PossibleItems.[0],GunMark_SP,,weight,1000,,,,3,5,0.25,0.5,"{""ItemPrototypeSID"":""GunMark_SP"",""Weight"":""1000"",""MinDurability"":""0.25"",""MaxDurability"":""0.5"",""AmmoMinCount"":""3"",""AmmoMaxCount"":""5""}"
vanilla/Stalker2/Content/GameLite/GameData/ItemGeneratorPrototypes.cfg,ordinary role,Monolith,Sniper,GeneralNPC_Monolith_Sniper_ItemGenerator,GeneralNPC_Monolith_Sniper_ItemGenerator,[0],"{""SID"":""GeneralNPC_Monolith_Sniper_ItemGenerator"",""RefreshTime"":""1d"",""SpecificRewardSound"":""EUISound::SystemNotificationNews""}",[2],WeaponPrimary,ERank::Master,,"EGameDifficulty::Easy, EGameDifficulty::Medium, EGameDifficulty::Hard",{},[1],GeneralNPC_Monolith_Sniper_ItemGenerator.ItemGenerator.[2].PossibleItems.[1],GunGauss_SP,,weight,100,,,,3,5,0.25,0.5,"{""ItemPrototypeSID"":""GunGauss_SP"",""Weight"":""100"",""MinDurability"":""0.25"",""MaxDurability"":""0.5"",""AmmoMinCount"":""3"",""AmmoMaxCount"":""5""}"
vanilla/Stalker2/Content/GameLite/GameData/ItemGeneratorPrototypes.cfg,ordinary role,Monolith,Sniper,GeneralNPC_Monolith_Sniper_ItemGenerator,GeneralNPC_Monolith_Sniper_ItemGenerator,[0],"{""SID"":""GeneralNPC_Monolith_Sniper_ItemGenerator"",""RefreshTime"":""1d"",""SpecificRewardSound"":""EUISound::SystemNotificationNews""}",[2],WeaponPrimary,ERank::Master,,"EGameDifficulty::Easy, EGameDifficulty::Medium, EGameDifficulty::Hard",{},[2],GeneralNPC_Monolith_Sniper_ItemGenerator.ItemGenerator.[2].PossibleItems.[2],GunM701_SP,,weight,500,,,,3,5,0.25,0.5,"{""ItemPrototypeSID"":""GunM701_SP"",""Weight"":""500"",""MinDurability"":""0.25"",""MaxDurability"":""0.5"",""AmmoMinCount"":""3"",""AmmoMaxCount"":""5""}"
vanilla/Stalker2/Content/GameLite/GameData/ItemGeneratorPrototypes.cfg,ordinary role,Monolith,Sniper,GeneralNPC_Monolith_Sniper_ItemGenerator,GeneralNPC_Monolith_Sniper_ItemGenerator,[0],"{""SID"":""GeneralNPC_Monolith_Sniper_ItemGenerator"",""RefreshTime"":""1d"",""SpecificRewardSound"":""EUISound::SystemNotificationNews""}",[2],WeaponPrimary,ERank::Master,,"EGameDifficulty::Easy, EGameDifficulty::Medium, EGameDifficulty::Hard",{},[3],GeneralNPC_Monolith_Sniper_ItemGenerator.ItemGenerator.[2].PossibleItems.[3],GunSVU_SP,,weight,500,,,,3,5,0.25,0.5,"{""ItemPrototypeSID"":""GunSVU_SP"",""Weight"":""500"",""MinDurability"":""0.25"",""MaxDurability"":""0.5"",""AmmoMinCount"":""3"",""AmmoMaxCount"":""5""}"
vanilla/Stalker2/Content/GameLite/GameData/ItemGeneratorPrototypes.cfg,ordinary role,Monolith,Sniper,GeneralNPC_Monolith_Sniper_ItemGenerator,GeneralNPC_Monolith_Sniper_ItemGenerator,[0],"{""SID"":""GeneralNPC_Monolith_Sniper_ItemGenerator"",""RefreshTime"":""1d"",""SpecificRewardSound"":""EUISound::SystemNotificationNews""}",[2],WeaponPrimary,ERank::Master,,"EGameDifficulty::Easy, EGameDifficulty::Medium, EGameDifficulty::Hard",{},[4],GeneralNPC_Monolith_Sniper_ItemGenerator.ItemGenerator.[2].PossibleItems.[4],GunGP3A_DMR,,weight,1000,,,,0,2,0.25,0.5,"{""ItemPrototypeSID"":""GunGP3A_DMR"",""Weight"":""1000"",""MinDurability"":""0.25"",""MaxDurability"":""0.5"",""AmmoMinCount"":""0"",""AmmoMaxCount"":""2""}"
vanilla/Stalker2/Content/GameLite/GameData/ItemGeneratorPrototypes.cfg,ordinary role,Monolith,Sniper,GeneralNPC_Monolith_Sniper_ItemGenerator,GeneralNPC_Monolith_Sniper_ItemGenerator,[0],"{""SID"":""GeneralNPC_Monolith_Sniper_ItemGenerator"",""RefreshTime"":""1d"",""SpecificRewardSound"":""EUISound::SystemNotificationNews""}",[3],WeaponPrimary,ERank::Veteran,,EGameDifficulty::Stalker,{},[0],GeneralNPC_Monolith_Sniper_ItemGenerator.ItemGenerator.[3].PossibleItems.[0],GunSVDM_SP,,weight,1000,,,,0,5,0.25,0.5,"{""ItemPrototypeSID"":""GunSVDM_SP"",""Weight"":""1000"",""MinDurability"":""0.25"",""MaxDurability"":""0.5"",""AmmoMinCount"":""0"",""AmmoMaxCount"":""5""}"
vanilla/Stalker2/Content/GameLite/GameData/ItemGeneratorPrototypes.cfg,ordinary role,Monolith,Sniper,GeneralNPC_Monolith_Sniper_ItemGenerator,GeneralNPC_Monolith_Sniper_ItemGenerator,[0],"{""SID"":""GeneralNPC_Monolith_Sniper_ItemGenerator"",""RefreshTime"":""1d"",""SpecificRewardSound"":""EUISound::SystemNotificationNews""}",[3],WeaponPrimary,ERank::Veteran,,EGameDifficulty::Stalker,{},[1],GeneralNPC_Monolith_Sniper_ItemGenerator.ItemGenerator.[3].PossibleItems.[1],GunMark_SP,,weight,1000,,,,0,5,0.25,0.5,"{""ItemPrototypeSID"":""GunMark_SP"",""Weight"":""1000"",""MinDurability"":""0.25"",""MaxDurability"":""0.5"",""AmmoMinCount"":""0"",""AmmoMaxCount"":""5""}"
vanilla/Stalker2/Content/GameLite/GameData/ItemGeneratorPrototypes.cfg,ordinary role,Monolith,Sniper,GeneralNPC_Monolith_Sniper_ItemGenerator,GeneralNPC_Monolith_Sniper_ItemGenerator,[0],"{""SID"":""GeneralNPC_Monolith_Sniper_ItemGenerator"",""RefreshTime"":""1d"",""SpecificRewardSound"":""EUISound::SystemNotificationNews""}",[3],WeaponPrimary,ERank::Veteran,,EGameDifficulty::Stalker,{},[2],GeneralNPC_Monolith_Sniper_ItemGenerator.ItemGenerator.[3].PossibleItems.[2],GunM701_SP,,weight,500,,,,0,5,0.25,0.5,"{""ItemPrototypeSID"":""GunM701_SP"",""Weight"":""500"",""MinDurability"":""0.25"",""MaxDurability"":""0.5"",""AmmoMinCount"":""0"",""AmmoMaxCount"":""5""}"
vanilla/Stalker2/Content/GameLite/GameData/ItemGeneratorPrototypes.cfg,ordinary role,Monolith,Sniper,GeneralNPC_Monolith_Sniper_ItemGenerator,GeneralNPC_Monolith_Sniper_ItemGenerator,[0],"{""SID"":""GeneralNPC_Monolith_Sniper_ItemGenerator"",""RefreshTime"":""1d"",""SpecificRewardSound"":""EUISound::SystemNotificationNews""}",[3],WeaponPrimary,ERank::Veteran,,EGameDifficulty::Stalker,{},[3],GeneralNPC_Monolith_Sniper_ItemGenerator.ItemGenerator.[3].PossibleItems.[3],GunSKP_DMR,,weight,500,,,,0,2,0.25,0.5,"{""ItemPrototypeSID"":""GunSKP_DMR"",""Weight"":""500"",""MinDurability"":""0.25"",""MaxDurability"":""0.5"",""AmmoMinCount"":""0"",""AmmoMaxCount"":""2""}"
vanilla/Stalker2/Content/GameLite/GameData/ItemGeneratorPrototypes.cfg,ordinary role,Monolith,Sniper,GeneralNPC_Monolith_Sniper_ItemGenerator,GeneralNPC_Monolith_Sniper_ItemGenerator,[0],"{""SID"":""GeneralNPC_Monolith_Sniper_ItemGenerator"",""RefreshTime"":""1d"",""SpecificRewardSound"":""EUISound::SystemNotificationNews""}",[4],WeaponPrimary,ERank::Master,,EGameDifficulty::Stalker,{},[0],GeneralNPC_Monolith_Sniper_ItemGenerator.ItemGenerator.[4].PossibleItems.[0],GunMark_SP,,weight,1000,,,,0,5,0.25,0.5,"{""ItemPrototypeSID"":""GunMark_SP"",""Weight"":""1000"",""MinDurability"":""0.25"",""MaxDurability"":""0.5"",""AmmoMinCount"":""0"",""AmmoMaxCount"":""5""}"
vanilla/Stalker2/Content/GameLite/GameData/ItemGeneratorPrototypes.cfg,ordinary role,Monolith,Sniper,GeneralNPC_Monolith_Sniper_ItemGenerator,GeneralNPC_Monolith_Sniper_ItemGenerator,[0],"{""SID"":""GeneralNPC_Monolith_Sniper_ItemGenerator"",""RefreshTime"":""1d"",""SpecificRewardSound"":""EUISound::SystemNotificationNews""}",[4],WeaponPrimary,ERank::Master,,EGameDifficulty::Stalker,{},[1],GeneralNPC_Monolith_Sniper_ItemGenerator.ItemGenerator.[4].PossibleItems.[1],GunGauss_SP,,weight,100,,,,0,5,0.25,0.5,"{""ItemPrototypeSID"":""GunGauss_SP"",""Weight"":""100"",""MinDurability"":""0.25"",""MaxDurability"":""0.5"",""AmmoMinCount"":""0"",""AmmoMaxCount"":""5""}"
vanilla/Stalker2/Content/GameLite/GameData/ItemGeneratorPrototypes.cfg,ordinary role,Monolith,Sniper,GeneralNPC_Monolith_Sniper_ItemGenerator,GeneralNPC_Monolith_Sniper_ItemGenerator,[0],"{""SID"":""GeneralNPC_Monolith_Sniper_ItemGenerator"",""RefreshTime"":""1d"",""SpecificRewardSound"":""EUISound::SystemNotificationNews""}",[4],WeaponPrimary,ERank::Master,,EGameDifficulty::Stalker,{},[2],GeneralNPC_Monolith_Sniper_ItemGenerator.ItemGenerator.[4].PossibleItems.[2],GunM701_SP,,weight,500,,,,0,5,0.25,0.5,"{""ItemPrototypeSID"":""GunM701_SP"",""Weight"":""500"",""MinDurability"":""0.25"",""MaxDurability"":""0.5"",""AmmoMinCount"":""0"",""AmmoMaxCount"":""5""}"
vanilla/Stalker2/Content/GameLite/GameData/ItemGeneratorPrototypes.cfg,ordinary role,Monolith,Sniper,GeneralNPC_Monolith_Sniper_ItemGenerator,GeneralNPC_Monolith_Sniper_ItemGenerator,[0],"{""SID"":""GeneralNPC_Monolith_Sniper_ItemGenerator"",""RefreshTime"":""1d"",""SpecificRewardSound"":""EUISound::SystemNotificationNews""}",[4],WeaponPrimary,ERank::Master,,EGameDifficulty::Stalker,{},[3],GeneralNPC_Monolith_Sniper_ItemGenerator.ItemGenerator.[4].PossibleItems.[3],GunSVU_SP,,weight,500,,,,0,5,0.25,0.5,"{""ItemPrototypeSID"":""GunSVU_SP"",""Weight"":""500"",""MinDurability"":""0.25"",""MaxDurability"":""0.5"",""AmmoMinCount"":""0"",""AmmoMaxCount"":""5""}"
vanilla/Stalker2/Content/GameLite/GameData/ItemGeneratorPrototypes.cfg,ordinary role,Monolith,Sniper,GeneralNPC_Monolith_Sniper_ItemGenerator,GeneralNPC_Monolith_Sniper_ItemGenerator,[0],"{""SID"":""GeneralNPC_Monolith_Sniper_ItemGenerator"",""RefreshTime"":""1d"",""SpecificRewardSound"":""EUISound::SystemNotificationNews""}",[4],WeaponPrimary,ERank::Master,,EGameDifficulty::Stalker,{},[4],GeneralNPC_Monolith_Sniper_ItemGenerator.ItemGenerator.[4].PossibleItems.[4],GunGP3A_DMR,,weight,1000,,,,0,2,0.25,0.5,"{""ItemPrototypeSID"":""GunGP3A_DMR"",""Weight"":""1000"",""MinDurability"":""0.25"",""MaxDurability"":""0.5"",""AmmoMinCount"":""0"",""AmmoMaxCount"":""2""}"
vanilla/Stalker2/Content/GameLite/GameData/ItemGeneratorPrototypes.cfg,ordinary role,Monolith,Sniper,GeneralNPC_Monolith_Sniper_ItemGenerator,GeneralNPC_Monolith_Sniper_ItemGenerator,[0],"{""SID"":""GeneralNPC_Monolith_Sniper_ItemGenerator"",""RefreshTime"":""1d"",""SpecificRewardSound"":""EUISound::SystemNotificationNews""}",[5],SubItemGenerator,,,,{},[0],GeneralNPC_Monolith_Sniper_ItemGenerator.ItemGenerator.[5].PossibleItems.[0],,GeneralNPC_Monolith_Armor,chance,,1,,,,,,,"{""ItemGeneratorPrototypeSID"":""GeneralNPC_Monolith_Armor"",""Chance"":""1""}"
vanilla/Stalker2/Content/GameLite/GameData/ItemGeneratorPrototypes.cfg,ordinary role,Monolith,Sniper,GeneralNPC_Monolith_Sniper_ItemGenerator,GeneralNPC_Monolith_Sniper_ItemGenerator,[0],"{""SID"":""GeneralNPC_Monolith_Sniper_ItemGenerator"",""RefreshTime"":""1d"",""SpecificRewardSound"":""EUISound::SystemNotificationNews""}",[5],SubItemGenerator,,,,{},[1],GeneralNPC_Monolith_Sniper_ItemGenerator.ItemGenerator.[5].PossibleItems.[1],,GeneralNPC_Monolith_WeaponPistol,chance,,0.5,,,,,,,"{""ItemGeneratorPrototypeSID"":""GeneralNPC_Monolith_WeaponPistol"",""Chance"":""0.5""}"
vanilla/Stalker2/Content/GameLite/GameData/ItemGeneratorPrototypes.cfg,ordinary role,Monolith,Sniper,GeneralNPC_Monolith_Sniper_ItemGenerator,GeneralNPC_Monolith_Sniper_ItemGenerator,[0],"{""SID"":""GeneralNPC_Monolith_Sniper_ItemGenerator"",""RefreshTime"":""1d"",""SpecificRewardSound"":""EUISound::SystemNotificationNews""}",[6],SubItemGenerator,,,,{},[0],GeneralNPC_Monolith_Sniper_ItemGenerator.ItemGenerator.[6].PossibleItems.[0],,GeneralNPC_Consumables_Noon,weight,1,,,,,,,,"{""ItemGeneratorPrototypeSID"":""GeneralNPC_Consumables_Noon"",""Weight"":""1""}"
vanilla/Stalker2/Content/GameLite/GameData/ItemGeneratorPrototypes.cfg,ordinary role,Monolith,Sniper,GeneralNPC_Monolith_Sniper_ItemGenerator,GeneralNPC_Monolith_Sniper_ItemGenerator,[0],"{""SID"":""GeneralNPC_Monolith_Sniper_ItemGenerator"",""RefreshTime"":""1d"",""SpecificRewardSound"":""EUISound::SystemNotificationNews""}",[7],Detector,,,,{},[0],GeneralNPC_Monolith_Sniper_ItemGenerator.ItemGenerator.[7].PossibleItems.[0],Echo,,chance,,0.05,1,,,,,,"{""ItemPrototypeSID"":""Echo"",""Chance"":""0.05"",""MinCount"":""1""}"
vanilla/Stalker2/Content/GameLite/GameData/ItemGeneratorPrototypes.cfg,ordinary role,Monolith,Sniper,GeneralNPC_Monolith_Sniper_ItemGenerator,GeneralNPC_Monolith_Sniper_ItemGenerator,[0],"{""SID"":""GeneralNPC_Monolith_Sniper_ItemGenerator"",""RefreshTime"":""1d"",""SpecificRewardSound"":""EUISound::SystemNotificationNews""}",[8],Artifact,,,,{},[0],GeneralNPC_Monolith_Sniper_ItemGenerator.ItemGenerator.[8].PossibleItems.[0],GrenadeF1,,chance,,0.2,1,1,,,,,"{""ItemPrototypeSID"":""GrenadeF1"",""Chance"":""0.2"",""MinCount"":""1"",""MaxCount"":""1""}"
vanilla/Stalker2/Content/GameLite/GameData/ItemGeneratorPrototypes.cfg,ordinary role,Monolith,Sniper,GeneralNPC_Monolith_Sniper_ItemGenerator,GeneralNPC_Monolith_Sniper_ItemGenerator,[0],"{""SID"":""GeneralNPC_Monolith_Sniper_ItemGenerator"",""RefreshTime"":""1d"",""SpecificRewardSound"":""EUISound::SystemNotificationNews""}",[9],SubItemGenerator,,,,{},[0],GeneralNPC_Monolith_Sniper_ItemGenerator.ItemGenerator.[9].PossibleItems.[0],,GeneralNPC_Monolith_NVG,chance,,1,,,,,,,"{""ItemGeneratorPrototypeSID"":""GeneralNPC_Monolith_NVG"",""Chance"":""1""}"
vanilla/Stalker2/Content/GameLite/GameData/ItemGeneratorPrototypes.cfg,shared helper,Duty,Armor_Experienced_var1,GeneralNPC_Duty_Armor_Experienced_var1,GeneralNPC_Duty_Armor_Experienced_var1,[0],"{""SID"":""GeneralNPC_Duty_Armor_Experienced_var1"",""SpecificRewardSound"":""EUISound::SystemNotificationNews""}",[0],BodyArmor,,,,{},[0],GeneralNPC_Duty_Armor_Experienced_var1.ItemGenerator.[0].PossibleItems.[0],Battle_Dolg_Armor,,chance,,1,,,,,,,"{""ItemPrototypeSID"":""Battle_Dolg_Armor"",""Chance"":""1""}"
vanilla/Stalker2/Content/GameLite/GameData/ItemGeneratorPrototypes.cfg,shared helper,Duty,Armor_Experienced_var1,GeneralNPC_Duty_Armor_Experienced_var1,GeneralNPC_Duty_Armor_Experienced_var1,[0],"{""SID"":""GeneralNPC_Duty_Armor_Experienced_var1"",""SpecificRewardSound"":""EUISound::SystemNotificationNews""}",[1],Head,,,,{},[0],GeneralNPC_Duty_Armor_Experienced_var1.ItemGenerator.[1].PossibleItems.[0],Heavy_Duty_Helmet,,chance,,0.3,,,,,,,"{""ItemPrototypeSID"":""Heavy_Duty_Helmet"",""Chance"":""0.3""}"
vanilla/Stalker2/Content/GameLite/GameData/ItemGeneratorPrototypes.cfg,shared helper,Duty,Armor_Experienced_var2,GeneralNPC_Duty_Armor_Experienced_var2,GeneralNPC_Duty_Armor_Experienced_var2,[0],"{""SID"":""GeneralNPC_Duty_Armor_Experienced_var2"",""SpecificRewardSound"":""EUISound::SystemNotificationNews""}",[0],BodyArmor,,,,{},[0],GeneralNPC_Duty_Armor_Experienced_var2.ItemGenerator.[0].PossibleItems.[0],SEVA_Dolg_Armor,,chance,,1.0,,,,,,,"{""ItemPrototypeSID"":""SEVA_Dolg_Armor"",""Chance"":""1.0""}"
vanilla/Stalker2/Content/GameLite/GameData/ItemGeneratorPrototypes.cfg,shared helper,Duty,Armor,GeneralNPC_Duty_Armor,GeneralNPC_Duty_Armor,[0],"{""SID"":""GeneralNPC_Duty_Armor"",""SpecificRewardSound"":""EUISound::SystemNotificationNews""}",[0],BodyArmor,ERank::Newbie,,,{},[0],GeneralNPC_Duty_Armor.ItemGenerator.[0].PossibleItems.[0],Rook_Dolg_Armor,,weight,1.0,,,,,,,,"{""ItemPrototypeSID"":""Rook_Dolg_Armor"",""Weight"":""1.0""}"
vanilla/Stalker2/Content/GameLite/GameData/ItemGeneratorPrototypes.cfg,shared helper,Duty,Armor,GeneralNPC_Duty_Armor,GeneralNPC_Duty_Armor,[0],"{""SID"":""GeneralNPC_Duty_Armor"",""SpecificRewardSound"":""EUISound::SystemNotificationNews""}",[1],SubItemGenerator,ERank::Experienced,,,{},[0],GeneralNPC_Duty_Armor.ItemGenerator.[1].PossibleItems.[0],,GeneralNPC_Duty_Armor_Experienced_var1,weight,2,,,,,,,,"{""ItemGeneratorPrototypeSID"":""GeneralNPC_Duty_Armor_Experienced_var1"",""Weight"":""2""}"
vanilla/Stalker2/Content/GameLite/GameData/ItemGeneratorPrototypes.cfg,shared helper,Duty,Armor,GeneralNPC_Duty_Armor,GeneralNPC_Duty_Armor,[0],"{""SID"":""GeneralNPC_Duty_Armor"",""SpecificRewardSound"":""EUISound::SystemNotificationNews""}",[1],SubItemGenerator,ERank::Experienced,,,{},[1],GeneralNPC_Duty_Armor.ItemGenerator.[1].PossibleItems.[1],,GeneralNPC_Duty_Armor_Experienced_var2,weight,1,,,,,,,,"{""ItemGeneratorPrototypeSID"":""GeneralNPC_Duty_Armor_Experienced_var2"",""Weight"":""1""}"
vanilla/Stalker2/Content/GameLite/GameData/ItemGeneratorPrototypes.cfg,shared helper,Duty,Armor,GeneralNPC_Duty_Armor,GeneralNPC_Duty_Armor,[0],"{""SID"":""GeneralNPC_Duty_Armor"",""SpecificRewardSound"":""EUISound::SystemNotificationNews""}",[2],BodyArmor,ERank::Veteran,,,{},[0],GeneralNPC_Duty_Armor.ItemGenerator.[2].PossibleItems.[0],Heavy_Dolg_Armor,,weight,1.0,,,,,,,,"{""ItemPrototypeSID"":""Heavy_Dolg_Armor"",""Weight"":""1.0""}"
vanilla/Stalker2/Content/GameLite/GameData/ItemGeneratorPrototypes.cfg,shared helper,Duty,Armor,GeneralNPC_Duty_Armor,GeneralNPC_Duty_Armor,[0],"{""SID"":""GeneralNPC_Duty_Armor"",""SpecificRewardSound"":""EUISound::SystemNotificationNews""}",[3],BodyArmor,ERank::Master,,,{},[0],GeneralNPC_Duty_Armor.ItemGenerator.[3].PossibleItems.[0],HeavyExoskeleton_Dolg_Armor,,weight,4.0,,,,,,,,"{""ItemPrototypeSID"":""HeavyExoskeleton_Dolg_Armor"",""Weight"":""4.0""}"
vanilla/Stalker2/Content/GameLite/GameData/ItemGeneratorPrototypes.cfg,shared helper,Duty,Armor,GeneralNPC_Duty_Armor,GeneralNPC_Duty_Armor,[0],"{""SID"":""GeneralNPC_Duty_Armor"",""SpecificRewardSound"":""EUISound::SystemNotificationNews""}",[3],BodyArmor,ERank::Master,,,{},[1],GeneralNPC_Duty_Armor.ItemGenerator.[3].PossibleItems.[1],Exoskeleton_Dolg_Armor,,weight,3.0,,,,,,,,"{""ItemPrototypeSID"":""Exoskeleton_Dolg_Armor"",""Weight"":""3.0""}"
vanilla/Stalker2/Content/GameLite/GameData/ItemGeneratorPrototypes.cfg,shared helper,Duty,Armor,GeneralNPC_Duty_Armor,GeneralNPC_Duty_Armor,[0],"{""SID"":""GeneralNPC_Duty_Armor"",""SpecificRewardSound"":""EUISound::SystemNotificationNews""}",[3],BodyArmor,ERank::Master,,,{},[2],GeneralNPC_Duty_Armor.ItemGenerator.[3].PossibleItems.[2],Heavy_Dolg_Armor,,weight,3.0,,,,,,,,"{""ItemPrototypeSID"":""Heavy_Dolg_Armor"",""Weight"":""3.0""}"
vanilla/Stalker2/Content/GameLite/GameData/ItemGeneratorPrototypes.cfg,shared helper,Duty,Armor,GeneralNPC_Duty_Armor,GeneralNPC_Duty_Armor,[0],"{""SID"":""GeneralNPC_Duty_Armor"",""SpecificRewardSound"":""EUISound::SystemNotificationNews""}",[4],Head,ERank::Newbie,,,{},[0],GeneralNPC_Duty_Armor.ItemGenerator.[4].PossibleItems.[0],Light_Duty_Helmet,,chance,,0.3,,,,,,,"{""ItemPrototypeSID"":""Light_Duty_Helmet"",""Chance"":""0.3""}"
vanilla/Stalker2/Content/GameLite/GameData/ItemGeneratorPrototypes.cfg,ordinary role,Duty,CloseCombat,GeneralNPC_Duty_CloseCombat_ItemGenerator,GeneralNPC_Duty_CloseCombat_ItemGenerator,[0],"{""SID"":""GeneralNPC_Duty_CloseCombat_ItemGenerator"",""RefreshTime"":""1d"",""SpecificRewardSound"":""EUISound::SystemNotificationNews""}",[0],WeaponPrimary,"ERank::Newbie, ERank::Experienced",,,{},[0],GeneralNPC_Duty_CloseCombat_ItemGenerator.ItemGenerator.[0].PossibleItems.[0],GunTOZ_SG,,weight,1000,,,,0,5,0.25,0.5,"{""ItemPrototypeSID"":""GunTOZ_SG"",""Weight"":""1000"",""MinDurability"":""0.25"",""MaxDurability"":""0.5"",""AmmoMinCount"":""0"",""AmmoMaxCount"":""5""}"
vanilla/Stalker2/Content/GameLite/GameData/ItemGeneratorPrototypes.cfg,ordinary role,Duty,CloseCombat,GeneralNPC_Duty_CloseCombat_ItemGenerator,GeneralNPC_Duty_CloseCombat_ItemGenerator,[0],"{""SID"":""GeneralNPC_Duty_CloseCombat_ItemGenerator"",""RefreshTime"":""1d"",""SpecificRewardSound"":""EUISound::SystemNotificationNews""}",[0],WeaponPrimary,"ERank::Newbie, ERank::Experienced",,,{},[1],GeneralNPC_Duty_CloseCombat_ItemGenerator.ItemGenerator.[0].PossibleItems.[1],GunM860_SG,,weight,1000,,,,0,5,0.25,0.5,"{""ItemPrototypeSID"":""GunM860_SG"",""Weight"":""1000"",""MinDurability"":""0.25"",""MaxDurability"":""0.5"",""AmmoMinCount"":""0"",""AmmoMaxCount"":""5""}"
vanilla/Stalker2/Content/GameLite/GameData/ItemGeneratorPrototypes.cfg,ordinary role,Duty,CloseCombat,GeneralNPC_Duty_CloseCombat_ItemGenerator,GeneralNPC_Duty_CloseCombat_ItemGenerator,[0],"{""SID"":""GeneralNPC_Duty_CloseCombat_ItemGenerator"",""RefreshTime"":""1d"",""SpecificRewardSound"":""EUISound::SystemNotificationNews""}",[1],WeaponPrimary,ERank::Veteran,,"EGameDifficulty::Easy, EGameDifficulty::Medium, EGameDifficulty::Hard",{},[0],GeneralNPC_Duty_CloseCombat_ItemGenerator.ItemGenerator.[1].PossibleItems.[0],GunM860_SG,,weight,1000,,,,2,4,0.25,0.5,"{""ItemPrototypeSID"":""GunM860_SG"",""Weight"":""1000"",""MinDurability"":""0.25"",""MaxDurability"":""0.5"",""AmmoMinCount"":""2"",""AmmoMaxCount"":""4""}"
vanilla/Stalker2/Content/GameLite/GameData/ItemGeneratorPrototypes.cfg,ordinary role,Duty,CloseCombat,GeneralNPC_Duty_CloseCombat_ItemGenerator,GeneralNPC_Duty_CloseCombat_ItemGenerator,[0],"{""SID"":""GeneralNPC_Duty_CloseCombat_ItemGenerator"",""RefreshTime"":""1d"",""SpecificRewardSound"":""EUISound::SystemNotificationNews""}",[2],WeaponPrimary,ERank::Master,,"EGameDifficulty::Easy, EGameDifficulty::Medium, EGameDifficulty::Hard",{},[0],GeneralNPC_Duty_CloseCombat_ItemGenerator.ItemGenerator.[2].PossibleItems.[0],GunD12_SG,,weight,500,,,,2,4,0.25,0.5,"{""ItemPrototypeSID"":""GunD12_SG"",""Weight"":""500"",""MinDurability"":""0.25"",""MaxDurability"":""0.5"",""AmmoMinCount"":""2"",""AmmoMaxCount"":""4""}"
vanilla/Stalker2/Content/GameLite/GameData/ItemGeneratorPrototypes.cfg,ordinary role,Duty,CloseCombat,GeneralNPC_Duty_CloseCombat_ItemGenerator,GeneralNPC_Duty_CloseCombat_ItemGenerator,[0],"{""SID"":""GeneralNPC_Duty_CloseCombat_ItemGenerator"",""RefreshTime"":""1d"",""SpecificRewardSound"":""EUISound::SystemNotificationNews""}",[2],WeaponPrimary,ERank::Master,,"EGameDifficulty::Easy, EGameDifficulty::Medium, EGameDifficulty::Hard",{},[1],GeneralNPC_Duty_CloseCombat_ItemGenerator.ItemGenerator.[2].PossibleItems.[1],GunM860_SG,,weight,1000,,,,2,4,0.25,0.5,"{""ItemPrototypeSID"":""GunM860_SG"",""Weight"":""1000"",""MinDurability"":""0.25"",""MaxDurability"":""0.5"",""AmmoMinCount"":""2"",""AmmoMaxCount"":""4""}"
vanilla/Stalker2/Content/GameLite/GameData/ItemGeneratorPrototypes.cfg,ordinary role,Duty,CloseCombat,GeneralNPC_Duty_CloseCombat_ItemGenerator,GeneralNPC_Duty_CloseCombat_ItemGenerator,[0],"{""SID"":""GeneralNPC_Duty_CloseCombat_ItemGenerator"",""RefreshTime"":""1d"",""SpecificRewardSound"":""EUISound::SystemNotificationNews""}",[3],WeaponPrimary,ERank::Veteran,,EGameDifficulty::Stalker,{},[0],GeneralNPC_Duty_CloseCombat_ItemGenerator.ItemGenerator.[3].PossibleItems.[0],GunM860_SG,,weight,1000,,,,1,4,0.25,0.5,"{""ItemPrototypeSID"":""GunM860_SG"",""Weight"":""1000"",""MinDurability"":""0.25"",""MaxDurability"":""0.5"",""AmmoMinCount"":""1"",""AmmoMaxCount"":""4""}"
vanilla/Stalker2/Content/GameLite/GameData/ItemGeneratorPrototypes.cfg,ordinary role,Duty,CloseCombat,GeneralNPC_Duty_CloseCombat_ItemGenerator,GeneralNPC_Duty_CloseCombat_ItemGenerator,[0],"{""SID"":""GeneralNPC_Duty_CloseCombat_ItemGenerator"",""RefreshTime"":""1d"",""SpecificRewardSound"":""EUISound::SystemNotificationNews""}",[4],WeaponPrimary,ERank::Master,,EGameDifficulty::Stalker,{},[0],GeneralNPC_Duty_CloseCombat_ItemGenerator.ItemGenerator.[4].PossibleItems.[0],GunD12_SG,,weight,500,,,,1,4,0.25,0.5,"{""ItemPrototypeSID"":""GunD12_SG"",""Weight"":""500"",""MinDurability"":""0.25"",""MaxDurability"":""0.5"",""AmmoMinCount"":""1"",""AmmoMaxCount"":""4""}"
vanilla/Stalker2/Content/GameLite/GameData/ItemGeneratorPrototypes.cfg,ordinary role,Duty,CloseCombat,GeneralNPC_Duty_CloseCombat_ItemGenerator,GeneralNPC_Duty_CloseCombat_ItemGenerator,[0],"{""SID"":""GeneralNPC_Duty_CloseCombat_ItemGenerator"",""RefreshTime"":""1d"",""SpecificRewardSound"":""EUISound::SystemNotificationNews""}",[4],WeaponPrimary,ERank::Master,,EGameDifficulty::Stalker,{},[1],GeneralNPC_Duty_CloseCombat_ItemGenerator.ItemGenerator.[4].PossibleItems.[1],GunM860_SG,,weight,1000,,,,1,4,0.25,0.5,"{""ItemPrototypeSID"":""GunM860_SG"",""Weight"":""1000"",""MinDurability"":""0.25"",""MaxDurability"":""0.5"",""AmmoMinCount"":""1"",""AmmoMaxCount"":""4""}"
vanilla/Stalker2/Content/GameLite/GameData/ItemGeneratorPrototypes.cfg,ordinary role,Duty,CloseCombat,GeneralNPC_Duty_CloseCombat_ItemGenerator,GeneralNPC_Duty_CloseCombat_ItemGenerator,[0],"{""SID"":""GeneralNPC_Duty_CloseCombat_ItemGenerator"",""RefreshTime"":""1d"",""SpecificRewardSound"":""EUISound::SystemNotificationNews""}",[5],SubItemGenerator,,,,{},[0],GeneralNPC_Duty_CloseCombat_ItemGenerator.ItemGenerator.[5].PossibleItems.[0],,GeneralNPC_Duty_Armor,chance,,1,,,,,,,"{""ItemGeneratorPrototypeSID"":""GeneralNPC_Duty_Armor"",""Chance"":""1""}"
vanilla/Stalker2/Content/GameLite/GameData/ItemGeneratorPrototypes.cfg,ordinary role,Duty,CloseCombat,GeneralNPC_Duty_CloseCombat_ItemGenerator,GeneralNPC_Duty_CloseCombat_ItemGenerator,[0],"{""SID"":""GeneralNPC_Duty_CloseCombat_ItemGenerator"",""RefreshTime"":""1d"",""SpecificRewardSound"":""EUISound::SystemNotificationNews""}",[5],SubItemGenerator,,,,{},[1],GeneralNPC_Duty_CloseCombat_ItemGenerator.ItemGenerator.[5].PossibleItems.[1],,GeneralNPC_Duty_WeaponPistol,chance,,0.4,,,,,,,"{""ItemGeneratorPrototypeSID"":""GeneralNPC_Duty_WeaponPistol"",""Chance"":""0.4""}"
vanilla/Stalker2/Content/GameLite/GameData/ItemGeneratorPrototypes.cfg,ordinary role,Duty,CloseCombat,GeneralNPC_Duty_CloseCombat_ItemGenerator,GeneralNPC_Duty_CloseCombat_ItemGenerator,[0],"{""SID"":""GeneralNPC_Duty_CloseCombat_ItemGenerator"",""RefreshTime"":""1d"",""SpecificRewardSound"":""EUISound::SystemNotificationNews""}",[6],SubItemGenerator,,,,{},[0],GeneralNPC_Duty_CloseCombat_ItemGenerator.ItemGenerator.[6].PossibleItems.[0],,GeneralNPC_Consumables_CloseCombat,weight,1,,,,,,,,"{""ItemGeneratorPrototypeSID"":""GeneralNPC_Consumables_CloseCombat"",""Weight"":""1""}"
vanilla/Stalker2/Content/GameLite/GameData/ItemGeneratorPrototypes.cfg,ordinary role,Duty,CloseCombat,GeneralNPC_Duty_CloseCombat_ItemGenerator,GeneralNPC_Duty_CloseCombat_ItemGenerator,[0],"{""SID"":""GeneralNPC_Duty_CloseCombat_ItemGenerator"",""RefreshTime"":""1d"",""SpecificRewardSound"":""EUISound::SystemNotificationNews""}",[7],Artifact,,,,{},[0],GeneralNPC_Duty_CloseCombat_ItemGenerator.ItemGenerator.[7].PossibleItems.[0],GrenadeRGD5,,chance,,0.2,1,1,,,,,"{""ItemPrototypeSID"":""GrenadeRGD5"",""Chance"":""0.2"",""MinCount"":""1"",""MaxCount"":""1""}"
vanilla/Stalker2/Content/GameLite/GameData/ItemGeneratorPrototypes.cfg,ordinary role,Duty,CloseCombat,GeneralNPC_Duty_CloseCombat_ItemGenerator,GeneralNPC_Duty_CloseCombat_ItemGenerator,[0],"{""SID"":""GeneralNPC_Duty_CloseCombat_ItemGenerator"",""RefreshTime"":""1d"",""SpecificRewardSound"":""EUISound::SystemNotificationNews""}",[8],Detector,,,,{},[0],GeneralNPC_Duty_CloseCombat_ItemGenerator.ItemGenerator.[8].PossibleItems.[0],Echo,,chance,,0.05,1,,,,,,"{""ItemPrototypeSID"":""Echo"",""Chance"":""0.05"",""MinCount"":""1""}"
vanilla/Stalker2/Content/GameLite/GameData/ItemGeneratorPrototypes.cfg,ordinary role,Duty,CloseCombat,GeneralNPC_Duty_CloseCombat_ItemGenerator,GeneralNPC_Duty_CloseCombat_ItemGenerator,[0],"{""SID"":""GeneralNPC_Duty_CloseCombat_ItemGenerator"",""RefreshTime"":""1d"",""SpecificRewardSound"":""EUISound::SystemNotificationNews""}",[9],SubItemGenerator,,,,{},[0],GeneralNPC_Duty_CloseCombat_ItemGenerator.ItemGenerator.[9].PossibleItems.[0],,GeneralNPC_Duty_NVG,chance,,1,,,,,,,"{""ItemGeneratorPrototypeSID"":""GeneralNPC_Duty_NVG"",""Chance"":""1""}"
vanilla/Stalker2/Content/GameLite/GameData/ItemGeneratorPrototypes.cfg,ordinary role,Duty,Recon,GeneralNPC_Duty_Recon_ItemGenerator,GeneralNPC_Duty_Recon_ItemGenerator,[0],"{""SID"":""GeneralNPC_Duty_Recon_ItemGenerator"",""RefreshTime"":""1d"",""SpecificRewardSound"":""EUISound::SystemNotificationNews""}",[0],WeaponPrimary,"ERank::Newbie, ERank::Experienced",,,{},[0],GeneralNPC_Duty_Recon_ItemGenerator.ItemGenerator.[0].PossibleItems.[0],GunAKU_PP,,weight,1000,,,,0,5,0.25,0.5,"{""ItemPrototypeSID"":""GunAKU_PP"",""Weight"":""1000"",""MinDurability"":""0.25"",""MaxDurability"":""0.5"",""AmmoMinCount"":""0"",""AmmoMaxCount"":""5""}"
vanilla/Stalker2/Content/GameLite/GameData/ItemGeneratorPrototypes.cfg,ordinary role,Duty,Recon,GeneralNPC_Duty_Recon_ItemGenerator,GeneralNPC_Duty_Recon_ItemGenerator,[0],"{""SID"":""GeneralNPC_Duty_Recon_ItemGenerator"",""RefreshTime"":""1d"",""SpecificRewardSound"":""EUISound::SystemNotificationNews""}",[0],WeaponPrimary,"ERank::Newbie, ERank::Experienced",,,{},[1],GeneralNPC_Duty_Recon_ItemGenerator.ItemGenerator.[0].PossibleItems.[1],GunBucket_PP,,weight,100,,,,0,5,0.25,0.5,"{""ItemPrototypeSID"":""GunBucket_PP"",""Weight"":""100"",""MinDurability"":""0.25"",""MaxDurability"":""0.5"",""AmmoMinCount"":""0"",""AmmoMaxCount"":""5""}"
vanilla/Stalker2/Content/GameLite/GameData/ItemGeneratorPrototypes.cfg,ordinary role,Duty,Recon,GeneralNPC_Duty_Recon_ItemGenerator,GeneralNPC_Duty_Recon_ItemGenerator,[0],"{""SID"":""GeneralNPC_Duty_Recon_ItemGenerator"",""RefreshTime"":""1d"",""SpecificRewardSound"":""EUISound::SystemNotificationNews""}",[1],WeaponPrimary,ERank::Veteran,,,{},[0],GeneralNPC_Duty_Recon_ItemGenerator.ItemGenerator.[1].PossibleItems.[0],GunAKU_PP,,weight,400,,,,0,5,0.25,0.5,"{""ItemPrototypeSID"":""GunAKU_PP"",""Weight"":""400"",""MinDurability"":""0.25"",""MaxDurability"":""0.5"",""AmmoMinCount"":""0"",""AmmoMaxCount"":""5""}"
vanilla/Stalker2/Content/GameLite/GameData/ItemGeneratorPrototypes.cfg,ordinary role,Duty,Recon,GeneralNPC_Duty_Recon_ItemGenerator,GeneralNPC_Duty_Recon_ItemGenerator,[0],"{""SID"":""GeneralNPC_Duty_Recon_ItemGenerator"",""RefreshTime"":""1d"",""SpecificRewardSound"":""EUISound::SystemNotificationNews""}",[1],WeaponPrimary,ERank::Veteran,,,{},[1],GeneralNPC_Duty_Recon_ItemGenerator.ItemGenerator.[1].PossibleItems.[1],GunBucket_PP,,weight,1000,,,,0,5,0.25,0.5,"{""ItemPrototypeSID"":""GunBucket_PP"",""Weight"":""1000"",""MinDurability"":""0.25"",""MaxDurability"":""0.5"",""AmmoMinCount"":""0"",""AmmoMaxCount"":""5""}"
vanilla/Stalker2/Content/GameLite/GameData/ItemGeneratorPrototypes.cfg,ordinary role,Duty,Recon,GeneralNPC_Duty_Recon_ItemGenerator,GeneralNPC_Duty_Recon_ItemGenerator,[0],"{""SID"":""GeneralNPC_Duty_Recon_ItemGenerator"",""RefreshTime"":""1d"",""SpecificRewardSound"":""EUISound::SystemNotificationNews""}",[2],WeaponPrimary,ERank::Master,,,{},[0],GeneralNPC_Duty_Recon_ItemGenerator.ItemGenerator.[2].PossibleItems.[0],GunBucket_PP,,weight,1000,,,,0,5,0.25,0.5,"{""ItemPrototypeSID"":""GunBucket_PP"",""Weight"":""1000"",""MinDurability"":""0.25"",""MaxDurability"":""0.5"",""AmmoMinCount"":""0"",""AmmoMaxCount"":""5""}"
vanilla/Stalker2/Content/GameLite/GameData/ItemGeneratorPrototypes.cfg,ordinary role,Duty,Recon,GeneralNPC_Duty_Recon_ItemGenerator,GeneralNPC_Duty_Recon_ItemGenerator,[0],"{""SID"":""GeneralNPC_Duty_Recon_ItemGenerator"",""RefreshTime"":""1d"",""SpecificRewardSound"":""EUISound::SystemNotificationNews""}",[2],WeaponPrimary,ERank::Master,,,{},[1],GeneralNPC_Duty_Recon_ItemGenerator.ItemGenerator.[2].PossibleItems.[1],GunZubr_PP,,weight,500,,,,0,5,0.25,0.5,"{""ItemPrototypeSID"":""GunZubr_PP"",""Weight"":""500"",""MinDurability"":""0.25"",""MaxDurability"":""0.5"",""AmmoMinCount"":""0"",""AmmoMaxCount"":""5""}"
vanilla/Stalker2/Content/GameLite/GameData/ItemGeneratorPrototypes.cfg,ordinary role,Duty,Recon,GeneralNPC_Duty_Recon_ItemGenerator,GeneralNPC_Duty_Recon_ItemGenerator,[0],"{""SID"":""GeneralNPC_Duty_Recon_ItemGenerator"",""RefreshTime"":""1d"",""SpecificRewardSound"":""EUISound::SystemNotificationNews""}",[3],SubItemGenerator,,,,{},[0],GeneralNPC_Duty_Recon_ItemGenerator.ItemGenerator.[3].PossibleItems.[0],,GeneralNPC_Duty_Armor,chance,,1,,,,,,,"{""ItemGeneratorPrototypeSID"":""GeneralNPC_Duty_Armor"",""Chance"":""1""}"
vanilla/Stalker2/Content/GameLite/GameData/ItemGeneratorPrototypes.cfg,ordinary role,Duty,Recon,GeneralNPC_Duty_Recon_ItemGenerator,GeneralNPC_Duty_Recon_ItemGenerator,[0],"{""SID"":""GeneralNPC_Duty_Recon_ItemGenerator"",""RefreshTime"":""1d"",""SpecificRewardSound"":""EUISound::SystemNotificationNews""}",[3],SubItemGenerator,,,,{},[1],GeneralNPC_Duty_Recon_ItemGenerator.ItemGenerator.[3].PossibleItems.[1],,GeneralNPC_Duty_WeaponPistol,chance,,0.25,,,,,,,"{""ItemGeneratorPrototypeSID"":""GeneralNPC_Duty_WeaponPistol"",""Chance"":""0.25""}"
vanilla/Stalker2/Content/GameLite/GameData/ItemGeneratorPrototypes.cfg,ordinary role,Duty,Recon,GeneralNPC_Duty_Recon_ItemGenerator,GeneralNPC_Duty_Recon_ItemGenerator,[0],"{""SID"":""GeneralNPC_Duty_Recon_ItemGenerator"",""RefreshTime"":""1d"",""SpecificRewardSound"":""EUISound::SystemNotificationNews""}",[4],SubItemGenerator,,,,{},[0],GeneralNPC_Duty_Recon_ItemGenerator.ItemGenerator.[4].PossibleItems.[0],,GeneralNPC_Consumables_Recon,weight,1,,,,,,,,"{""ItemGeneratorPrototypeSID"":""GeneralNPC_Consumables_Recon"",""Weight"":""1""}"
vanilla/Stalker2/Content/GameLite/GameData/ItemGeneratorPrototypes.cfg,ordinary role,Duty,Recon,GeneralNPC_Duty_Recon_ItemGenerator,GeneralNPC_Duty_Recon_ItemGenerator,[0],"{""SID"":""GeneralNPC_Duty_Recon_ItemGenerator"",""RefreshTime"":""1d"",""SpecificRewardSound"":""EUISound::SystemNotificationNews""}",[5],Artifact,,,,{},[0],GeneralNPC_Duty_Recon_ItemGenerator.ItemGenerator.[5].PossibleItems.[0],GrenadeRGD5,,chance,,0.2,1,1,,,,,"{""ItemPrototypeSID"":""GrenadeRGD5"",""Chance"":""0.2"",""MinCount"":""1"",""MaxCount"":""1""}"
vanilla/Stalker2/Content/GameLite/GameData/ItemGeneratorPrototypes.cfg,ordinary role,Duty,Recon,GeneralNPC_Duty_Recon_ItemGenerator,GeneralNPC_Duty_Recon_ItemGenerator,[0],"{""SID"":""GeneralNPC_Duty_Recon_ItemGenerator"",""RefreshTime"":""1d"",""SpecificRewardSound"":""EUISound::SystemNotificationNews""}",[6],Detector,,,,{},[0],GeneralNPC_Duty_Recon_ItemGenerator.ItemGenerator.[6].PossibleItems.[0],Echo,,chance,,0.05,1,,,,,,"{""ItemPrototypeSID"":""Echo"",""Chance"":""0.05"",""MinCount"":""1""}"
vanilla/Stalker2/Content/GameLite/GameData/ItemGeneratorPrototypes.cfg,ordinary role,Duty,Recon,GeneralNPC_Duty_Recon_ItemGenerator,GeneralNPC_Duty_Recon_ItemGenerator,[0],"{""SID"":""GeneralNPC_Duty_Recon_ItemGenerator"",""RefreshTime"":""1d"",""SpecificRewardSound"":""EUISound::SystemNotificationNews""}",[7],SubItemGenerator,,,,{},[0],GeneralNPC_Duty_Recon_ItemGenerator.ItemGenerator.[7].PossibleItems.[0],,GeneralNPC_Duty_NVG,chance,,1,,,,,,,"{""ItemGeneratorPrototypeSID"":""GeneralNPC_Duty_NVG"",""Chance"":""1""}"
vanilla/Stalker2/Content/GameLite/GameData/ItemGeneratorPrototypes.cfg,ordinary role,Duty,Stormtrooper,GeneralNPC_Duty_Stormtrooper_ItemGenerator,GeneralNPC_Duty_Stormtrooper_ItemGenerator,[0],"{""SID"":""GeneralNPC_Duty_Stormtrooper_ItemGenerator"",""RefreshTime"":""1d"",""SpecificRewardSound"":""EUISound::SystemNotificationNews""}",[0],WeaponPrimary,"ERank::Newbie, ERank::Experienced",,,{},[0],GeneralNPC_Duty_Stormtrooper_ItemGenerator.ItemGenerator.[0].PossibleItems.[0],GunAK74_ST,,weight,1000,,,,0,5,0.25,0.5,"{""ItemPrototypeSID"":""GunAK74_ST"",""Weight"":""1000"",""MinDurability"":""0.25"",""MaxDurability"":""0.5"",""AmmoMinCount"":""0"",""AmmoMaxCount"":""5""}"
vanilla/Stalker2/Content/GameLite/GameData/ItemGeneratorPrototypes.cfg,ordinary role,Duty,Stormtrooper,GeneralNPC_Duty_Stormtrooper_ItemGenerator,GeneralNPC_Duty_Stormtrooper_ItemGenerator,[0],"{""SID"":""GeneralNPC_Duty_Stormtrooper_ItemGenerator"",""RefreshTime"":""1d"",""SpecificRewardSound"":""EUISound::SystemNotificationNews""}",[0],WeaponPrimary,"ERank::Newbie, ERank::Experienced",,,{},[1],GeneralNPC_Duty_Stormtrooper_ItemGenerator.ItemGenerator.[0].PossibleItems.[1],GunGvintar_ST,,weight,100,,,,0,5,0.25,0.5,"{""ItemPrototypeSID"":""GunGvintar_ST"",""Weight"":""100"",""MinDurability"":""0.25"",""MaxDurability"":""0.5"",""AmmoMinCount"":""0"",""AmmoMaxCount"":""5""}"
vanilla/Stalker2/Content/GameLite/GameData/ItemGeneratorPrototypes.cfg,ordinary role,Duty,Stormtrooper,GeneralNPC_Duty_Stormtrooper_ItemGenerator,GeneralNPC_Duty_Stormtrooper_ItemGenerator,[0],"{""SID"":""GeneralNPC_Duty_Stormtrooper_ItemGenerator"",""RefreshTime"":""1d"",""SpecificRewardSound"":""EUISound::SystemNotificationNews""}",[1],WeaponPrimary,ERank::Veteran,,"EGameDifficulty::Easy, EGameDifficulty::Medium, EGameDifficulty::Hard",{},[0],GeneralNPC_Duty_Stormtrooper_ItemGenerator.ItemGenerator.[1].PossibleItems.[0],GunAK74_ST,,weight,400,,,,0,5,0.25,0.5,"{""ItemPrototypeSID"":""GunAK74_ST"",""Weight"":""400"",""MinDurability"":""0.25"",""MaxDurability"":""0.5"",""AmmoMinCount"":""0"",""AmmoMaxCount"":""5""}"
vanilla/Stalker2/Content/GameLite/GameData/ItemGeneratorPrototypes.cfg,ordinary role,Duty,Stormtrooper,GeneralNPC_Duty_Stormtrooper_ItemGenerator,GeneralNPC_Duty_Stormtrooper_ItemGenerator,[0],"{""SID"":""GeneralNPC_Duty_Stormtrooper_ItemGenerator"",""RefreshTime"":""1d"",""SpecificRewardSound"":""EUISound::SystemNotificationNews""}",[1],WeaponPrimary,ERank::Veteran,,"EGameDifficulty::Easy, EGameDifficulty::Medium, EGameDifficulty::Hard",{},[1],GeneralNPC_Duty_Stormtrooper_ItemGenerator.ItemGenerator.[1].PossibleItems.[1],GunGvintar_ST,,weight,1000,,,,0,7,0.25,0.5,"{""ItemPrototypeSID"":""GunGvintar_ST"",""Weight"":""1000"",""MinDurability"":""0.25"",""MaxDurability"":""0.5"",""AmmoMinCount"":""0"",""AmmoMaxCount"":""7""}"
vanilla/Stalker2/Content/GameLite/GameData/ItemGeneratorPrototypes.cfg,ordinary role,Duty,Stormtrooper,GeneralNPC_Duty_Stormtrooper_ItemGenerator,GeneralNPC_Duty_Stormtrooper_ItemGenerator,[0],"{""SID"":""GeneralNPC_Duty_Stormtrooper_ItemGenerator"",""RefreshTime"":""1d"",""SpecificRewardSound"":""EUISound::SystemNotificationNews""}",[1],WeaponPrimary,ERank::Veteran,,"EGameDifficulty::Easy, EGameDifficulty::Medium, EGameDifficulty::Hard",{},[2],GeneralNPC_Duty_Stormtrooper_ItemGenerator.ItemGenerator.[1].PossibleItems.[2],GunGrim_ST,,weight,100,,,,0,7,0.25,0.5,"{""ItemPrototypeSID"":""GunGrim_ST"",""Weight"":""100"",""MinDurability"":""0.25"",""MaxDurability"":""0.5"",""AmmoMinCount"":""0"",""AmmoMaxCount"":""7""}"
vanilla/Stalker2/Content/GameLite/GameData/ItemGeneratorPrototypes.cfg,ordinary role,Duty,Stormtrooper,GeneralNPC_Duty_Stormtrooper_ItemGenerator,GeneralNPC_Duty_Stormtrooper_ItemGenerator,[0],"{""SID"":""GeneralNPC_Duty_Stormtrooper_ItemGenerator"",""RefreshTime"":""1d"",""SpecificRewardSound"":""EUISound::SystemNotificationNews""}",[1],WeaponPrimary,ERank::Veteran,,"EGameDifficulty::Easy, EGameDifficulty::Medium, EGameDifficulty::Hard",{},[3],GeneralNPC_Duty_Stormtrooper_ItemGenerator.ItemGenerator.[1].PossibleItems.[3],GunLavina_ST,,weight,100,,,,0,7,0.25,0.5,"{""ItemPrototypeSID"":""GunLavina_ST"",""Weight"":""100"",""MinDurability"":""0.25"",""MaxDurability"":""0.5"",""AmmoMinCount"":""0"",""AmmoMaxCount"":""7""}"
vanilla/Stalker2/Content/GameLite/GameData/ItemGeneratorPrototypes.cfg,ordinary role,Duty,Stormtrooper,GeneralNPC_Duty_Stormtrooper_ItemGenerator,GeneralNPC_Duty_Stormtrooper_ItemGenerator,[0],"{""SID"":""GeneralNPC_Duty_Stormtrooper_ItemGenerator"",""RefreshTime"":""1d"",""SpecificRewardSound"":""EUISound::SystemNotificationNews""}",[2],WeaponPrimary,ERank::Master,,"EGameDifficulty::Easy, EGameDifficulty::Medium, EGameDifficulty::Hard",{},[0],GeneralNPC_Duty_Stormtrooper_ItemGenerator.ItemGenerator.[2].PossibleItems.[0],GunGvintar_ST,,weight,400,,,,0,7,0.25,0.5,"{""ItemPrototypeSID"":""GunGvintar_ST"",""Weight"":""400"",""MinDurability"":""0.25"",""MaxDurability"":""0.5"",""AmmoMinCount"":""0"",""AmmoMaxCount"":""7""}"
vanilla/Stalker2/Content/GameLite/GameData/ItemGeneratorPrototypes.cfg,ordinary role,Duty,Stormtrooper,GeneralNPC_Duty_Stormtrooper_ItemGenerator,GeneralNPC_Duty_Stormtrooper_ItemGenerator,[0],"{""SID"":""GeneralNPC_Duty_Stormtrooper_ItemGenerator"",""RefreshTime"":""1d"",""SpecificRewardSound"":""EUISound::SystemNotificationNews""}",[2],WeaponPrimary,ERank::Master,,"EGameDifficulty::Easy, EGameDifficulty::Medium, EGameDifficulty::Hard",{},[1],GeneralNPC_Duty_Stormtrooper_ItemGenerator.ItemGenerator.[2].PossibleItems.[1],GunGrim_ST,,weight,1000,,,,0,7,0.25,0.5,"{""ItemPrototypeSID"":""GunGrim_ST"",""Weight"":""1000"",""MinDurability"":""0.25"",""MaxDurability"":""0.5"",""AmmoMinCount"":""0"",""AmmoMaxCount"":""7""}"
vanilla/Stalker2/Content/GameLite/GameData/ItemGeneratorPrototypes.cfg,ordinary role,Duty,Stormtrooper,GeneralNPC_Duty_Stormtrooper_ItemGenerator,GeneralNPC_Duty_Stormtrooper_ItemGenerator,[0],"{""SID"":""GeneralNPC_Duty_Stormtrooper_ItemGenerator"",""RefreshTime"":""1d"",""SpecificRewardSound"":""EUISound::SystemNotificationNews""}",[2],WeaponPrimary,ERank::Master,,"EGameDifficulty::Easy, EGameDifficulty::Medium, EGameDifficulty::Hard",{},[2],GeneralNPC_Duty_Stormtrooper_ItemGenerator.ItemGenerator.[2].PossibleItems.[2],GunLavina_ST,,weight,1000,,,,0,7,0.25,0.5,"{""ItemPrototypeSID"":""GunLavina_ST"",""Weight"":""1000"",""MinDurability"":""0.25"",""MaxDurability"":""0.5"",""AmmoMinCount"":""0"",""AmmoMaxCount"":""7""}"
vanilla/Stalker2/Content/GameLite/GameData/ItemGeneratorPrototypes.cfg,ordinary role,Duty,Stormtrooper,GeneralNPC_Duty_Stormtrooper_ItemGenerator,GeneralNPC_Duty_Stormtrooper_ItemGenerator,[0],"{""SID"":""GeneralNPC_Duty_Stormtrooper_ItemGenerator"",""RefreshTime"":""1d"",""SpecificRewardSound"":""EUISound::SystemNotificationNews""}",[3],WeaponPrimary,ERank::Veteran,,EGameDifficulty::Stalker,{},[0],GeneralNPC_Duty_Stormtrooper_ItemGenerator.ItemGenerator.[3].PossibleItems.[0],GunAK74_ST,,weight,400,,,,0,5,0.25,0.5,"{""ItemPrototypeSID"":""GunAK74_ST"",""Weight"":""400"",""MinDurability"":""0.25"",""MaxDurability"":""0.5"",""AmmoMinCount"":""0"",""AmmoMaxCount"":""5""}"
vanilla/Stalker2/Content/GameLite/GameData/ItemGeneratorPrototypes.cfg,ordinary role,Duty,Stormtrooper,GeneralNPC_Duty_Stormtrooper_ItemGenerator,GeneralNPC_Duty_Stormtrooper_ItemGenerator,[0],"{""SID"":""GeneralNPC_Duty_Stormtrooper_ItemGenerator"",""RefreshTime"":""1d"",""SpecificRewardSound"":""EUISound::SystemNotificationNews""}",[3],WeaponPrimary,ERank::Veteran,,EGameDifficulty::Stalker,{},[1],GeneralNPC_Duty_Stormtrooper_ItemGenerator.ItemGenerator.[3].PossibleItems.[1],GunGvintar_ST,,weight,1000,,,,0,6,0.25,0.5,"{""ItemPrototypeSID"":""GunGvintar_ST"",""Weight"":""1000"",""MinDurability"":""0.25"",""MaxDurability"":""0.5"",""AmmoMinCount"":""0"",""AmmoMaxCount"":""6""}"
vanilla/Stalker2/Content/GameLite/GameData/ItemGeneratorPrototypes.cfg,ordinary role,Duty,Stormtrooper,GeneralNPC_Duty_Stormtrooper_ItemGenerator,GeneralNPC_Duty_Stormtrooper_ItemGenerator,[0],"{""SID"":""GeneralNPC_Duty_Stormtrooper_ItemGenerator"",""RefreshTime"":""1d"",""SpecificRewardSound"":""EUISound::SystemNotificationNews""}",[3],WeaponPrimary,ERank::Veteran,,EGameDifficulty::Stalker,{},[2],GeneralNPC_Duty_Stormtrooper_ItemGenerator.ItemGenerator.[3].PossibleItems.[2],GunGrim_ST,,weight,100,,,,0,6,0.25,0.5,"{""ItemPrototypeSID"":""GunGrim_ST"",""Weight"":""100"",""MinDurability"":""0.25"",""MaxDurability"":""0.5"",""AmmoMinCount"":""0"",""AmmoMaxCount"":""6""}"
vanilla/Stalker2/Content/GameLite/GameData/ItemGeneratorPrototypes.cfg,ordinary role,Duty,Stormtrooper,GeneralNPC_Duty_Stormtrooper_ItemGenerator,GeneralNPC_Duty_Stormtrooper_ItemGenerator,[0],"{""SID"":""GeneralNPC_Duty_Stormtrooper_ItemGenerator"",""RefreshTime"":""1d"",""SpecificRewardSound"":""EUISound::SystemNotificationNews""}",[3],WeaponPrimary,ERank::Veteran,,EGameDifficulty::Stalker,{},[3],GeneralNPC_Duty_Stormtrooper_ItemGenerator.ItemGenerator.[3].PossibleItems.[3],GunLavina_ST,,weight,100,,,,0,6,0.25,0.5,"{""ItemPrototypeSID"":""GunLavina_ST"",""Weight"":""100"",""MinDurability"":""0.25"",""MaxDurability"":""0.5"",""AmmoMinCount"":""0"",""AmmoMaxCount"":""6""}"
vanilla/Stalker2/Content/GameLite/GameData/ItemGeneratorPrototypes.cfg,ordinary role,Duty,Stormtrooper,GeneralNPC_Duty_Stormtrooper_ItemGenerator,GeneralNPC_Duty_Stormtrooper_ItemGenerator,[0],"{""SID"":""GeneralNPC_Duty_Stormtrooper_ItemGenerator"",""RefreshTime"":""1d"",""SpecificRewardSound"":""EUISound::SystemNotificationNews""}",[4],WeaponPrimary,ERank::Master,,EGameDifficulty::Stalker,{},[0],GeneralNPC_Duty_Stormtrooper_ItemGenerator.ItemGenerator.[4].PossibleItems.[0],GunGvintar_ST,,weight,400,,,,0,6,0.25,0.5,"{""ItemPrototypeSID"":""GunGvintar_ST"",""Weight"":""400"",""MinDurability"":""0.25"",""MaxDurability"":""0.5"",""AmmoMinCount"":""0"",""AmmoMaxCount"":""6""}"
vanilla/Stalker2/Content/GameLite/GameData/ItemGeneratorPrototypes.cfg,ordinary role,Duty,Stormtrooper,GeneralNPC_Duty_Stormtrooper_ItemGenerator,GeneralNPC_Duty_Stormtrooper_ItemGenerator,[0],"{""SID"":""GeneralNPC_Duty_Stormtrooper_ItemGenerator"",""RefreshTime"":""1d"",""SpecificRewardSound"":""EUISound::SystemNotificationNews""}",[4],WeaponPrimary,ERank::Master,,EGameDifficulty::Stalker,{},[1],GeneralNPC_Duty_Stormtrooper_ItemGenerator.ItemGenerator.[4].PossibleItems.[1],GunGrim_ST,,weight,1000,,,,0,6,0.25,0.5,"{""ItemPrototypeSID"":""GunGrim_ST"",""Weight"":""1000"",""MinDurability"":""0.25"",""MaxDurability"":""0.5"",""AmmoMinCount"":""0"",""AmmoMaxCount"":""6""}"
vanilla/Stalker2/Content/GameLite/GameData/ItemGeneratorPrototypes.cfg,ordinary role,Duty,Stormtrooper,GeneralNPC_Duty_Stormtrooper_ItemGenerator,GeneralNPC_Duty_Stormtrooper_ItemGenerator,[0],"{""SID"":""GeneralNPC_Duty_Stormtrooper_ItemGenerator"",""RefreshTime"":""1d"",""SpecificRewardSound"":""EUISound::SystemNotificationNews""}",[4],WeaponPrimary,ERank::Master,,EGameDifficulty::Stalker,{},[2],GeneralNPC_Duty_Stormtrooper_ItemGenerator.ItemGenerator.[4].PossibleItems.[2],GunLavina_ST,,weight,1000,,,,0,6,0.25,0.5,"{""ItemPrototypeSID"":""GunLavina_ST"",""Weight"":""1000"",""MinDurability"":""0.25"",""MaxDurability"":""0.5"",""AmmoMinCount"":""0"",""AmmoMaxCount"":""6""}"
vanilla/Stalker2/Content/GameLite/GameData/ItemGeneratorPrototypes.cfg,ordinary role,Duty,Stormtrooper,GeneralNPC_Duty_Stormtrooper_ItemGenerator,GeneralNPC_Duty_Stormtrooper_ItemGenerator,[0],"{""SID"":""GeneralNPC_Duty_Stormtrooper_ItemGenerator"",""RefreshTime"":""1d"",""SpecificRewardSound"":""EUISound::SystemNotificationNews""}",[5],SubItemGenerator,,,,{},[0],GeneralNPC_Duty_Stormtrooper_ItemGenerator.ItemGenerator.[5].PossibleItems.[0],,GeneralNPC_Duty_Armor,chance,,1,,,,,,,"{""ItemGeneratorPrototypeSID"":""GeneralNPC_Duty_Armor"",""Chance"":""1""}"
vanilla/Stalker2/Content/GameLite/GameData/ItemGeneratorPrototypes.cfg,ordinary role,Duty,Stormtrooper,GeneralNPC_Duty_Stormtrooper_ItemGenerator,GeneralNPC_Duty_Stormtrooper_ItemGenerator,[0],"{""SID"":""GeneralNPC_Duty_Stormtrooper_ItemGenerator"",""RefreshTime"":""1d"",""SpecificRewardSound"":""EUISound::SystemNotificationNews""}",[5],SubItemGenerator,,,,{},[1],GeneralNPC_Duty_Stormtrooper_ItemGenerator.ItemGenerator.[5].PossibleItems.[1],,GeneralNPC_Duty_WeaponPistol,chance,,0.45,,,,,,,"{""ItemGeneratorPrototypeSID"":""GeneralNPC_Duty_WeaponPistol"",""Chance"":""0.45""}"
vanilla/Stalker2/Content/GameLite/GameData/ItemGeneratorPrototypes.cfg,ordinary role,Duty,Stormtrooper,GeneralNPC_Duty_Stormtrooper_ItemGenerator,GeneralNPC_Duty_Stormtrooper_ItemGenerator,[0],"{""SID"":""GeneralNPC_Duty_Stormtrooper_ItemGenerator"",""RefreshTime"":""1d"",""SpecificRewardSound"":""EUISound::SystemNotificationNews""}",[6],SubItemGenerator,,,,{},[0],GeneralNPC_Duty_Stormtrooper_ItemGenerator.ItemGenerator.[6].PossibleItems.[0],,GeneralNPC_Consumables_Stormtrooper,weight,1,,,,,,,,"{""ItemGeneratorPrototypeSID"":""GeneralNPC_Consumables_Stormtrooper"",""Weight"":""1""}"
vanilla/Stalker2/Content/GameLite/GameData/ItemGeneratorPrototypes.cfg,ordinary role,Duty,Stormtrooper,GeneralNPC_Duty_Stormtrooper_ItemGenerator,GeneralNPC_Duty_Stormtrooper_ItemGenerator,[0],"{""SID"":""GeneralNPC_Duty_Stormtrooper_ItemGenerator"",""RefreshTime"":""1d"",""SpecificRewardSound"":""EUISound::SystemNotificationNews""}",[7],Artifact,,,,{},[0],GeneralNPC_Duty_Stormtrooper_ItemGenerator.ItemGenerator.[7].PossibleItems.[0],GrenadeRGD5,,chance,,0.2,1,1,,,,,"{""ItemPrototypeSID"":""GrenadeRGD5"",""Chance"":""0.2"",""MinCount"":""1"",""MaxCount"":""1""}"
vanilla/Stalker2/Content/GameLite/GameData/ItemGeneratorPrototypes.cfg,ordinary role,Duty,Stormtrooper,GeneralNPC_Duty_Stormtrooper_ItemGenerator,GeneralNPC_Duty_Stormtrooper_ItemGenerator,[0],"{""SID"":""GeneralNPC_Duty_Stormtrooper_ItemGenerator"",""RefreshTime"":""1d"",""SpecificRewardSound"":""EUISound::SystemNotificationNews""}",[8],Detector,,,,{},[0],GeneralNPC_Duty_Stormtrooper_ItemGenerator.ItemGenerator.[8].PossibleItems.[0],Echo,,chance,,0.05,1,,,,,,"{""ItemPrototypeSID"":""Echo"",""Chance"":""0.05"",""MinCount"":""1""}"
vanilla/Stalker2/Content/GameLite/GameData/ItemGeneratorPrototypes.cfg,ordinary role,Duty,Stormtrooper,GeneralNPC_Duty_Stormtrooper_ItemGenerator,GeneralNPC_Duty_Stormtrooper_ItemGenerator,[0],"{""SID"":""GeneralNPC_Duty_Stormtrooper_ItemGenerator"",""RefreshTime"":""1d"",""SpecificRewardSound"":""EUISound::SystemNotificationNews""}",[9],SubItemGenerator,,,,{},[0],GeneralNPC_Duty_Stormtrooper_ItemGenerator.ItemGenerator.[9].PossibleItems.[0],,GeneralNPC_Duty_NVG,chance,,1,,,,,,,"{""ItemGeneratorPrototypeSID"":""GeneralNPC_Duty_NVG"",""Chance"":""1""}"
vanilla/Stalker2/Content/GameLite/GameData/ItemGeneratorPrototypes.cfg,ordinary role,Duty,Sniper,GeneralNPC_Duty_Sniper_ItemGenerator,GeneralNPC_Duty_Sniper_ItemGenerator,[0],"{""SID"":""GeneralNPC_Duty_Sniper_ItemGenerator"",""RefreshTime"":""1d"",""SpecificRewardSound"":""EUISound::SystemNotificationNews""}",[0],WeaponPrimary,"ERank::Newbie, ERank::Experienced",,,{},[0],GeneralNPC_Duty_Sniper_ItemGenerator.ItemGenerator.[0].PossibleItems.[0],GunAK74_ST,,weight,1000,,,,0,5,0.25,0.5,"{""ItemPrototypeSID"":""GunAK74_ST"",""Weight"":""1000"",""MinDurability"":""0.25"",""MaxDurability"":""0.5"",""AmmoMinCount"":""0"",""AmmoMaxCount"":""5""}"
vanilla/Stalker2/Content/GameLite/GameData/ItemGeneratorPrototypes.cfg,ordinary role,Duty,Sniper,GeneralNPC_Duty_Sniper_ItemGenerator,GeneralNPC_Duty_Sniper_ItemGenerator,[0],"{""SID"":""GeneralNPC_Duty_Sniper_ItemGenerator"",""RefreshTime"":""1d"",""SpecificRewardSound"":""EUISound::SystemNotificationNews""}",[0],WeaponPrimary,"ERank::Newbie, ERank::Experienced",,,{},[1],GeneralNPC_Duty_Sniper_ItemGenerator.ItemGenerator.[0].PossibleItems.[1],GunGvintar_ST,,weight,100,,,,0,5,0.25,0.5,"{""ItemPrototypeSID"":""GunGvintar_ST"",""Weight"":""100"",""MinDurability"":""0.25"",""MaxDurability"":""0.5"",""AmmoMinCount"":""0"",""AmmoMaxCount"":""5""}"
vanilla/Stalker2/Content/GameLite/GameData/ItemGeneratorPrototypes.cfg,ordinary role,Duty,Sniper,GeneralNPC_Duty_Sniper_ItemGenerator,GeneralNPC_Duty_Sniper_ItemGenerator,[0],"{""SID"":""GeneralNPC_Duty_Sniper_ItemGenerator"",""RefreshTime"":""1d"",""SpecificRewardSound"":""EUISound::SystemNotificationNews""}",[0],WeaponPrimary,"ERank::Newbie, ERank::Experienced",,,{},[2],GeneralNPC_Duty_Sniper_ItemGenerator.ItemGenerator.[0].PossibleItems.[2],GunSVDM_SP,,weight,100,,,,0,5,0.25,0.5,"{""ItemPrototypeSID"":""GunSVDM_SP"",""Weight"":""100"",""MinDurability"":""0.25"",""MaxDurability"":""0.5"",""AmmoMinCount"":""0"",""AmmoMaxCount"":""5""}"
vanilla/Stalker2/Content/GameLite/GameData/ItemGeneratorPrototypes.cfg,ordinary role,Duty,Sniper,GeneralNPC_Duty_Sniper_ItemGenerator,GeneralNPC_Duty_Sniper_ItemGenerator,[0],"{""SID"":""GeneralNPC_Duty_Sniper_ItemGenerator"",""RefreshTime"":""1d"",""SpecificRewardSound"":""EUISound::SystemNotificationNews""}",[1],WeaponPrimary,ERank::Veteran,,"EGameDifficulty::Easy, EGameDifficulty::Medium, EGameDifficulty::Hard",{},[0],GeneralNPC_Duty_Sniper_ItemGenerator.ItemGenerator.[1].PossibleItems.[0],GunSVDM_SP,,weight,1000,,,,3,5,0.25,0.5,"{""ItemPrototypeSID"":""GunSVDM_SP"",""Weight"":""1000"",""MinDurability"":""0.25"",""MaxDurability"":""0.5"",""AmmoMinCount"":""3"",""AmmoMaxCount"":""5""}"
vanilla/Stalker2/Content/GameLite/GameData/ItemGeneratorPrototypes.cfg,ordinary role,Duty,Sniper,GeneralNPC_Duty_Sniper_ItemGenerator,GeneralNPC_Duty_Sniper_ItemGenerator,[0],"{""SID"":""GeneralNPC_Duty_Sniper_ItemGenerator"",""RefreshTime"":""1d"",""SpecificRewardSound"":""EUISound::SystemNotificationNews""}",[1],WeaponPrimary,ERank::Veteran,,"EGameDifficulty::Easy, EGameDifficulty::Medium, EGameDifficulty::Hard",{},[1],GeneralNPC_Duty_Sniper_ItemGenerator.ItemGenerator.[1].PossibleItems.[1],GunSKP_DMR,,weight,500,,,,0,5,0.25,0.5,"{""ItemPrototypeSID"":""GunSKP_DMR"",""Weight"":""500"",""MinDurability"":""0.25"",""MaxDurability"":""0.5"",""AmmoMinCount"":""0"",""AmmoMaxCount"":""5""}"
vanilla/Stalker2/Content/GameLite/GameData/ItemGeneratorPrototypes.cfg,ordinary role,Duty,Sniper,GeneralNPC_Duty_Sniper_ItemGenerator,GeneralNPC_Duty_Sniper_ItemGenerator,[0],"{""SID"":""GeneralNPC_Duty_Sniper_ItemGenerator"",""RefreshTime"":""1d"",""SpecificRewardSound"":""EUISound::SystemNotificationNews""}",[2],WeaponPrimary,ERank::Master,,"EGameDifficulty::Easy, EGameDifficulty::Medium, EGameDifficulty::Hard",{},[0],GeneralNPC_Duty_Sniper_ItemGenerator.ItemGenerator.[2].PossibleItems.[0],GunSVDM_SP,,weight,1000,,,,3,5,0.25,0.5,"{""ItemPrototypeSID"":""GunSVDM_SP"",""Weight"":""1000"",""MinDurability"":""0.25"",""MaxDurability"":""0.5"",""AmmoMinCount"":""3"",""AmmoMaxCount"":""5""}"
vanilla/Stalker2/Content/GameLite/GameData/ItemGeneratorPrototypes.cfg,ordinary role,Duty,Sniper,GeneralNPC_Duty_Sniper_ItemGenerator,GeneralNPC_Duty_Sniper_ItemGenerator,[0],"{""SID"":""GeneralNPC_Duty_Sniper_ItemGenerator"",""RefreshTime"":""1d"",""SpecificRewardSound"":""EUISound::SystemNotificationNews""}",[2],WeaponPrimary,ERank::Master,,"EGameDifficulty::Easy, EGameDifficulty::Medium, EGameDifficulty::Hard",{},[1],GeneralNPC_Duty_Sniper_ItemGenerator.ItemGenerator.[2].PossibleItems.[1],GunSVU_SP,,weight,500,,,,3,5,0.25,0.5,"{""ItemPrototypeSID"":""GunSVU_SP"",""Weight"":""500"",""MinDurability"":""0.25"",""MaxDurability"":""0.5"",""AmmoMinCount"":""3"",""AmmoMaxCount"":""5""}"
vanilla/Stalker2/Content/GameLite/GameData/ItemGeneratorPrototypes.cfg,ordinary role,Duty,Sniper,GeneralNPC_Duty_Sniper_ItemGenerator,GeneralNPC_Duty_Sniper_ItemGenerator,[0],"{""SID"":""GeneralNPC_Duty_Sniper_ItemGenerator"",""RefreshTime"":""1d"",""SpecificRewardSound"":""EUISound::SystemNotificationNews""}",[2],WeaponPrimary,ERank::Master,,"EGameDifficulty::Easy, EGameDifficulty::Medium, EGameDifficulty::Hard",{},[2],GeneralNPC_Duty_Sniper_ItemGenerator.ItemGenerator.[2].PossibleItems.[2],GunSKP_DMR,,weight,1000,,,,0,5,0.25,0.5,"{""ItemPrototypeSID"":""GunSKP_DMR"",""Weight"":""1000"",""MinDurability"":""0.25"",""MaxDurability"":""0.5"",""AmmoMinCount"":""0"",""AmmoMaxCount"":""5""}"
vanilla/Stalker2/Content/GameLite/GameData/ItemGeneratorPrototypes.cfg,ordinary role,Duty,Sniper,GeneralNPC_Duty_Sniper_ItemGenerator,GeneralNPC_Duty_Sniper_ItemGenerator,[0],"{""SID"":""GeneralNPC_Duty_Sniper_ItemGenerator"",""RefreshTime"":""1d"",""SpecificRewardSound"":""EUISound::SystemNotificationNews""}",[3],WeaponPrimary,ERank::Veteran,,EGameDifficulty::Stalker,{},[0],GeneralNPC_Duty_Sniper_ItemGenerator.ItemGenerator.[3].PossibleItems.[0],GunSVDM_SP,,weight,1000,,,,0,5,0.25,0.5,"{""ItemPrototypeSID"":""GunSVDM_SP"",""Weight"":""1000"",""MinDurability"":""0.25"",""MaxDurability"":""0.5"",""AmmoMinCount"":""0"",""AmmoMaxCount"":""5""}"
vanilla/Stalker2/Content/GameLite/GameData/ItemGeneratorPrototypes.cfg,ordinary role,Duty,Sniper,GeneralNPC_Duty_Sniper_ItemGenerator,GeneralNPC_Duty_Sniper_ItemGenerator,[0],"{""SID"":""GeneralNPC_Duty_Sniper_ItemGenerator"",""RefreshTime"":""1d"",""SpecificRewardSound"":""EUISound::SystemNotificationNews""}",[3],WeaponPrimary,ERank::Veteran,,EGameDifficulty::Stalker,{},[1],GeneralNPC_Duty_Sniper_ItemGenerator.ItemGenerator.[3].PossibleItems.[1],GunSKP_DMR,,weight,500,,,,0,2,0.25,0.5,"{""ItemPrototypeSID"":""GunSKP_DMR"",""Weight"":""500"",""MinDurability"":""0.25"",""MaxDurability"":""0.5"",""AmmoMinCount"":""0"",""AmmoMaxCount"":""2""}"
vanilla/Stalker2/Content/GameLite/GameData/ItemGeneratorPrototypes.cfg,ordinary role,Duty,Sniper,GeneralNPC_Duty_Sniper_ItemGenerator,GeneralNPC_Duty_Sniper_ItemGenerator,[0],"{""SID"":""GeneralNPC_Duty_Sniper_ItemGenerator"",""RefreshTime"":""1d"",""SpecificRewardSound"":""EUISound::SystemNotificationNews""}",[4],WeaponPrimary,ERank::Master,,EGameDifficulty::Stalker,{},[0],GeneralNPC_Duty_Sniper_ItemGenerator.ItemGenerator.[4].PossibleItems.[0],GunSVDM_SP,,weight,1000,,,,0,5,0.25,0.5,"{""ItemPrototypeSID"":""GunSVDM_SP"",""Weight"":""1000"",""MinDurability"":""0.25"",""MaxDurability"":""0.5"",""AmmoMinCount"":""0"",""AmmoMaxCount"":""5""}"
vanilla/Stalker2/Content/GameLite/GameData/ItemGeneratorPrototypes.cfg,ordinary role,Duty,Sniper,GeneralNPC_Duty_Sniper_ItemGenerator,GeneralNPC_Duty_Sniper_ItemGenerator,[0],"{""SID"":""GeneralNPC_Duty_Sniper_ItemGenerator"",""RefreshTime"":""1d"",""SpecificRewardSound"":""EUISound::SystemNotificationNews""}",[4],WeaponPrimary,ERank::Master,,EGameDifficulty::Stalker,{},[1],GeneralNPC_Duty_Sniper_ItemGenerator.ItemGenerator.[4].PossibleItems.[1],GunSVU_SP,,weight,500,,,,0,5,0.25,0.5,"{""ItemPrototypeSID"":""GunSVU_SP"",""Weight"":""500"",""MinDurability"":""0.25"",""MaxDurability"":""0.5"",""AmmoMinCount"":""0"",""AmmoMaxCount"":""5""}"
vanilla/Stalker2/Content/GameLite/GameData/ItemGeneratorPrototypes.cfg,ordinary role,Duty,Sniper,GeneralNPC_Duty_Sniper_ItemGenerator,GeneralNPC_Duty_Sniper_ItemGenerator,[0],"{""SID"":""GeneralNPC_Duty_Sniper_ItemGenerator"",""RefreshTime"":""1d"",""SpecificRewardSound"":""EUISound::SystemNotificationNews""}",[4],WeaponPrimary,ERank::Master,,EGameDifficulty::Stalker,{},[2],GeneralNPC_Duty_Sniper_ItemGenerator.ItemGenerator.[4].PossibleItems.[2],GunSKP_DMR,,weight,500,,,,0,2,0.25,0.5,"{""ItemPrototypeSID"":""GunSKP_DMR"",""Weight"":""500"",""MinDurability"":""0.25"",""MaxDurability"":""0.5"",""AmmoMinCount"":""0"",""AmmoMaxCount"":""2""}"
vanilla/Stalker2/Content/GameLite/GameData/ItemGeneratorPrototypes.cfg,ordinary role,Duty,Sniper,GeneralNPC_Duty_Sniper_ItemGenerator,GeneralNPC_Duty_Sniper_ItemGenerator,[0],"{""SID"":""GeneralNPC_Duty_Sniper_ItemGenerator"",""RefreshTime"":""1d"",""SpecificRewardSound"":""EUISound::SystemNotificationNews""}",[5],SubItemGenerator,,,,{},[0],GeneralNPC_Duty_Sniper_ItemGenerator.ItemGenerator.[5].PossibleItems.[0],,GeneralNPC_Duty_Armor,chance,,1,,,,,,,"{""ItemGeneratorPrototypeSID"":""GeneralNPC_Duty_Armor"",""Chance"":""1""}"
vanilla/Stalker2/Content/GameLite/GameData/ItemGeneratorPrototypes.cfg,ordinary role,Duty,Sniper,GeneralNPC_Duty_Sniper_ItemGenerator,GeneralNPC_Duty_Sniper_ItemGenerator,[0],"{""SID"":""GeneralNPC_Duty_Sniper_ItemGenerator"",""RefreshTime"":""1d"",""SpecificRewardSound"":""EUISound::SystemNotificationNews""}",[5],SubItemGenerator,,,,{},[1],GeneralNPC_Duty_Sniper_ItemGenerator.ItemGenerator.[5].PossibleItems.[1],,GeneralNPC_Duty_WeaponPistol,chance,,0.5,,,,,,,"{""ItemGeneratorPrototypeSID"":""GeneralNPC_Duty_WeaponPistol"",""Chance"":""0.5""}"
vanilla/Stalker2/Content/GameLite/GameData/ItemGeneratorPrototypes.cfg,ordinary role,Duty,Sniper,GeneralNPC_Duty_Sniper_ItemGenerator,GeneralNPC_Duty_Sniper_ItemGenerator,[0],"{""SID"":""GeneralNPC_Duty_Sniper_ItemGenerator"",""RefreshTime"":""1d"",""SpecificRewardSound"":""EUISound::SystemNotificationNews""}",[6],SubItemGenerator,,,,{},[0],GeneralNPC_Duty_Sniper_ItemGenerator.ItemGenerator.[6].PossibleItems.[0],,GeneralNPC_Consumables_Sniper,weight,0.5,,,,,,,,"{""ItemGeneratorPrototypeSID"":""GeneralNPC_Consumables_Sniper"",""Weight"":""0.5""}"
vanilla/Stalker2/Content/GameLite/GameData/ItemGeneratorPrototypes.cfg,ordinary role,Duty,Sniper,GeneralNPC_Duty_Sniper_ItemGenerator,GeneralNPC_Duty_Sniper_ItemGenerator,[0],"{""SID"":""GeneralNPC_Duty_Sniper_ItemGenerator"",""RefreshTime"":""1d"",""SpecificRewardSound"":""EUISound::SystemNotificationNews""}",[7],Artifact,,,,{},[0],GeneralNPC_Duty_Sniper_ItemGenerator.ItemGenerator.[7].PossibleItems.[0],GrenadeF1,,chance,,0.2,1,1,,,,,"{""ItemPrototypeSID"":""GrenadeF1"",""Chance"":""0.2"",""MinCount"":""1"",""MaxCount"":""1""}"
vanilla/Stalker2/Content/GameLite/GameData/ItemGeneratorPrototypes.cfg,ordinary role,Duty,Sniper,GeneralNPC_Duty_Sniper_ItemGenerator,GeneralNPC_Duty_Sniper_ItemGenerator,[0],"{""SID"":""GeneralNPC_Duty_Sniper_ItemGenerator"",""RefreshTime"":""1d"",""SpecificRewardSound"":""EUISound::SystemNotificationNews""}",[8],Detector,,,,{},[0],GeneralNPC_Duty_Sniper_ItemGenerator.ItemGenerator.[8].PossibleItems.[0],Echo,,chance,,0.05,1,,,,,,"{""ItemPrototypeSID"":""Echo"",""Chance"":""0.05"",""MinCount"":""1""}"
vanilla/Stalker2/Content/GameLite/GameData/ItemGeneratorPrototypes.cfg,ordinary role,Duty,Sniper,GeneralNPC_Duty_Sniper_ItemGenerator,GeneralNPC_Duty_Sniper_ItemGenerator,[0],"{""SID"":""GeneralNPC_Duty_Sniper_ItemGenerator"",""RefreshTime"":""1d"",""SpecificRewardSound"":""EUISound::SystemNotificationNews""}",[9],SubItemGenerator,,,,{},[0],GeneralNPC_Duty_Sniper_ItemGenerator.ItemGenerator.[9].PossibleItems.[0],,GeneralNPC_Duty_NVG,chance,,1,,,,,,,"{""ItemGeneratorPrototypeSID"":""GeneralNPC_Duty_NVG"",""Chance"":""1""}"
vanilla/Stalker2/Content/GameLite/GameData/ItemGeneratorPrototypes.cfg,ordinary role,Duty,Heavy,GeneralNPC_Duty_Heavy_ItemGenerator,GeneralNPC_Duty_Heavy_ItemGenerator,[0],"{""SID"":""GeneralNPC_Duty_Heavy_ItemGenerator"",""RefreshTime"":""1d"",""SpecificRewardSound"":""EUISound::SystemNotificationNews""}",[0],WeaponPrimary,"ERank::Newbie, ERank::Experienced",,,{},[0],GeneralNPC_Duty_Heavy_ItemGenerator.ItemGenerator.[0].PossibleItems.[0],GunAK74_ST,,weight,1000,,,,0,5,0.25,0.5,"{""ItemPrototypeSID"":""GunAK74_ST"",""Weight"":""1000"",""MinDurability"":""0.25"",""MaxDurability"":""0.5"",""AmmoMinCount"":""0"",""AmmoMaxCount"":""5""}"
vanilla/Stalker2/Content/GameLite/GameData/ItemGeneratorPrototypes.cfg,ordinary role,Duty,Heavy,GeneralNPC_Duty_Heavy_ItemGenerator,GeneralNPC_Duty_Heavy_ItemGenerator,[0],"{""SID"":""GeneralNPC_Duty_Heavy_ItemGenerator"",""RefreshTime"":""1d"",""SpecificRewardSound"":""EUISound::SystemNotificationNews""}",[0],WeaponPrimary,"ERank::Newbie, ERank::Experienced",,,{},[1],GeneralNPC_Duty_Heavy_ItemGenerator.ItemGenerator.[0].PossibleItems.[1],GunGvintar_ST,,weight,100,,,,0,5,0.25,0.5,"{""ItemPrototypeSID"":""GunGvintar_ST"",""Weight"":""100"",""MinDurability"":""0.25"",""MaxDurability"":""0.5"",""AmmoMinCount"":""0"",""AmmoMaxCount"":""5""}"
vanilla/Stalker2/Content/GameLite/GameData/ItemGeneratorPrototypes.cfg,ordinary role,Duty,Heavy,GeneralNPC_Duty_Heavy_ItemGenerator,GeneralNPC_Duty_Heavy_ItemGenerator,[0],"{""SID"":""GeneralNPC_Duty_Heavy_ItemGenerator"",""RefreshTime"":""1d"",""SpecificRewardSound"":""EUISound::SystemNotificationNews""}",[1],WeaponPrimary,ERank::Veteran,,"EGameDifficulty::Easy, EGameDifficulty::Medium, EGameDifficulty::Hard",{},[0],GeneralNPC_Duty_Heavy_ItemGenerator.ItemGenerator.[1].PossibleItems.[0],GunAK74_ST,,weight,400,,,,0,5,0.25,0.5,"{""ItemPrototypeSID"":""GunAK74_ST"",""Weight"":""400"",""MinDurability"":""0.25"",""MaxDurability"":""0.5"",""AmmoMinCount"":""0"",""AmmoMaxCount"":""5""}"
vanilla/Stalker2/Content/GameLite/GameData/ItemGeneratorPrototypes.cfg,ordinary role,Duty,Heavy,GeneralNPC_Duty_Heavy_ItemGenerator,GeneralNPC_Duty_Heavy_ItemGenerator,[0],"{""SID"":""GeneralNPC_Duty_Heavy_ItemGenerator"",""RefreshTime"":""1d"",""SpecificRewardSound"":""EUISound::SystemNotificationNews""}",[1],WeaponPrimary,ERank::Veteran,,"EGameDifficulty::Easy, EGameDifficulty::Medium, EGameDifficulty::Hard",{},[1],GeneralNPC_Duty_Heavy_ItemGenerator.ItemGenerator.[1].PossibleItems.[1],GunGvintar_ST,,weight,1000,,,,0,7,0.25,0.5,"{""ItemPrototypeSID"":""GunGvintar_ST"",""Weight"":""1000"",""MinDurability"":""0.25"",""MaxDurability"":""0.5"",""AmmoMinCount"":""0"",""AmmoMaxCount"":""7""}"
vanilla/Stalker2/Content/GameLite/GameData/ItemGeneratorPrototypes.cfg,ordinary role,Duty,Heavy,GeneralNPC_Duty_Heavy_ItemGenerator,GeneralNPC_Duty_Heavy_ItemGenerator,[0],"{""SID"":""GeneralNPC_Duty_Heavy_ItemGenerator"",""RefreshTime"":""1d"",""SpecificRewardSound"":""EUISound::SystemNotificationNews""}",[1],WeaponPrimary,ERank::Veteran,,"EGameDifficulty::Easy, EGameDifficulty::Medium, EGameDifficulty::Hard",{},[2],GeneralNPC_Duty_Heavy_ItemGenerator.ItemGenerator.[1].PossibleItems.[2],GunGrim_ST,,weight,100,,,,0,7,0.25,0.5,"{""ItemPrototypeSID"":""GunGrim_ST"",""Weight"":""100"",""MinDurability"":""0.25"",""MaxDurability"":""0.5"",""AmmoMinCount"":""0"",""AmmoMaxCount"":""7""}"
vanilla/Stalker2/Content/GameLite/GameData/ItemGeneratorPrototypes.cfg,ordinary role,Duty,Heavy,GeneralNPC_Duty_Heavy_ItemGenerator,GeneralNPC_Duty_Heavy_ItemGenerator,[0],"{""SID"":""GeneralNPC_Duty_Heavy_ItemGenerator"",""RefreshTime"":""1d"",""SpecificRewardSound"":""EUISound::SystemNotificationNews""}",[1],WeaponPrimary,ERank::Veteran,,"EGameDifficulty::Easy, EGameDifficulty::Medium, EGameDifficulty::Hard",{},[3],GeneralNPC_Duty_Heavy_ItemGenerator.ItemGenerator.[1].PossibleItems.[3],GunLavina_ST,,weight,100,,,,0,7,0.25,0.5,"{""ItemPrototypeSID"":""GunLavina_ST"",""Weight"":""100"",""MinDurability"":""0.25"",""MaxDurability"":""0.5"",""AmmoMinCount"":""0"",""AmmoMaxCount"":""7""}"
vanilla/Stalker2/Content/GameLite/GameData/ItemGeneratorPrototypes.cfg,ordinary role,Duty,Heavy,GeneralNPC_Duty_Heavy_ItemGenerator,GeneralNPC_Duty_Heavy_ItemGenerator,[0],"{""SID"":""GeneralNPC_Duty_Heavy_ItemGenerator"",""RefreshTime"":""1d"",""SpecificRewardSound"":""EUISound::SystemNotificationNews""}",[2],WeaponPrimary,ERank::Master,,"EGameDifficulty::Easy, EGameDifficulty::Medium, EGameDifficulty::Hard",{},[0],GeneralNPC_Duty_Heavy_ItemGenerator.ItemGenerator.[2].PossibleItems.[0],GunPKP_MG,,weight,500,,,,0,7,0.25,0.5,"{""ItemPrototypeSID"":""GunPKP_MG"",""Weight"":""500"",""MinDurability"":""0.25"",""MaxDurability"":""0.5"",""AmmoMinCount"":""0"",""AmmoMaxCount"":""7""}"
vanilla/Stalker2/Content/GameLite/GameData/ItemGeneratorPrototypes.cfg,ordinary role,Duty,Heavy,GeneralNPC_Duty_Heavy_ItemGenerator,GeneralNPC_Duty_Heavy_ItemGenerator,[0],"{""SID"":""GeneralNPC_Duty_Heavy_ItemGenerator"",""RefreshTime"":""1d"",""SpecificRewardSound"":""EUISound::SystemNotificationNews""}",[3],WeaponPrimary,ERank::Veteran,,EGameDifficulty::Stalker,{},[0],GeneralNPC_Duty_Heavy_ItemGenerator.ItemGenerator.[3].PossibleItems.[0],GunAK74_ST,,weight,400,,,,0,5,0.25,0.5,"{""ItemPrototypeSID"":""GunAK74_ST"",""Weight"":""400"",""MinDurability"":""0.25"",""MaxDurability"":""0.5"",""AmmoMinCount"":""0"",""AmmoMaxCount"":""5""}"
vanilla/Stalker2/Content/GameLite/GameData/ItemGeneratorPrototypes.cfg,ordinary role,Duty,Heavy,GeneralNPC_Duty_Heavy_ItemGenerator,GeneralNPC_Duty_Heavy_ItemGenerator,[0],"{""SID"":""GeneralNPC_Duty_Heavy_ItemGenerator"",""RefreshTime"":""1d"",""SpecificRewardSound"":""EUISound::SystemNotificationNews""}",[3],WeaponPrimary,ERank::Veteran,,EGameDifficulty::Stalker,{},[1],GeneralNPC_Duty_Heavy_ItemGenerator.ItemGenerator.[3].PossibleItems.[1],GunGvintar_ST,,weight,1000,,,,0,6,0.25,0.5,"{""ItemPrototypeSID"":""GunGvintar_ST"",""Weight"":""1000"",""MinDurability"":""0.25"",""MaxDurability"":""0.5"",""AmmoMinCount"":""0"",""AmmoMaxCount"":""6""}"
vanilla/Stalker2/Content/GameLite/GameData/ItemGeneratorPrototypes.cfg,ordinary role,Duty,Heavy,GeneralNPC_Duty_Heavy_ItemGenerator,GeneralNPC_Duty_Heavy_ItemGenerator,[0],"{""SID"":""GeneralNPC_Duty_Heavy_ItemGenerator"",""RefreshTime"":""1d"",""SpecificRewardSound"":""EUISound::SystemNotificationNews""}",[3],WeaponPrimary,ERank::Veteran,,EGameDifficulty::Stalker,{},[2],GeneralNPC_Duty_Heavy_ItemGenerator.ItemGenerator.[3].PossibleItems.[2],GunGrim_ST,,weight,100,,,,0,6,0.25,0.5,"{""ItemPrototypeSID"":""GunGrim_ST"",""Weight"":""100"",""MinDurability"":""0.25"",""MaxDurability"":""0.5"",""AmmoMinCount"":""0"",""AmmoMaxCount"":""6""}"
vanilla/Stalker2/Content/GameLite/GameData/ItemGeneratorPrototypes.cfg,ordinary role,Duty,Heavy,GeneralNPC_Duty_Heavy_ItemGenerator,GeneralNPC_Duty_Heavy_ItemGenerator,[0],"{""SID"":""GeneralNPC_Duty_Heavy_ItemGenerator"",""RefreshTime"":""1d"",""SpecificRewardSound"":""EUISound::SystemNotificationNews""}",[3],WeaponPrimary,ERank::Veteran,,EGameDifficulty::Stalker,{},[3],GeneralNPC_Duty_Heavy_ItemGenerator.ItemGenerator.[3].PossibleItems.[3],GunLavina_ST,,weight,100,,,,0,6,0.25,0.5,"{""ItemPrototypeSID"":""GunLavina_ST"",""Weight"":""100"",""MinDurability"":""0.25"",""MaxDurability"":""0.5"",""AmmoMinCount"":""0"",""AmmoMaxCount"":""6""}"
vanilla/Stalker2/Content/GameLite/GameData/ItemGeneratorPrototypes.cfg,ordinary role,Duty,Heavy,GeneralNPC_Duty_Heavy_ItemGenerator,GeneralNPC_Duty_Heavy_ItemGenerator,[0],"{""SID"":""GeneralNPC_Duty_Heavy_ItemGenerator"",""RefreshTime"":""1d"",""SpecificRewardSound"":""EUISound::SystemNotificationNews""}",[4],WeaponPrimary,ERank::Master,,EGameDifficulty::Stalker,{},[0],GeneralNPC_Duty_Heavy_ItemGenerator.ItemGenerator.[4].PossibleItems.[0],GunPKP_MG,,weight,500,,,,0,6,0.25,0.5,"{""ItemPrototypeSID"":""GunPKP_MG"",""Weight"":""500"",""MinDurability"":""0.25"",""MaxDurability"":""0.5"",""AmmoMinCount"":""0"",""AmmoMaxCount"":""6""}"
vanilla/Stalker2/Content/GameLite/GameData/ItemGeneratorPrototypes.cfg,ordinary role,Duty,Heavy,GeneralNPC_Duty_Heavy_ItemGenerator,GeneralNPC_Duty_Heavy_ItemGenerator,[0],"{""SID"":""GeneralNPC_Duty_Heavy_ItemGenerator"",""RefreshTime"":""1d"",""SpecificRewardSound"":""EUISound::SystemNotificationNews""}",[5],SubItemGenerator,,,,{},[0],GeneralNPC_Duty_Heavy_ItemGenerator.ItemGenerator.[5].PossibleItems.[0],,GeneralNPC_Duty_Armor,chance,,1,,,,,,,"{""ItemGeneratorPrototypeSID"":""GeneralNPC_Duty_Armor"",""Chance"":""1""}"
vanilla/Stalker2/Content/GameLite/GameData/ItemGeneratorPrototypes.cfg,ordinary role,Duty,Heavy,GeneralNPC_Duty_Heavy_ItemGenerator,GeneralNPC_Duty_Heavy_ItemGenerator,[0],"{""SID"":""GeneralNPC_Duty_Heavy_ItemGenerator"",""RefreshTime"":""1d"",""SpecificRewardSound"":""EUISound::SystemNotificationNews""}",[5],SubItemGenerator,,,,{},[1],GeneralNPC_Duty_Heavy_ItemGenerator.ItemGenerator.[5].PossibleItems.[1],,GeneralNPC_Duty_WeaponPistol,chance,,0.1,,,,,,,"{""ItemGeneratorPrototypeSID"":""GeneralNPC_Duty_WeaponPistol"",""Chance"":""0.1""}"
vanilla/Stalker2/Content/GameLite/GameData/ItemGeneratorPrototypes.cfg,ordinary role,Duty,Heavy,GeneralNPC_Duty_Heavy_ItemGenerator,GeneralNPC_Duty_Heavy_ItemGenerator,[0],"{""SID"":""GeneralNPC_Duty_Heavy_ItemGenerator"",""RefreshTime"":""1d"",""SpecificRewardSound"":""EUISound::SystemNotificationNews""}",[6],SubItemGenerator,,,,{},[0],GeneralNPC_Duty_Heavy_ItemGenerator.ItemGenerator.[6].PossibleItems.[0],,GeneralNPC_Consumables_Heavy,weight,1,,,,,,,,"{""ItemGeneratorPrototypeSID"":""GeneralNPC_Consumables_Heavy"",""Weight"":""1""}"
vanilla/Stalker2/Content/GameLite/GameData/ItemGeneratorPrototypes.cfg,ordinary role,Duty,Heavy,GeneralNPC_Duty_Heavy_ItemGenerator,GeneralNPC_Duty_Heavy_ItemGenerator,[0],"{""SID"":""GeneralNPC_Duty_Heavy_ItemGenerator"",""RefreshTime"":""1d"",""SpecificRewardSound"":""EUISound::SystemNotificationNews""}",[7],Detector,,,,{},[0],GeneralNPC_Duty_Heavy_ItemGenerator.ItemGenerator.[7].PossibleItems.[0],Echo,,chance,,0.05,1,,,,,,"{""ItemPrototypeSID"":""Echo"",""Chance"":""0.05"",""MinCount"":""1""}"
vanilla/Stalker2/Content/GameLite/GameData/ItemGeneratorPrototypes.cfg,ordinary role,Duty,Heavy,GeneralNPC_Duty_Heavy_ItemGenerator,GeneralNPC_Duty_Heavy_ItemGenerator,[0],"{""SID"":""GeneralNPC_Duty_Heavy_ItemGenerator"",""RefreshTime"":""1d"",""SpecificRewardSound"":""EUISound::SystemNotificationNews""}",[8],Artifact,,,,{},[0],GeneralNPC_Duty_Heavy_ItemGenerator.ItemGenerator.[8].PossibleItems.[0],GrenadeRGD5,,chance,,0.2,1,1,,,,,"{""ItemPrototypeSID"":""GrenadeRGD5"",""Chance"":""0.2"",""MinCount"":""1"",""MaxCount"":""1""}"
vanilla/Stalker2/Content/GameLite/GameData/ItemGeneratorPrototypes.cfg,ordinary role,Duty,Heavy,GeneralNPC_Duty_Heavy_ItemGenerator,GeneralNPC_Duty_Heavy_ItemGenerator,[0],"{""SID"":""GeneralNPC_Duty_Heavy_ItemGenerator"",""RefreshTime"":""1d"",""SpecificRewardSound"":""EUISound::SystemNotificationNews""}",[9],SubItemGenerator,,,,{},[0],GeneralNPC_Duty_Heavy_ItemGenerator.ItemGenerator.[9].PossibleItems.[0],,GeneralNPC_Duty_NVG,chance,,1,,,,,,,"{""ItemGeneratorPrototypeSID"":""GeneralNPC_Duty_NVG"",""Chance"":""1""}"
vanilla/Stalker2/Content/GameLite/GameData/ItemGeneratorPrototypes.cfg,shared helper,Freedom,Armor,GeneralNPC_Freedom_Armor,GeneralNPC_Freedom_Armor,[0],"{""SID"":""GeneralNPC_Freedom_Armor"",""SpecificRewardSound"":""EUISound::SystemNotificationNews""}",[0],BodyArmor,ERank::Newbie,,,{},[0],GeneralNPC_Freedom_Armor.ItemGenerator.[0].PossibleItems.[0],Rook_Svoboda_Armor,,weight,1.0,,,,,,,,"{""ItemPrototypeSID"":""Rook_Svoboda_Armor"",""Weight"":""1.0""}"
vanilla/Stalker2/Content/GameLite/GameData/ItemGeneratorPrototypes.cfg,shared helper,Freedom,Armor,GeneralNPC_Freedom_Armor,GeneralNPC_Freedom_Armor,[0],"{""SID"":""GeneralNPC_Freedom_Armor"",""SpecificRewardSound"":""EUISound::SystemNotificationNews""}",[1],BodyArmor,ERank::Experienced,,,{},[0],GeneralNPC_Freedom_Armor.ItemGenerator.[1].PossibleItems.[0],Battle_Svoboda_Armor,,weight,1.0,,,,,,,,"{""ItemPrototypeSID"":""Battle_Svoboda_Armor"",""Weight"":""1.0""}"
vanilla/Stalker2/Content/GameLite/GameData/ItemGeneratorPrototypes.cfg,shared helper,Freedom,Armor,GeneralNPC_Freedom_Armor,GeneralNPC_Freedom_Armor,[0],"{""SID"":""GeneralNPC_Freedom_Armor"",""SpecificRewardSound"":""EUISound::SystemNotificationNews""}",[2],BodyArmor,ERank::Veteran,,,{},[0],GeneralNPC_Freedom_Armor.ItemGenerator.[2].PossibleItems.[0],Heavy_Svoboda_Armor,,weight,1.0,,,,,,,,"{""ItemPrototypeSID"":""Heavy_Svoboda_Armor"",""Weight"":""1.0""}"
vanilla/Stalker2/Content/GameLite/GameData/ItemGeneratorPrototypes.cfg,shared helper,Freedom,Armor,GeneralNPC_Freedom_Armor,GeneralNPC_Freedom_Armor,[0],"{""SID"":""GeneralNPC_Freedom_Armor"",""SpecificRewardSound"":""EUISound::SystemNotificationNews""}",[2],BodyArmor,ERank::Veteran,,,{},[1],GeneralNPC_Freedom_Armor.ItemGenerator.[2].PossibleItems.[1],SEVA_Svoboda_Armor,,weight,1.0,,,,,,,,"{""ItemPrototypeSID"":""SEVA_Svoboda_Armor"",""Weight"":""1.0""}"
vanilla/Stalker2/Content/GameLite/GameData/ItemGeneratorPrototypes.cfg,shared helper,Freedom,Armor,GeneralNPC_Freedom_Armor,GeneralNPC_Freedom_Armor,[0],"{""SID"":""GeneralNPC_Freedom_Armor"",""SpecificRewardSound"":""EUISound::SystemNotificationNews""}",[3],BodyArmor,ERank::Master,,,{},[0],GeneralNPC_Freedom_Armor.ItemGenerator.[3].PossibleItems.[0],HeavyExoskeleton_Svoboda_Armor,,weight,2.0,,,,,,,,"{""ItemPrototypeSID"":""HeavyExoskeleton_Svoboda_Armor"",""Weight"":""2.0""}"
vanilla/Stalker2/Content/GameLite/GameData/ItemGeneratorPrototypes.cfg,shared helper,Freedom,Armor,GeneralNPC_Freedom_Armor,GeneralNPC_Freedom_Armor,[0],"{""SID"":""GeneralNPC_Freedom_Armor"",""SpecificRewardSound"":""EUISound::SystemNotificationNews""}",[3],BodyArmor,ERank::Master,,,{},[1],GeneralNPC_Freedom_Armor.ItemGenerator.[3].PossibleItems.[1],Exoskeleton_Svoboda_Armor,,weight,2.0,,,,,,,,"{""ItemPrototypeSID"":""Exoskeleton_Svoboda_Armor"",""Weight"":""2.0""}"
vanilla/Stalker2/Content/GameLite/GameData/ItemGeneratorPrototypes.cfg,shared helper,Freedom,Armor,GeneralNPC_Freedom_Armor,GeneralNPC_Freedom_Armor,[0],"{""SID"":""GeneralNPC_Freedom_Armor"",""SpecificRewardSound"":""EUISound::SystemNotificationNews""}",[3],BodyArmor,ERank::Master,,,{},[2],GeneralNPC_Freedom_Armor.ItemGenerator.[3].PossibleItems.[2],Heavy_Svoboda_Armor,,weight,5.0,,,,,,,,"{""ItemPrototypeSID"":""Heavy_Svoboda_Armor"",""Weight"":""5.0""}"
vanilla/Stalker2/Content/GameLite/GameData/ItemGeneratorPrototypes.cfg,shared helper,Freedom,Armor,GeneralNPC_Freedom_Armor,GeneralNPC_Freedom_Armor,[0],"{""SID"":""GeneralNPC_Freedom_Armor"",""SpecificRewardSound"":""EUISound::SystemNotificationNews""}",[3],BodyArmor,ERank::Master,,,{},[3],GeneralNPC_Freedom_Armor.ItemGenerator.[3].PossibleItems.[3],SEVA_Svoboda_Armor,,weight,3.0,,,,,,,,"{""ItemPrototypeSID"":""SEVA_Svoboda_Armor"",""Weight"":""3.0""}"
vanilla/Stalker2/Content/GameLite/GameData/ItemGeneratorPrototypes.cfg,shared helper,Freedom,Armor,GeneralNPC_Freedom_Armor,GeneralNPC_Freedom_Armor,[0],"{""SID"":""GeneralNPC_Freedom_Armor"",""SpecificRewardSound"":""EUISound::SystemNotificationNews""}",[4],Head,ERank::Experienced,,,{},[0],GeneralNPC_Freedom_Armor.ItemGenerator.[4].PossibleItems.[0],Heavy_Svoboda_Helmet,,chance,,0.3,,,,,,,"{""ItemPrototypeSID"":""Heavy_Svoboda_Helmet"",""Chance"":""0.3""}"
vanilla/Stalker2/Content/GameLite/GameData/ItemGeneratorPrototypes.cfg,ordinary role,Freedom,CloseCombat,GeneralNPC_Freedom_CloseCombat_ItemGenerator,GeneralNPC_Freedom_CloseCombat_ItemGenerator,[0],"{""SID"":""GeneralNPC_Freedom_CloseCombat_ItemGenerator"",""RefreshTime"":""1d"",""SpecificRewardSound"":""EUISound::SystemNotificationNews""}",[0],WeaponPrimary,"ERank::Newbie, ERank::Experienced",,,{},[0],GeneralNPC_Freedom_CloseCombat_ItemGenerator.ItemGenerator.[0].PossibleItems.[0],GunM860_SG,,weight,1000,,,,0,5,0.25,0.5,"{""ItemPrototypeSID"":""GunM860_SG"",""Weight"":""1000"",""MinDurability"":""0.25"",""MaxDurability"":""0.5"",""AmmoMinCount"":""0"",""AmmoMaxCount"":""5""}"
vanilla/Stalker2/Content/GameLite/GameData/ItemGeneratorPrototypes.cfg,ordinary role,Freedom,CloseCombat,GeneralNPC_Freedom_CloseCombat_ItemGenerator,GeneralNPC_Freedom_CloseCombat_ItemGenerator,[0],"{""SID"":""GeneralNPC_Freedom_CloseCombat_ItemGenerator"",""RefreshTime"":""1d"",""SpecificRewardSound"":""EUISound::SystemNotificationNews""}",[1],WeaponPrimary,ERank::Veteran,,"EGameDifficulty::Easy, EGameDifficulty::Medium, EGameDifficulty::Hard",{},[0],GeneralNPC_Freedom_CloseCombat_ItemGenerator.ItemGenerator.[1].PossibleItems.[0],GunSPSA_SG,,weight,100,,,,2,4,0.25,0.5,"{""ItemPrototypeSID"":""GunSPSA_SG"",""Weight"":""100"",""MinDurability"":""0.25"",""MaxDurability"":""0.5"",""AmmoMinCount"":""2"",""AmmoMaxCount"":""4""}"
vanilla/Stalker2/Content/GameLite/GameData/ItemGeneratorPrototypes.cfg,ordinary role,Freedom,CloseCombat,GeneralNPC_Freedom_CloseCombat_ItemGenerator,GeneralNPC_Freedom_CloseCombat_ItemGenerator,[0],"{""SID"":""GeneralNPC_Freedom_CloseCombat_ItemGenerator"",""RefreshTime"":""1d"",""SpecificRewardSound"":""EUISound::SystemNotificationNews""}",[1],WeaponPrimary,ERank::Veteran,,"EGameDifficulty::Easy, EGameDifficulty::Medium, EGameDifficulty::Hard",{},[1],GeneralNPC_Freedom_CloseCombat_ItemGenerator.ItemGenerator.[1].PossibleItems.[1],GunM860_SG,,weight,1000,,,,0,5,0.25,0.5,"{""ItemPrototypeSID"":""GunM860_SG"",""Weight"":""1000"",""MinDurability"":""0.25"",""MaxDurability"":""0.5"",""AmmoMinCount"":""0"",""AmmoMaxCount"":""5""}"
vanilla/Stalker2/Content/GameLite/GameData/ItemGeneratorPrototypes.cfg,ordinary role,Freedom,CloseCombat,GeneralNPC_Freedom_CloseCombat_ItemGenerator,GeneralNPC_Freedom_CloseCombat_ItemGenerator,[0],"{""SID"":""GeneralNPC_Freedom_CloseCombat_ItemGenerator"",""RefreshTime"":""1d"",""SpecificRewardSound"":""EUISound::SystemNotificationNews""}",[2],WeaponPrimary,ERank::Master,,"EGameDifficulty::Easy, EGameDifficulty::Medium, EGameDifficulty::Hard",{},[0],GeneralNPC_Freedom_CloseCombat_ItemGenerator.ItemGenerator.[2].PossibleItems.[0],GunRam2_SG,,weight,500,,,,2,4,0.25,0.5,"{""ItemPrototypeSID"":""GunRam2_SG"",""Weight"":""500"",""MinDurability"":""0.25"",""MaxDurability"":""0.5"",""AmmoMinCount"":""2"",""AmmoMaxCount"":""4""}"
vanilla/Stalker2/Content/GameLite/GameData/ItemGeneratorPrototypes.cfg,ordinary role,Freedom,CloseCombat,GeneralNPC_Freedom_CloseCombat_ItemGenerator,GeneralNPC_Freedom_CloseCombat_ItemGenerator,[0],"{""SID"":""GeneralNPC_Freedom_CloseCombat_ItemGenerator"",""RefreshTime"":""1d"",""SpecificRewardSound"":""EUISound::SystemNotificationNews""}",[2],WeaponPrimary,ERank::Master,,"EGameDifficulty::Easy, EGameDifficulty::Medium, EGameDifficulty::Hard",{},[1],GeneralNPC_Freedom_CloseCombat_ItemGenerator.ItemGenerator.[2].PossibleItems.[1],GunSPSA_SG,,weight,1000,,,,2,4,0.25,0.5,"{""ItemPrototypeSID"":""GunSPSA_SG"",""Weight"":""1000"",""MinDurability"":""0.25"",""MaxDurability"":""0.5"",""AmmoMinCount"":""2"",""AmmoMaxCount"":""4""}"
vanilla/Stalker2/Content/GameLite/GameData/ItemGeneratorPrototypes.cfg,ordinary role,Freedom,CloseCombat,GeneralNPC_Freedom_CloseCombat_ItemGenerator,GeneralNPC_Freedom_CloseCombat_ItemGenerator,[0],"{""SID"":""GeneralNPC_Freedom_CloseCombat_ItemGenerator"",""RefreshTime"":""1d"",""SpecificRewardSound"":""EUISound::SystemNotificationNews""}",[2],WeaponPrimary,ERank::Master,,"EGameDifficulty::Easy, EGameDifficulty::Medium, EGameDifficulty::Hard",{},[2],GeneralNPC_Freedom_CloseCombat_ItemGenerator.ItemGenerator.[2].PossibleItems.[2],GunM860_SG,,weight,300,,,,0,5,0.25,0.5,"{""ItemPrototypeSID"":""GunM860_SG"",""Weight"":""300"",""MinDurability"":""0.25"",""MaxDurability"":""0.5"",""AmmoMinCount"":""0"",""AmmoMaxCount"":""5""}"
vanilla/Stalker2/Content/GameLite/GameData/ItemGeneratorPrototypes.cfg,ordinary role,Freedom,CloseCombat,GeneralNPC_Freedom_CloseCombat_ItemGenerator,GeneralNPC_Freedom_CloseCombat_ItemGenerator,[0],"{""SID"":""GeneralNPC_Freedom_CloseCombat_ItemGenerator"",""RefreshTime"":""1d"",""SpecificRewardSound"":""EUISound::SystemNotificationNews""}",[3],WeaponPrimary,ERank::Veteran,,EGameDifficulty::Stalker,{},[0],GeneralNPC_Freedom_CloseCombat_ItemGenerator.ItemGenerator.[3].PossibleItems.[0],GunSPSA_SG,,weight,100,,,,1,4,0.25,0.5,"{""ItemPrototypeSID"":""GunSPSA_SG"",""Weight"":""100"",""MinDurability"":""0.25"",""MaxDurability"":""0.5"",""AmmoMinCount"":""1"",""AmmoMaxCount"":""4""}"
vanilla/Stalker2/Content/GameLite/GameData/ItemGeneratorPrototypes.cfg,ordinary role,Freedom,CloseCombat,GeneralNPC_Freedom_CloseCombat_ItemGenerator,GeneralNPC_Freedom_CloseCombat_ItemGenerator,[0],"{""SID"":""GeneralNPC_Freedom_CloseCombat_ItemGenerator"",""RefreshTime"":""1d"",""SpecificRewardSound"":""EUISound::SystemNotificationNews""}",[3],WeaponPrimary,ERank::Veteran,,EGameDifficulty::Stalker,{},[1],GeneralNPC_Freedom_CloseCombat_ItemGenerator.ItemGenerator.[3].PossibleItems.[1],GunM860_SG,,weight,1000,,,,0,5,0.25,0.5,"{""ItemPrototypeSID"":""GunM860_SG"",""Weight"":""1000"",""MinDurability"":""0.25"",""MaxDurability"":""0.5"",""AmmoMinCount"":""0"",""AmmoMaxCount"":""5""}"
vanilla/Stalker2/Content/GameLite/GameData/ItemGeneratorPrototypes.cfg,ordinary role,Freedom,CloseCombat,GeneralNPC_Freedom_CloseCombat_ItemGenerator,GeneralNPC_Freedom_CloseCombat_ItemGenerator,[0],"{""SID"":""GeneralNPC_Freedom_CloseCombat_ItemGenerator"",""RefreshTime"":""1d"",""SpecificRewardSound"":""EUISound::SystemNotificationNews""}",[4],WeaponPrimary,ERank::Master,,EGameDifficulty::Stalker,{},[0],GeneralNPC_Freedom_CloseCombat_ItemGenerator.ItemGenerator.[4].PossibleItems.[0],GunRam2_SG,,weight,500,,,,1,4,0.25,0.5,"{""ItemPrototypeSID"":""GunRam2_SG"",""Weight"":""500"",""MinDurability"":""0.25"",""MaxDurability"":""0.5"",""AmmoMinCount"":""1"",""AmmoMaxCount"":""4""}"
vanilla/Stalker2/Content/GameLite/GameData/ItemGeneratorPrototypes.cfg,ordinary role,Freedom,CloseCombat,GeneralNPC_Freedom_CloseCombat_ItemGenerator,GeneralNPC_Freedom_CloseCombat_ItemGenerator,[0],"{""SID"":""GeneralNPC_Freedom_CloseCombat_ItemGenerator"",""RefreshTime"":""1d"",""SpecificRewardSound"":""EUISound::SystemNotificationNews""}",[4],WeaponPrimary,ERank::Master,,EGameDifficulty::Stalker,{},[1],GeneralNPC_Freedom_CloseCombat_ItemGenerator.ItemGenerator.[4].PossibleItems.[1],GunSPSA_SG,,weight,1000,,,,1,4,0.25,0.5,"{""ItemPrototypeSID"":""GunSPSA_SG"",""Weight"":""1000"",""MinDurability"":""0.25"",""MaxDurability"":""0.5"",""AmmoMinCount"":""1"",""AmmoMaxCount"":""4""}"
vanilla/Stalker2/Content/GameLite/GameData/ItemGeneratorPrototypes.cfg,ordinary role,Freedom,CloseCombat,GeneralNPC_Freedom_CloseCombat_ItemGenerator,GeneralNPC_Freedom_CloseCombat_ItemGenerator,[0],"{""SID"":""GeneralNPC_Freedom_CloseCombat_ItemGenerator"",""RefreshTime"":""1d"",""SpecificRewardSound"":""EUISound::SystemNotificationNews""}",[4],WeaponPrimary,ERank::Master,,EGameDifficulty::Stalker,{},[2],GeneralNPC_Freedom_CloseCombat_ItemGenerator.ItemGenerator.[4].PossibleItems.[2],GunM860_SG,,weight,300,,,,0,5,0.25,0.5,"{""ItemPrototypeSID"":""GunM860_SG"",""Weight"":""300"",""MinDurability"":""0.25"",""MaxDurability"":""0.5"",""AmmoMinCount"":""0"",""AmmoMaxCount"":""5""}"
vanilla/Stalker2/Content/GameLite/GameData/ItemGeneratorPrototypes.cfg,ordinary role,Freedom,CloseCombat,GeneralNPC_Freedom_CloseCombat_ItemGenerator,GeneralNPC_Freedom_CloseCombat_ItemGenerator,[0],"{""SID"":""GeneralNPC_Freedom_CloseCombat_ItemGenerator"",""RefreshTime"":""1d"",""SpecificRewardSound"":""EUISound::SystemNotificationNews""}",[5],SubItemGenerator,,,,{},[0],GeneralNPC_Freedom_CloseCombat_ItemGenerator.ItemGenerator.[5].PossibleItems.[0],,GeneralNPC_Freedom_Armor,chance,,1,,,,,,,"{""ItemGeneratorPrototypeSID"":""GeneralNPC_Freedom_Armor"",""Chance"":""1""}"
vanilla/Stalker2/Content/GameLite/GameData/ItemGeneratorPrototypes.cfg,ordinary role,Freedom,CloseCombat,GeneralNPC_Freedom_CloseCombat_ItemGenerator,GeneralNPC_Freedom_CloseCombat_ItemGenerator,[0],"{""SID"":""GeneralNPC_Freedom_CloseCombat_ItemGenerator"",""RefreshTime"":""1d"",""SpecificRewardSound"":""EUISound::SystemNotificationNews""}",[5],SubItemGenerator,,,,{},[1],GeneralNPC_Freedom_CloseCombat_ItemGenerator.ItemGenerator.[5].PossibleItems.[1],,GeneralNPC_Freedom_WeaponPistol,chance,,0.3,,,,,,,"{""ItemGeneratorPrototypeSID"":""GeneralNPC_Freedom_WeaponPistol"",""Chance"":""0.3""}"
vanilla/Stalker2/Content/GameLite/GameData/ItemGeneratorPrototypes.cfg,ordinary role,Freedom,CloseCombat,GeneralNPC_Freedom_CloseCombat_ItemGenerator,GeneralNPC_Freedom_CloseCombat_ItemGenerator,[0],"{""SID"":""GeneralNPC_Freedom_CloseCombat_ItemGenerator"",""RefreshTime"":""1d"",""SpecificRewardSound"":""EUISound::SystemNotificationNews""}",[6],SubItemGenerator,,,,{},[0],GeneralNPC_Freedom_CloseCombat_ItemGenerator.ItemGenerator.[6].PossibleItems.[0],,GeneralNPC_Consumables_CloseCombat,weight,1,,,,,,,,"{""ItemGeneratorPrototypeSID"":""GeneralNPC_Consumables_CloseCombat"",""Weight"":""1""}"
vanilla/Stalker2/Content/GameLite/GameData/ItemGeneratorPrototypes.cfg,ordinary role,Freedom,CloseCombat,GeneralNPC_Freedom_CloseCombat_ItemGenerator,GeneralNPC_Freedom_CloseCombat_ItemGenerator,[0],"{""SID"":""GeneralNPC_Freedom_CloseCombat_ItemGenerator"",""RefreshTime"":""1d"",""SpecificRewardSound"":""EUISound::SystemNotificationNews""}",[7],Detector,,,,{},[0],GeneralNPC_Freedom_CloseCombat_ItemGenerator.ItemGenerator.[7].PossibleItems.[0],Echo,,chance,,0.05,1,,,,,,"{""ItemPrototypeSID"":""Echo"",""Chance"":""0.05"",""MinCount"":""1""}"
vanilla/Stalker2/Content/GameLite/GameData/ItemGeneratorPrototypes.cfg,ordinary role,Freedom,CloseCombat,GeneralNPC_Freedom_CloseCombat_ItemGenerator,GeneralNPC_Freedom_CloseCombat_ItemGenerator,[0],"{""SID"":""GeneralNPC_Freedom_CloseCombat_ItemGenerator"",""RefreshTime"":""1d"",""SpecificRewardSound"":""EUISound::SystemNotificationNews""}",[8],Artifact,,,,{},[0],GeneralNPC_Freedom_CloseCombat_ItemGenerator.ItemGenerator.[8].PossibleItems.[0],GrenadeRGD5,,chance,,0.2,1,1,,,,,"{""ItemPrototypeSID"":""GrenadeRGD5"",""Chance"":""0.2"",""MinCount"":""1"",""MaxCount"":""1""}"
vanilla/Stalker2/Content/GameLite/GameData/ItemGeneratorPrototypes.cfg,ordinary role,Freedom,CloseCombat,GeneralNPC_Freedom_CloseCombat_ItemGenerator,GeneralNPC_Freedom_CloseCombat_ItemGenerator,[0],"{""SID"":""GeneralNPC_Freedom_CloseCombat_ItemGenerator"",""RefreshTime"":""1d"",""SpecificRewardSound"":""EUISound::SystemNotificationNews""}",[9],SubItemGenerator,,,,{},[0],GeneralNPC_Freedom_CloseCombat_ItemGenerator.ItemGenerator.[9].PossibleItems.[0],,GeneralNPC_Freedom_NVG,chance,,1,,,,,,,"{""ItemGeneratorPrototypeSID"":""GeneralNPC_Freedom_NVG"",""Chance"":""1""}"
vanilla/Stalker2/Content/GameLite/GameData/ItemGeneratorPrototypes.cfg,ordinary role,Freedom,Recon,GeneralNPC_Freedom_Recon_ItemGenerator,GeneralNPC_Freedom_Recon_ItemGenerator,[0],"{""SID"":""GeneralNPC_Freedom_Recon_ItemGenerator"",""RefreshTime"":""1d"",""SpecificRewardSound"":""EUISound::SystemNotificationNews""}",[0],WeaponPrimary,"ERank::Newbie, ERank::Experienced",,"EGameDifficulty::Easy, EGameDifficulty::Medium, EGameDifficulty::Hard",{},[0],GeneralNPC_Freedom_Recon_ItemGenerator.ItemGenerator.[0].PossibleItems.[0],GunViper_PP,,weight,1000,,,,0,7,0.25,0.5,"{""ItemPrototypeSID"":""GunViper_PP"",""Weight"":""1000"",""MinDurability"":""0.25"",""MaxDurability"":""0.5"",""AmmoMinCount"":""0"",""AmmoMaxCount"":""7""}"
vanilla/Stalker2/Content/GameLite/GameData/ItemGeneratorPrototypes.cfg,ordinary role,Freedom,Recon,GeneralNPC_Freedom_Recon_ItemGenerator,GeneralNPC_Freedom_Recon_ItemGenerator,[0],"{""SID"":""GeneralNPC_Freedom_Recon_ItemGenerator"",""RefreshTime"":""1d"",""SpecificRewardSound"":""EUISound::SystemNotificationNews""}",[1],WeaponPrimary,ERank::Veteran,,"EGameDifficulty::Easy, EGameDifficulty::Medium, EGameDifficulty::Hard",{},[0],GeneralNPC_Freedom_Recon_ItemGenerator.ItemGenerator.[1].PossibleItems.[0],GunViper_PP,,weight,400,,,,0,7,0.25,0.5,"{""ItemPrototypeSID"":""GunViper_PP"",""Weight"":""400"",""MinDurability"":""0.25"",""MaxDurability"":""0.5"",""AmmoMinCount"":""0"",""AmmoMaxCount"":""7""}"
vanilla/Stalker2/Content/GameLite/GameData/ItemGeneratorPrototypes.cfg,ordinary role,Freedom,Recon,GeneralNPC_Freedom_Recon_ItemGenerator,GeneralNPC_Freedom_Recon_ItemGenerator,[0],"{""SID"":""GeneralNPC_Freedom_Recon_ItemGenerator"",""RefreshTime"":""1d"",""SpecificRewardSound"":""EUISound::SystemNotificationNews""}",[1],WeaponPrimary,ERank::Veteran,,"EGameDifficulty::Easy, EGameDifficulty::Medium, EGameDifficulty::Hard",{},[1],GeneralNPC_Freedom_Recon_ItemGenerator.ItemGenerator.[1].PossibleItems.[1],GunIntegral_PP,,weight,200,,,,0,7,0.25,0.5,"{""ItemPrototypeSID"":""GunIntegral_PP"",""Weight"":""200"",""MinDurability"":""0.25"",""MaxDurability"":""0.5"",""AmmoMinCount"":""0"",""AmmoMaxCount"":""7""}"
vanilla/Stalker2/Content/GameLite/GameData/ItemGeneratorPrototypes.cfg,ordinary role,Freedom,Recon,GeneralNPC_Freedom_Recon_ItemGenerator,GeneralNPC_Freedom_Recon_ItemGenerator,[0],"{""SID"":""GeneralNPC_Freedom_Recon_ItemGenerator"",""RefreshTime"":""1d"",""SpecificRewardSound"":""EUISound::SystemNotificationNews""}",[1],WeaponPrimary,ERank::Veteran,,"EGameDifficulty::Easy, EGameDifficulty::Medium, EGameDifficulty::Hard",{},[2],GeneralNPC_Freedom_Recon_ItemGenerator.ItemGenerator.[1].PossibleItems.[2],GunFora230_PP,,weight,1000,,,,0,7,0.25,0.5,"{""ItemPrototypeSID"":""GunFora230_PP"",""Weight"":""1000"",""MinDurability"":""0.25"",""MaxDurability"":""0.5"",""AmmoMinCount"":""0"",""AmmoMaxCount"":""7""}"
vanilla/Stalker2/Content/GameLite/GameData/ItemGeneratorPrototypes.cfg,ordinary role,Freedom,Recon,GeneralNPC_Freedom_Recon_ItemGenerator,GeneralNPC_Freedom_Recon_ItemGenerator,[0],"{""SID"":""GeneralNPC_Freedom_Recon_ItemGenerator"",""RefreshTime"":""1d"",""SpecificRewardSound"":""EUISound::SystemNotificationNews""}",[2],WeaponPrimary,ERank::Master,,"EGameDifficulty::Easy, EGameDifficulty::Medium, EGameDifficulty::Hard",{},[0],GeneralNPC_Freedom_Recon_ItemGenerator.ItemGenerator.[2].PossibleItems.[0],GunIntegral_PP,,weight,600,,,,0,7,0.25,0.5,"{""ItemPrototypeSID"":""GunIntegral_PP"",""Weight"":""600"",""MinDurability"":""0.25"",""MaxDurability"":""0.5"",""AmmoMinCount"":""0"",""AmmoMaxCount"":""7""}"
vanilla/Stalker2/Content/GameLite/GameData/ItemGeneratorPrototypes.cfg,ordinary role,Freedom,Recon,GeneralNPC_Freedom_Recon_ItemGenerator,GeneralNPC_Freedom_Recon_ItemGenerator,[0],"{""SID"":""GeneralNPC_Freedom_Recon_ItemGenerator"",""RefreshTime"":""1d"",""SpecificRewardSound"":""EUISound::SystemNotificationNews""}",[2],WeaponPrimary,ERank::Master,,"EGameDifficulty::Easy, EGameDifficulty::Medium, EGameDifficulty::Hard",{},[1],GeneralNPC_Freedom_Recon_ItemGenerator.ItemGenerator.[2].PossibleItems.[1],GunFora230_PP,,weight,1000,,,,0,7,0.25,0.5,"{""ItemPrototypeSID"":""GunFora230_PP"",""Weight"":""1000"",""MinDurability"":""0.25"",""MaxDurability"":""0.5"",""AmmoMinCount"":""0"",""AmmoMaxCount"":""7""}"
vanilla/Stalker2/Content/GameLite/GameData/ItemGeneratorPrototypes.cfg,ordinary role,Freedom,Recon,GeneralNPC_Freedom_Recon_ItemGenerator,GeneralNPC_Freedom_Recon_ItemGenerator,[0],"{""SID"":""GeneralNPC_Freedom_Recon_ItemGenerator"",""RefreshTime"":""1d"",""SpecificRewardSound"":""EUISound::SystemNotificationNews""}",[3],WeaponPrimary,"ERank::Newbie, ERank::Experienced",,EGameDifficulty::Stalker,{},[0],GeneralNPC_Freedom_Recon_ItemGenerator.ItemGenerator.[3].PossibleItems.[0],GunViper_PP,,weight,1000,,,,0,6,0.25,0.5,"{""ItemPrototypeSID"":""GunViper_PP"",""Weight"":""1000"",""MinDurability"":""0.25"",""MaxDurability"":""0.5"",""AmmoMinCount"":""0"",""AmmoMaxCount"":""6""}"
vanilla/Stalker2/Content/GameLite/GameData/ItemGeneratorPrototypes.cfg,ordinary role,Freedom,Recon,GeneralNPC_Freedom_Recon_ItemGenerator,GeneralNPC_Freedom_Recon_ItemGenerator,[0],"{""SID"":""GeneralNPC_Freedom_Recon_ItemGenerator"",""RefreshTime"":""1d"",""SpecificRewardSound"":""EUISound::SystemNotificationNews""}",[4],WeaponPrimary,ERank::Veteran,,EGameDifficulty::Stalker,{},[0],GeneralNPC_Freedom_Recon_ItemGenerator.ItemGenerator.[4].PossibleItems.[0],GunViper_PP,,weight,400,,,,0,6,0.25,0.5,"{""ItemPrototypeSID"":""GunViper_PP"",""Weight"":""400"",""MinDurability"":""0.25"",""MaxDurability"":""0.5"",""AmmoMinCount"":""0"",""AmmoMaxCount"":""6""}"
vanilla/Stalker2/Content/GameLite/GameData/ItemGeneratorPrototypes.cfg,ordinary role,Freedom,Recon,GeneralNPC_Freedom_Recon_ItemGenerator,GeneralNPC_Freedom_Recon_ItemGenerator,[0],"{""SID"":""GeneralNPC_Freedom_Recon_ItemGenerator"",""RefreshTime"":""1d"",""SpecificRewardSound"":""EUISound::SystemNotificationNews""}",[4],WeaponPrimary,ERank::Veteran,,EGameDifficulty::Stalker,{},[1],GeneralNPC_Freedom_Recon_ItemGenerator.ItemGenerator.[4].PossibleItems.[1],GunIntegral_PP,,weight,200,,,,0,6,0.25,0.5,"{""ItemPrototypeSID"":""GunIntegral_PP"",""Weight"":""200"",""MinDurability"":""0.25"",""MaxDurability"":""0.5"",""AmmoMinCount"":""0"",""AmmoMaxCount"":""6""}"
vanilla/Stalker2/Content/GameLite/GameData/ItemGeneratorPrototypes.cfg,ordinary role,Freedom,Recon,GeneralNPC_Freedom_Recon_ItemGenerator,GeneralNPC_Freedom_Recon_ItemGenerator,[0],"{""SID"":""GeneralNPC_Freedom_Recon_ItemGenerator"",""RefreshTime"":""1d"",""SpecificRewardSound"":""EUISound::SystemNotificationNews""}",[4],WeaponPrimary,ERank::Veteran,,EGameDifficulty::Stalker,{},[2],GeneralNPC_Freedom_Recon_ItemGenerator.ItemGenerator.[4].PossibleItems.[2],GunFora230_PP,,weight,1000,,,,0,6,0.25,0.5,"{""ItemPrototypeSID"":""GunFora230_PP"",""Weight"":""1000"",""MinDurability"":""0.25"",""MaxDurability"":""0.5"",""AmmoMinCount"":""0"",""AmmoMaxCount"":""6""}"
vanilla/Stalker2/Content/GameLite/GameData/ItemGeneratorPrototypes.cfg,ordinary role,Freedom,Recon,GeneralNPC_Freedom_Recon_ItemGenerator,GeneralNPC_Freedom_Recon_ItemGenerator,[0],"{""SID"":""GeneralNPC_Freedom_Recon_ItemGenerator"",""RefreshTime"":""1d"",""SpecificRewardSound"":""EUISound::SystemNotificationNews""}",[5],WeaponPrimary,ERank::Master,,EGameDifficulty::Stalker,{},[0],GeneralNPC_Freedom_Recon_ItemGenerator.ItemGenerator.[5].PossibleItems.[0],GunIntegral_PP,,weight,600,,,,0,6,0.25,0.5,"{""ItemPrototypeSID"":""GunIntegral_PP"",""Weight"":""600"",""MinDurability"":""0.25"",""MaxDurability"":""0.5"",""AmmoMinCount"":""0"",""AmmoMaxCount"":""6""}"
vanilla/Stalker2/Content/GameLite/GameData/ItemGeneratorPrototypes.cfg,ordinary role,Freedom,Recon,GeneralNPC_Freedom_Recon_ItemGenerator,GeneralNPC_Freedom_Recon_ItemGenerator,[0],"{""SID"":""GeneralNPC_Freedom_Recon_ItemGenerator"",""RefreshTime"":""1d"",""SpecificRewardSound"":""EUISound::SystemNotificationNews""}",[5],WeaponPrimary,ERank::Master,,EGameDifficulty::Stalker,{},[1],GeneralNPC_Freedom_Recon_ItemGenerator.ItemGenerator.[5].PossibleItems.[1],GunFora230_PP,,weight,1000,,,,0,6,0.25,0.5,"{""ItemPrototypeSID"":""GunFora230_PP"",""Weight"":""1000"",""MinDurability"":""0.25"",""MaxDurability"":""0.5"",""AmmoMinCount"":""0"",""AmmoMaxCount"":""6""}"
vanilla/Stalker2/Content/GameLite/GameData/ItemGeneratorPrototypes.cfg,ordinary role,Freedom,Recon,GeneralNPC_Freedom_Recon_ItemGenerator,GeneralNPC_Freedom_Recon_ItemGenerator,[0],"{""SID"":""GeneralNPC_Freedom_Recon_ItemGenerator"",""RefreshTime"":""1d"",""SpecificRewardSound"":""EUISound::SystemNotificationNews""}",[6],SubItemGenerator,,,,{},[0],GeneralNPC_Freedom_Recon_ItemGenerator.ItemGenerator.[6].PossibleItems.[0],,GeneralNPC_Freedom_Armor,chance,,1,,,,,,,"{""ItemGeneratorPrototypeSID"":""GeneralNPC_Freedom_Armor"",""Chance"":""1""}"
vanilla/Stalker2/Content/GameLite/GameData/ItemGeneratorPrototypes.cfg,ordinary role,Freedom,Recon,GeneralNPC_Freedom_Recon_ItemGenerator,GeneralNPC_Freedom_Recon_ItemGenerator,[0],"{""SID"":""GeneralNPC_Freedom_Recon_ItemGenerator"",""RefreshTime"":""1d"",""SpecificRewardSound"":""EUISound::SystemNotificationNews""}",[6],SubItemGenerator,,,,{},[1],GeneralNPC_Freedom_Recon_ItemGenerator.ItemGenerator.[6].PossibleItems.[1],,GeneralNPC_Freedom_WeaponPistol,chance,,0.25,,,,,,,"{""ItemGeneratorPrototypeSID"":""GeneralNPC_Freedom_WeaponPistol"",""Chance"":""0.25""}"
vanilla/Stalker2/Content/GameLite/GameData/ItemGeneratorPrototypes.cfg,ordinary role,Freedom,Recon,GeneralNPC_Freedom_Recon_ItemGenerator,GeneralNPC_Freedom_Recon_ItemGenerator,[0],"{""SID"":""GeneralNPC_Freedom_Recon_ItemGenerator"",""RefreshTime"":""1d"",""SpecificRewardSound"":""EUISound::SystemNotificationNews""}",[7],SubItemGenerator,,,,{},[0],GeneralNPC_Freedom_Recon_ItemGenerator.ItemGenerator.[7].PossibleItems.[0],,GeneralNPC_Consumables_Recon,weight,1,,,,,,,,"{""ItemGeneratorPrototypeSID"":""GeneralNPC_Consumables_Recon"",""Weight"":""1""}"
vanilla/Stalker2/Content/GameLite/GameData/ItemGeneratorPrototypes.cfg,ordinary role,Freedom,Recon,GeneralNPC_Freedom_Recon_ItemGenerator,GeneralNPC_Freedom_Recon_ItemGenerator,[0],"{""SID"":""GeneralNPC_Freedom_Recon_ItemGenerator"",""RefreshTime"":""1d"",""SpecificRewardSound"":""EUISound::SystemNotificationNews""}",[8],Artifact,,,,{},[0],GeneralNPC_Freedom_Recon_ItemGenerator.ItemGenerator.[8].PossibleItems.[0],GrenadeRGD5,,chance,,0.2,1,1,,,,,"{""ItemPrototypeSID"":""GrenadeRGD5"",""Chance"":""0.2"",""MinCount"":""1"",""MaxCount"":""1""}"
vanilla/Stalker2/Content/GameLite/GameData/ItemGeneratorPrototypes.cfg,ordinary role,Freedom,Recon,GeneralNPC_Freedom_Recon_ItemGenerator,GeneralNPC_Freedom_Recon_ItemGenerator,[0],"{""SID"":""GeneralNPC_Freedom_Recon_ItemGenerator"",""RefreshTime"":""1d"",""SpecificRewardSound"":""EUISound::SystemNotificationNews""}",[9],Detector,,,,{},[0],GeneralNPC_Freedom_Recon_ItemGenerator.ItemGenerator.[9].PossibleItems.[0],Echo,,chance,,0.05,1,,,,,,"{""ItemPrototypeSID"":""Echo"",""Chance"":""0.05"",""MinCount"":""1""}"
vanilla/Stalker2/Content/GameLite/GameData/ItemGeneratorPrototypes.cfg,ordinary role,Freedom,Recon,GeneralNPC_Freedom_Recon_ItemGenerator,GeneralNPC_Freedom_Recon_ItemGenerator,[0],"{""SID"":""GeneralNPC_Freedom_Recon_ItemGenerator"",""RefreshTime"":""1d"",""SpecificRewardSound"":""EUISound::SystemNotificationNews""}",[10],SubItemGenerator,,,,{},[0],GeneralNPC_Freedom_Recon_ItemGenerator.ItemGenerator.[10].PossibleItems.[0],,GeneralNPC_Freedom_NVG,chance,,1,,,,,,,"{""ItemGeneratorPrototypeSID"":""GeneralNPC_Freedom_NVG"",""Chance"":""1""}"
vanilla/Stalker2/Content/GameLite/GameData/ItemGeneratorPrototypes.cfg,ordinary role,Freedom,Stormtrooper,GeneralNPC_Freedom_Stormtrooper_ItemGenerator,GeneralNPC_Freedom_Stormtrooper_ItemGenerator,[0],"{""SID"":""GeneralNPC_Freedom_Stormtrooper_ItemGenerator"",""RefreshTime"":""1d"",""SpecificRewardSound"":""EUISound::SystemNotificationNews""}",[0],WeaponPrimary,"ERank::Newbie, ERank::Experienced",,,{},[0],GeneralNPC_Freedom_Stormtrooper_ItemGenerator.ItemGenerator.[0].PossibleItems.[0],GunM16_ST,,weight,1000,,,,0,5,0.25,0.5,"{""ItemPrototypeSID"":""GunM16_ST"",""Weight"":""1000"",""MinDurability"":""0.25"",""MaxDurability"":""0.5"",""AmmoMinCount"":""0"",""AmmoMaxCount"":""5""}"
vanilla/Stalker2/Content/GameLite/GameData/ItemGeneratorPrototypes.cfg,ordinary role,Freedom,Stormtrooper,GeneralNPC_Freedom_Stormtrooper_ItemGenerator,GeneralNPC_Freedom_Stormtrooper_ItemGenerator,[0],"{""SID"":""GeneralNPC_Freedom_Stormtrooper_ItemGenerator"",""RefreshTime"":""1d"",""SpecificRewardSound"":""EUISound::SystemNotificationNews""}",[0],WeaponPrimary,"ERank::Newbie, ERank::Experienced",,,{},[1],GeneralNPC_Freedom_Stormtrooper_ItemGenerator.ItemGenerator.[0].PossibleItems.[1],GunG37_ST,,weight,100,,,,0,5,0.25,0.5,"{""ItemPrototypeSID"":""GunG37_ST"",""Weight"":""100"",""MinDurability"":""0.25"",""MaxDurability"":""0.5"",""AmmoMinCount"":""0"",""AmmoMaxCount"":""5""}"
vanilla/Stalker2/Content/GameLite/GameData/ItemGeneratorPrototypes.cfg,ordinary role,Freedom,Stormtrooper,GeneralNPC_Freedom_Stormtrooper_ItemGenerator,GeneralNPC_Freedom_Stormtrooper_ItemGenerator,[0],"{""SID"":""GeneralNPC_Freedom_Stormtrooper_ItemGenerator"",""RefreshTime"":""1d"",""SpecificRewardSound"":""EUISound::SystemNotificationNews""}",[1],WeaponPrimary,ERank::Veteran,,"EGameDifficulty::Easy, EGameDifficulty::Medium, EGameDifficulty::Hard",{},[0],GeneralNPC_Freedom_Stormtrooper_ItemGenerator.ItemGenerator.[1].PossibleItems.[0],GunM16_ST,,weight,500,,,,0,7,0.25,0.5,"{""ItemPrototypeSID"":""GunM16_ST"",""Weight"":""500"",""MinDurability"":""0.25"",""MaxDurability"":""0.5"",""AmmoMinCount"":""0"",""AmmoMaxCount"":""7""}"
vanilla/Stalker2/Content/GameLite/GameData/ItemGeneratorPrototypes.cfg,ordinary role,Freedom,Stormtrooper,GeneralNPC_Freedom_Stormtrooper_ItemGenerator,GeneralNPC_Freedom_Stormtrooper_ItemGenerator,[0],"{""SID"":""GeneralNPC_Freedom_Stormtrooper_ItemGenerator"",""RefreshTime"":""1d"",""SpecificRewardSound"":""EUISound::SystemNotificationNews""}",[1],WeaponPrimary,ERank::Veteran,,"EGameDifficulty::Easy, EGameDifficulty::Medium, EGameDifficulty::Hard",{},[1],GeneralNPC_Freedom_Stormtrooper_ItemGenerator.ItemGenerator.[1].PossibleItems.[1],GunG37_ST,,weight,1000,,,,0,7,0.25,0.5,"{""ItemPrototypeSID"":""GunG37_ST"",""Weight"":""1000"",""MinDurability"":""0.25"",""MaxDurability"":""0.5"",""AmmoMinCount"":""0"",""AmmoMaxCount"":""7""}"
vanilla/Stalker2/Content/GameLite/GameData/ItemGeneratorPrototypes.cfg,ordinary role,Freedom,Stormtrooper,GeneralNPC_Freedom_Stormtrooper_ItemGenerator,GeneralNPC_Freedom_Stormtrooper_ItemGenerator,[0],"{""SID"":""GeneralNPC_Freedom_Stormtrooper_ItemGenerator"",""RefreshTime"":""1d"",""SpecificRewardSound"":""EUISound::SystemNotificationNews""}",[1],WeaponPrimary,ERank::Veteran,,"EGameDifficulty::Easy, EGameDifficulty::Medium, EGameDifficulty::Hard",{},[2],GeneralNPC_Freedom_Stormtrooper_ItemGenerator.ItemGenerator.[1].PossibleItems.[2],GunArev_ST,,weight,500,,,,0,7,0.25,0.5,"{""ItemPrototypeSID"":""GunArev_ST"",""Weight"":""500"",""MinDurability"":""0.25"",""MaxDurability"":""0.5"",""AmmoMinCount"":""0"",""AmmoMaxCount"":""7""}"
vanilla/Stalker2/Content/GameLite/GameData/ItemGeneratorPrototypes.cfg,ordinary role,Freedom,Stormtrooper,GeneralNPC_Freedom_Stormtrooper_ItemGenerator,GeneralNPC_Freedom_Stormtrooper_ItemGenerator,[0],"{""SID"":""GeneralNPC_Freedom_Stormtrooper_ItemGenerator"",""RefreshTime"":""1d"",""SpecificRewardSound"":""EUISound::SystemNotificationNews""}",[2],WeaponPrimary,ERank::Master,,"EGameDifficulty::Easy, EGameDifficulty::Medium, EGameDifficulty::Hard",{},[0],GeneralNPC_Freedom_Stormtrooper_ItemGenerator.ItemGenerator.[2].PossibleItems.[0],GunKharod_ST,,weight,500,,,,0,7,0.25,0.5,"{""ItemPrototypeSID"":""GunKharod_ST"",""Weight"":""500"",""MinDurability"":""0.25"",""MaxDurability"":""0.5"",""AmmoMinCount"":""0"",""AmmoMaxCount"":""7""}"
vanilla/Stalker2/Content/GameLite/GameData/ItemGeneratorPrototypes.cfg,ordinary role,Freedom,Stormtrooper,GeneralNPC_Freedom_Stormtrooper_ItemGenerator,GeneralNPC_Freedom_Stormtrooper_ItemGenerator,[0],"{""SID"":""GeneralNPC_Freedom_Stormtrooper_ItemGenerator"",""RefreshTime"":""1d"",""SpecificRewardSound"":""EUISound::SystemNotificationNews""}",[2],WeaponPrimary,ERank::Master,,"EGameDifficulty::Easy, EGameDifficulty::Medium, EGameDifficulty::Hard",{},[1],GeneralNPC_Freedom_Stormtrooper_ItemGenerator.ItemGenerator.[2].PossibleItems.[1],GunG37_ST,,weight,1000,,,,0,7,0.25,0.5,"{""ItemPrototypeSID"":""GunG37_ST"",""Weight"":""1000"",""MinDurability"":""0.25"",""MaxDurability"":""0.5"",""AmmoMinCount"":""0"",""AmmoMaxCount"":""7""}"
vanilla/Stalker2/Content/GameLite/GameData/ItemGeneratorPrototypes.cfg,ordinary role,Freedom,Stormtrooper,GeneralNPC_Freedom_Stormtrooper_ItemGenerator,GeneralNPC_Freedom_Stormtrooper_ItemGenerator,[0],"{""SID"":""GeneralNPC_Freedom_Stormtrooper_ItemGenerator"",""RefreshTime"":""1d"",""SpecificRewardSound"":""EUISound::SystemNotificationNews""}",[2],WeaponPrimary,ERank::Master,,"EGameDifficulty::Easy, EGameDifficulty::Medium, EGameDifficulty::Hard",{},[2],GeneralNPC_Freedom_Stormtrooper_ItemGenerator.ItemGenerator.[2].PossibleItems.[2],GunArev_ST,,weight,1000,,,,0,7,0.25,0.5,"{""ItemPrototypeSID"":""GunArev_ST"",""Weight"":""1000"",""MinDurability"":""0.25"",""MaxDurability"":""0.5"",""AmmoMinCount"":""0"",""AmmoMaxCount"":""7""}"
vanilla/Stalker2/Content/GameLite/GameData/ItemGeneratorPrototypes.cfg,ordinary role,Freedom,Stormtrooper,GeneralNPC_Freedom_Stormtrooper_ItemGenerator,GeneralNPC_Freedom_Stormtrooper_ItemGenerator,[0],"{""SID"":""GeneralNPC_Freedom_Stormtrooper_ItemGenerator"",""RefreshTime"":""1d"",""SpecificRewardSound"":""EUISound::SystemNotificationNews""}",[3],WeaponPrimary,ERank::Veteran,,EGameDifficulty::Stalker,{},[0],GeneralNPC_Freedom_Stormtrooper_ItemGenerator.ItemGenerator.[3].PossibleItems.[0],GunM16_ST,,weight,500,,,,0,6,0.25,0.5,"{""ItemPrototypeSID"":""GunM16_ST"",""Weight"":""500"",""MinDurability"":""0.25"",""MaxDurability"":""0.5"",""AmmoMinCount"":""0"",""AmmoMaxCount"":""6""}"
vanilla/Stalker2/Content/GameLite/GameData/ItemGeneratorPrototypes.cfg,ordinary role,Freedom,Stormtrooper,GeneralNPC_Freedom_Stormtrooper_ItemGenerator,GeneralNPC_Freedom_Stormtrooper_ItemGenerator,[0],"{""SID"":""GeneralNPC_Freedom_Stormtrooper_ItemGenerator"",""RefreshTime"":""1d"",""SpecificRewardSound"":""EUISound::SystemNotificationNews""}",[3],WeaponPrimary,ERank::Veteran,,EGameDifficulty::Stalker,{},[1],GeneralNPC_Freedom_Stormtrooper_ItemGenerator.ItemGenerator.[3].PossibleItems.[1],GunG37_ST,,weight,1000,,,,0,6,0.25,0.5,"{""ItemPrototypeSID"":""GunG37_ST"",""Weight"":""1000"",""MinDurability"":""0.25"",""MaxDurability"":""0.5"",""AmmoMinCount"":""0"",""AmmoMaxCount"":""6""}"
vanilla/Stalker2/Content/GameLite/GameData/ItemGeneratorPrototypes.cfg,ordinary role,Freedom,Stormtrooper,GeneralNPC_Freedom_Stormtrooper_ItemGenerator,GeneralNPC_Freedom_Stormtrooper_ItemGenerator,[0],"{""SID"":""GeneralNPC_Freedom_Stormtrooper_ItemGenerator"",""RefreshTime"":""1d"",""SpecificRewardSound"":""EUISound::SystemNotificationNews""}",[3],WeaponPrimary,ERank::Veteran,,EGameDifficulty::Stalker,{},[2],GeneralNPC_Freedom_Stormtrooper_ItemGenerator.ItemGenerator.[3].PossibleItems.[2],GunArev_ST,,weight,500,,,,0,7,0.25,0.5,"{""ItemPrototypeSID"":""GunArev_ST"",""Weight"":""500"",""MinDurability"":""0.25"",""MaxDurability"":""0.5"",""AmmoMinCount"":""0"",""AmmoMaxCount"":""7""}"
vanilla/Stalker2/Content/GameLite/GameData/ItemGeneratorPrototypes.cfg,ordinary role,Freedom,Stormtrooper,GeneralNPC_Freedom_Stormtrooper_ItemGenerator,GeneralNPC_Freedom_Stormtrooper_ItemGenerator,[0],"{""SID"":""GeneralNPC_Freedom_Stormtrooper_ItemGenerator"",""RefreshTime"":""1d"",""SpecificRewardSound"":""EUISound::SystemNotificationNews""}",[4],WeaponPrimary,ERank::Master,,EGameDifficulty::Stalker,{},[0],GeneralNPC_Freedom_Stormtrooper_ItemGenerator.ItemGenerator.[4].PossibleItems.[0],GunKharod_ST,,weight,500,,,,0,6,0.25,0.5,"{""ItemPrototypeSID"":""GunKharod_ST"",""Weight"":""500"",""MinDurability"":""0.25"",""MaxDurability"":""0.5"",""AmmoMinCount"":""0"",""AmmoMaxCount"":""6""}"
vanilla/Stalker2/Content/GameLite/GameData/ItemGeneratorPrototypes.cfg,ordinary role,Freedom,Stormtrooper,GeneralNPC_Freedom_Stormtrooper_ItemGenerator,GeneralNPC_Freedom_Stormtrooper_ItemGenerator,[0],"{""SID"":""GeneralNPC_Freedom_Stormtrooper_ItemGenerator"",""RefreshTime"":""1d"",""SpecificRewardSound"":""EUISound::SystemNotificationNews""}",[4],WeaponPrimary,ERank::Master,,EGameDifficulty::Stalker,{},[1],GeneralNPC_Freedom_Stormtrooper_ItemGenerator.ItemGenerator.[4].PossibleItems.[1],GunG37_ST,,weight,1000,,,,0,7,0.25,0.5,"{""ItemPrototypeSID"":""GunG37_ST"",""Weight"":""1000"",""MinDurability"":""0.25"",""MaxDurability"":""0.5"",""AmmoMinCount"":""0"",""AmmoMaxCount"":""7""}"
vanilla/Stalker2/Content/GameLite/GameData/ItemGeneratorPrototypes.cfg,ordinary role,Freedom,Stormtrooper,GeneralNPC_Freedom_Stormtrooper_ItemGenerator,GeneralNPC_Freedom_Stormtrooper_ItemGenerator,[0],"{""SID"":""GeneralNPC_Freedom_Stormtrooper_ItemGenerator"",""RefreshTime"":""1d"",""SpecificRewardSound"":""EUISound::SystemNotificationNews""}",[4],WeaponPrimary,ERank::Master,,EGameDifficulty::Stalker,{},[2],GeneralNPC_Freedom_Stormtrooper_ItemGenerator.ItemGenerator.[4].PossibleItems.[2],GunArev_ST,,weight,1000,,,,0,7,0.25,0.5,"{""ItemPrototypeSID"":""GunArev_ST"",""Weight"":""1000"",""MinDurability"":""0.25"",""MaxDurability"":""0.5"",""AmmoMinCount"":""0"",""AmmoMaxCount"":""7""}"
vanilla/Stalker2/Content/GameLite/GameData/ItemGeneratorPrototypes.cfg,ordinary role,Freedom,Stormtrooper,GeneralNPC_Freedom_Stormtrooper_ItemGenerator,GeneralNPC_Freedom_Stormtrooper_ItemGenerator,[0],"{""SID"":""GeneralNPC_Freedom_Stormtrooper_ItemGenerator"",""RefreshTime"":""1d"",""SpecificRewardSound"":""EUISound::SystemNotificationNews""}",[5],SubItemGenerator,,,,{},[0],GeneralNPC_Freedom_Stormtrooper_ItemGenerator.ItemGenerator.[5].PossibleItems.[0],,GeneralNPC_Freedom_Armor,chance,,1,,,,,,,"{""ItemGeneratorPrototypeSID"":""GeneralNPC_Freedom_Armor"",""Chance"":""1""}"
vanilla/Stalker2/Content/GameLite/GameData/ItemGeneratorPrototypes.cfg,ordinary role,Freedom,Stormtrooper,GeneralNPC_Freedom_Stormtrooper_ItemGenerator,GeneralNPC_Freedom_Stormtrooper_ItemGenerator,[0],"{""SID"":""GeneralNPC_Freedom_Stormtrooper_ItemGenerator"",""RefreshTime"":""1d"",""SpecificRewardSound"":""EUISound::SystemNotificationNews""}",[5],SubItemGenerator,,,,{},[1],GeneralNPC_Freedom_Stormtrooper_ItemGenerator.ItemGenerator.[5].PossibleItems.[1],,GeneralNPC_Freedom_WeaponPistol,chance,,0.4,,,,,,,"{""ItemGeneratorPrototypeSID"":""GeneralNPC_Freedom_WeaponPistol"",""Chance"":""0.4""}"
vanilla/Stalker2/Content/GameLite/GameData/ItemGeneratorPrototypes.cfg,ordinary role,Freedom,Stormtrooper,GeneralNPC_Freedom_Stormtrooper_ItemGenerator,GeneralNPC_Freedom_Stormtrooper_ItemGenerator,[0],"{""SID"":""GeneralNPC_Freedom_Stormtrooper_ItemGenerator"",""RefreshTime"":""1d"",""SpecificRewardSound"":""EUISound::SystemNotificationNews""}",[6],SubItemGenerator,,,,{},[0],GeneralNPC_Freedom_Stormtrooper_ItemGenerator.ItemGenerator.[6].PossibleItems.[0],,GeneralNPC_Consumables_Stormtrooper,weight,1,,,,,,,,"{""ItemGeneratorPrototypeSID"":""GeneralNPC_Consumables_Stormtrooper"",""Weight"":""1""}"
vanilla/Stalker2/Content/GameLite/GameData/ItemGeneratorPrototypes.cfg,ordinary role,Freedom,Stormtrooper,GeneralNPC_Freedom_Stormtrooper_ItemGenerator,GeneralNPC_Freedom_Stormtrooper_ItemGenerator,[0],"{""SID"":""GeneralNPC_Freedom_Stormtrooper_ItemGenerator"",""RefreshTime"":""1d"",""SpecificRewardSound"":""EUISound::SystemNotificationNews""}",[7],Artifact,,,,{},[0],GeneralNPC_Freedom_Stormtrooper_ItemGenerator.ItemGenerator.[7].PossibleItems.[0],GrenadeRGD5,,chance,,0.2,1,1,,,,,"{""ItemPrototypeSID"":""GrenadeRGD5"",""Chance"":""0.2"",""MinCount"":""1"",""MaxCount"":""1""}"
vanilla/Stalker2/Content/GameLite/GameData/ItemGeneratorPrototypes.cfg,ordinary role,Freedom,Stormtrooper,GeneralNPC_Freedom_Stormtrooper_ItemGenerator,GeneralNPC_Freedom_Stormtrooper_ItemGenerator,[0],"{""SID"":""GeneralNPC_Freedom_Stormtrooper_ItemGenerator"",""RefreshTime"":""1d"",""SpecificRewardSound"":""EUISound::SystemNotificationNews""}",[8],Detector,,,,{},[0],GeneralNPC_Freedom_Stormtrooper_ItemGenerator.ItemGenerator.[8].PossibleItems.[0],Echo,,chance,,0.05,1,,,,,,"{""ItemPrototypeSID"":""Echo"",""Chance"":""0.05"",""MinCount"":""1""}"
vanilla/Stalker2/Content/GameLite/GameData/ItemGeneratorPrototypes.cfg,ordinary role,Freedom,Stormtrooper,GeneralNPC_Freedom_Stormtrooper_ItemGenerator,GeneralNPC_Freedom_Stormtrooper_ItemGenerator,[0],"{""SID"":""GeneralNPC_Freedom_Stormtrooper_ItemGenerator"",""RefreshTime"":""1d"",""SpecificRewardSound"":""EUISound::SystemNotificationNews""}",[9],SubItemGenerator,,,,{},[0],GeneralNPC_Freedom_Stormtrooper_ItemGenerator.ItemGenerator.[9].PossibleItems.[0],,GeneralNPC_Freedom_NVG,chance,,1,,,,,,,"{""ItemGeneratorPrototypeSID"":""GeneralNPC_Freedom_NVG"",""Chance"":""1""}"
vanilla/Stalker2/Content/GameLite/GameData/ItemGeneratorPrototypes.cfg,ordinary role,Freedom,Sniper,GeneralNPC_Freedom_Sniper_ItemGenerator,GeneralNPC_Freedom_Sniper_ItemGenerator,[0],"{""SID"":""GeneralNPC_Freedom_Sniper_ItemGenerator"",""RefreshTime"":""1d"",""SpecificRewardSound"":""EUISound::SystemNotificationNews""}",[0],WeaponPrimary,"ERank::Newbie, ERank::Experienced",,,{},[0],GeneralNPC_Freedom_Sniper_ItemGenerator.ItemGenerator.[0].PossibleItems.[0],GunMark_SP,,weight,1000,,,,0,5,0.25,0.5,"{""ItemPrototypeSID"":""GunMark_SP"",""Weight"":""1000"",""MinDurability"":""0.25"",""MaxDurability"":""0.5"",""AmmoMinCount"":""0"",""AmmoMaxCount"":""5""}"
vanilla/Stalker2/Content/GameLite/GameData/ItemGeneratorPrototypes.cfg,ordinary role,Freedom,Sniper,GeneralNPC_Freedom_Sniper_ItemGenerator,GeneralNPC_Freedom_Sniper_ItemGenerator,[0],"{""SID"":""GeneralNPC_Freedom_Sniper_ItemGenerator"",""RefreshTime"":""1d"",""SpecificRewardSound"":""EUISound::SystemNotificationNews""}",[1],WeaponPrimary,ERank::Veteran,,"EGameDifficulty::Easy, EGameDifficulty::Medium, EGameDifficulty::Hard",{},[0],GeneralNPC_Freedom_Sniper_ItemGenerator.ItemGenerator.[1].PossibleItems.[0],GunM701_SP,,weight,600,,,,3,5,0.25,0.5,"{""ItemPrototypeSID"":""GunM701_SP"",""Weight"":""600"",""MinDurability"":""0.25"",""MaxDurability"":""0.5"",""AmmoMinCount"":""3"",""AmmoMaxCount"":""5""}"
vanilla/Stalker2/Content/GameLite/GameData/ItemGeneratorPrototypes.cfg,ordinary role,Freedom,Sniper,GeneralNPC_Freedom_Sniper_ItemGenerator,GeneralNPC_Freedom_Sniper_ItemGenerator,[0],"{""SID"":""GeneralNPC_Freedom_Sniper_ItemGenerator"",""RefreshTime"":""1d"",""SpecificRewardSound"":""EUISound::SystemNotificationNews""}",[1],WeaponPrimary,ERank::Veteran,,"EGameDifficulty::Easy, EGameDifficulty::Medium, EGameDifficulty::Hard",{},[1],GeneralNPC_Freedom_Sniper_ItemGenerator.ItemGenerator.[1].PossibleItems.[1],GunMark_SP,,weight,1000,,,,0,5,0.25,0.5,"{""ItemPrototypeSID"":""GunMark_SP"",""Weight"":""1000"",""MinDurability"":""0.25"",""MaxDurability"":""0.5"",""AmmoMinCount"":""0"",""AmmoMaxCount"":""5""}"
vanilla/Stalker2/Content/GameLite/GameData/ItemGeneratorPrototypes.cfg,ordinary role,Freedom,Sniper,GeneralNPC_Freedom_Sniper_ItemGenerator,GeneralNPC_Freedom_Sniper_ItemGenerator,[0],"{""SID"":""GeneralNPC_Freedom_Sniper_ItemGenerator"",""RefreshTime"":""1d"",""SpecificRewardSound"":""EUISound::SystemNotificationNews""}",[2],WeaponPrimary,ERank::Master,,"EGameDifficulty::Easy, EGameDifficulty::Medium, EGameDifficulty::Hard",{},[0],GeneralNPC_Freedom_Sniper_ItemGenerator.ItemGenerator.[2].PossibleItems.[0],GunM701_SP,,weight,1000,,,,3,5,0.25,0.5,"{""ItemPrototypeSID"":""GunM701_SP"",""Weight"":""1000"",""MinDurability"":""0.25"",""MaxDurability"":""0.5"",""AmmoMinCount"":""3"",""AmmoMaxCount"":""5""}"
vanilla/Stalker2/Content/GameLite/GameData/ItemGeneratorPrototypes.cfg,ordinary role,Freedom,Sniper,GeneralNPC_Freedom_Sniper_ItemGenerator,GeneralNPC_Freedom_Sniper_ItemGenerator,[0],"{""SID"":""GeneralNPC_Freedom_Sniper_ItemGenerator"",""RefreshTime"":""1d"",""SpecificRewardSound"":""EUISound::SystemNotificationNews""}",[2],WeaponPrimary,ERank::Master,,"EGameDifficulty::Easy, EGameDifficulty::Medium, EGameDifficulty::Hard",{},[1],GeneralNPC_Freedom_Sniper_ItemGenerator.ItemGenerator.[2].PossibleItems.[1],GunMark_SP,,weight,600,,,,3,5,0.25,0.5,"{""ItemPrototypeSID"":""GunMark_SP"",""Weight"":""600"",""MinDurability"":""0.25"",""MaxDurability"":""0.5"",""AmmoMinCount"":""3"",""AmmoMaxCount"":""5""}"
vanilla/Stalker2/Content/GameLite/GameData/ItemGeneratorPrototypes.cfg,ordinary role,Freedom,Sniper,GeneralNPC_Freedom_Sniper_ItemGenerator,GeneralNPC_Freedom_Sniper_ItemGenerator,[0],"{""SID"":""GeneralNPC_Freedom_Sniper_ItemGenerator"",""RefreshTime"":""1d"",""SpecificRewardSound"":""EUISound::SystemNotificationNews""}",[2],WeaponPrimary,ERank::Master,,"EGameDifficulty::Easy, EGameDifficulty::Medium, EGameDifficulty::Hard",{},[2],GeneralNPC_Freedom_Sniper_ItemGenerator.ItemGenerator.[2].PossibleItems.[2],GunGP3A_DMR,,weight,1000,,,,0,2,0.25,0.5,"{""ItemPrototypeSID"":""GunGP3A_DMR"",""Weight"":""1000"",""MinDurability"":""0.25"",""MaxDurability"":""0.5"",""AmmoMinCount"":""0"",""AmmoMaxCount"":""2""}"
vanilla/Stalker2/Content/GameLite/GameData/ItemGeneratorPrototypes.cfg,ordinary role,Freedom,Sniper,GeneralNPC_Freedom_Sniper_ItemGenerator,GeneralNPC_Freedom_Sniper_ItemGenerator,[0],"{""SID"":""GeneralNPC_Freedom_Sniper_ItemGenerator"",""RefreshTime"":""1d"",""SpecificRewardSound"":""EUISound::SystemNotificationNews""}",[3],WeaponPrimary,ERank::Veteran,,EGameDifficulty::Stalker,{},[0],GeneralNPC_Freedom_Sniper_ItemGenerator.ItemGenerator.[3].PossibleItems.[0],GunM701_SP,,weight,600,,,,0,5,0.25,0.5,"{""ItemPrototypeSID"":""GunM701_SP"",""Weight"":""600"",""MinDurability"":""0.25"",""MaxDurability"":""0.5"",""AmmoMinCount"":""0"",""AmmoMaxCount"":""5""}"
vanilla/Stalker2/Content/GameLite/GameData/ItemGeneratorPrototypes.cfg,ordinary role,Freedom,Sniper,GeneralNPC_Freedom_Sniper_ItemGenerator,GeneralNPC_Freedom_Sniper_ItemGenerator,[0],"{""SID"":""GeneralNPC_Freedom_Sniper_ItemGenerator"",""RefreshTime"":""1d"",""SpecificRewardSound"":""EUISound::SystemNotificationNews""}",[3],WeaponPrimary,ERank::Veteran,,EGameDifficulty::Stalker,{},[1],GeneralNPC_Freedom_Sniper_ItemGenerator.ItemGenerator.[3].PossibleItems.[1],GunMark_SP,,weight,1000,,,,0,5,0.25,0.5,"{""ItemPrototypeSID"":""GunMark_SP"",""Weight"":""1000"",""MinDurability"":""0.25"",""MaxDurability"":""0.5"",""AmmoMinCount"":""0"",""AmmoMaxCount"":""5""}"
vanilla/Stalker2/Content/GameLite/GameData/ItemGeneratorPrototypes.cfg,ordinary role,Freedom,Sniper,GeneralNPC_Freedom_Sniper_ItemGenerator,GeneralNPC_Freedom_Sniper_ItemGenerator,[0],"{""SID"":""GeneralNPC_Freedom_Sniper_ItemGenerator"",""RefreshTime"":""1d"",""SpecificRewardSound"":""EUISound::SystemNotificationNews""}",[4],WeaponPrimary,ERank::Master,,EGameDifficulty::Stalker,{},[0],GeneralNPC_Freedom_Sniper_ItemGenerator.ItemGenerator.[4].PossibleItems.[0],GunM701_SP,,weight,1000,,,,0,5,0.25,0.5,"{""ItemPrototypeSID"":""GunM701_SP"",""Weight"":""1000"",""MinDurability"":""0.25"",""MaxDurability"":""0.5"",""AmmoMinCount"":""0"",""AmmoMaxCount"":""5""}"
vanilla/Stalker2/Content/GameLite/GameData/ItemGeneratorPrototypes.cfg,ordinary role,Freedom,Sniper,GeneralNPC_Freedom_Sniper_ItemGenerator,GeneralNPC_Freedom_Sniper_ItemGenerator,[0],"{""SID"":""GeneralNPC_Freedom_Sniper_ItemGenerator"",""RefreshTime"":""1d"",""SpecificRewardSound"":""EUISound::SystemNotificationNews""}",[4],WeaponPrimary,ERank::Master,,EGameDifficulty::Stalker,{},[1],GeneralNPC_Freedom_Sniper_ItemGenerator.ItemGenerator.[4].PossibleItems.[1],GunMark_SP,,weight,600,,,,0,5,0.25,0.5,"{""ItemPrototypeSID"":""GunMark_SP"",""Weight"":""600"",""MinDurability"":""0.25"",""MaxDurability"":""0.5"",""AmmoMinCount"":""0"",""AmmoMaxCount"":""5""}"
vanilla/Stalker2/Content/GameLite/GameData/ItemGeneratorPrototypes.cfg,ordinary role,Freedom,Sniper,GeneralNPC_Freedom_Sniper_ItemGenerator,GeneralNPC_Freedom_Sniper_ItemGenerator,[0],"{""SID"":""GeneralNPC_Freedom_Sniper_ItemGenerator"",""RefreshTime"":""1d"",""SpecificRewardSound"":""EUISound::SystemNotificationNews""}",[4],WeaponPrimary,ERank::Master,,EGameDifficulty::Stalker,{},[2],GeneralNPC_Freedom_Sniper_ItemGenerator.ItemGenerator.[4].PossibleItems.[2],GunGP3A_DMR,,weight,1000,,,,0,2,0.25,0.5,"{""ItemPrototypeSID"":""GunGP3A_DMR"",""Weight"":""1000"",""MinDurability"":""0.25"",""MaxDurability"":""0.5"",""AmmoMinCount"":""0"",""AmmoMaxCount"":""2""}"
vanilla/Stalker2/Content/GameLite/GameData/ItemGeneratorPrototypes.cfg,ordinary role,Freedom,Sniper,GeneralNPC_Freedom_Sniper_ItemGenerator,GeneralNPC_Freedom_Sniper_ItemGenerator,[0],"{""SID"":""GeneralNPC_Freedom_Sniper_ItemGenerator"",""RefreshTime"":""1d"",""SpecificRewardSound"":""EUISound::SystemNotificationNews""}",[5],SubItemGenerator,,,,{},[0],GeneralNPC_Freedom_Sniper_ItemGenerator.ItemGenerator.[5].PossibleItems.[0],,GeneralNPC_Freedom_Armor,chance,,1,,,,,,,"{""ItemGeneratorPrototypeSID"":""GeneralNPC_Freedom_Armor"",""Chance"":""1""}"
vanilla/Stalker2/Content/GameLite/GameData/ItemGeneratorPrototypes.cfg,ordinary role,Freedom,Sniper,GeneralNPC_Freedom_Sniper_ItemGenerator,GeneralNPC_Freedom_Sniper_ItemGenerator,[0],"{""SID"":""GeneralNPC_Freedom_Sniper_ItemGenerator"",""RefreshTime"":""1d"",""SpecificRewardSound"":""EUISound::SystemNotificationNews""}",[5],SubItemGenerator,,,,{},[1],GeneralNPC_Freedom_Sniper_ItemGenerator.ItemGenerator.[5].PossibleItems.[1],,GeneralNPC_Freedom_WeaponPistol,chance,,0.5,,,,,,,"{""ItemGeneratorPrototypeSID"":""GeneralNPC_Freedom_WeaponPistol"",""Chance"":""0.5""}"
vanilla/Stalker2/Content/GameLite/GameData/ItemGeneratorPrototypes.cfg,ordinary role,Freedom,Sniper,GeneralNPC_Freedom_Sniper_ItemGenerator,GeneralNPC_Freedom_Sniper_ItemGenerator,[0],"{""SID"":""GeneralNPC_Freedom_Sniper_ItemGenerator"",""RefreshTime"":""1d"",""SpecificRewardSound"":""EUISound::SystemNotificationNews""}",[6],SubItemGenerator,,,,{},[0],GeneralNPC_Freedom_Sniper_ItemGenerator.ItemGenerator.[6].PossibleItems.[0],,GeneralNPC_Consumables_Sniper,weight,1,,,,,,,,"{""ItemGeneratorPrototypeSID"":""GeneralNPC_Consumables_Sniper"",""Weight"":""1""}"
vanilla/Stalker2/Content/GameLite/GameData/ItemGeneratorPrototypes.cfg,ordinary role,Freedom,Sniper,GeneralNPC_Freedom_Sniper_ItemGenerator,GeneralNPC_Freedom_Sniper_ItemGenerator,[0],"{""SID"":""GeneralNPC_Freedom_Sniper_ItemGenerator"",""RefreshTime"":""1d"",""SpecificRewardSound"":""EUISound::SystemNotificationNews""}",[7],Detector,,,,{},[0],GeneralNPC_Freedom_Sniper_ItemGenerator.ItemGenerator.[7].PossibleItems.[0],Echo,,chance,,0.05,1,,,,,,"{""ItemPrototypeSID"":""Echo"",""Chance"":""0.05"",""MinCount"":""1""}"
vanilla/Stalker2/Content/GameLite/GameData/ItemGeneratorPrototypes.cfg,ordinary role,Freedom,Sniper,GeneralNPC_Freedom_Sniper_ItemGenerator,GeneralNPC_Freedom_Sniper_ItemGenerator,[0],"{""SID"":""GeneralNPC_Freedom_Sniper_ItemGenerator"",""RefreshTime"":""1d"",""SpecificRewardSound"":""EUISound::SystemNotificationNews""}",[8],Artifact,,,,{},[0],GeneralNPC_Freedom_Sniper_ItemGenerator.ItemGenerator.[8].PossibleItems.[0],GrenadeF1,,chance,,0.2,1,1,,,,,"{""ItemPrototypeSID"":""GrenadeF1"",""Chance"":""0.2"",""MinCount"":""1"",""MaxCount"":""1""}"
vanilla/Stalker2/Content/GameLite/GameData/ItemGeneratorPrototypes.cfg,ordinary role,Freedom,Sniper,GeneralNPC_Freedom_Sniper_ItemGenerator,GeneralNPC_Freedom_Sniper_ItemGenerator,[0],"{""SID"":""GeneralNPC_Freedom_Sniper_ItemGenerator"",""RefreshTime"":""1d"",""SpecificRewardSound"":""EUISound::SystemNotificationNews""}",[9],SubItemGenerator,,,,{},[0],GeneralNPC_Freedom_Sniper_ItemGenerator.ItemGenerator.[9].PossibleItems.[0],,GeneralNPC_Freedom_NVG,chance,,1,,,,,,,"{""ItemGeneratorPrototypeSID"":""GeneralNPC_Freedom_NVG"",""Chance"":""1""}"
vanilla/Stalker2/Content/GameLite/GameData/ItemGeneratorPrototypes.cfg,shared helper,Varta,Armor,GeneralNPC_Varta_Armor,GeneralNPC_Varta_Armor,[0],"{""SID"":""GeneralNPC_Varta_Armor"",""SpecificRewardSound"":""EUISound::SystemNotificationNews""}",[0],BodyArmor,"ERank::Newbie, ERank::Experienced",,,{},[0],GeneralNPC_Varta_Armor.ItemGenerator.[0].PossibleItems.[0],Battle_Varta_Armor,,weight,1.0,,,,,,,,"{""ItemPrototypeSID"":""Battle_Varta_Armor"",""Weight"":""1.0""}"
vanilla/Stalker2/Content/GameLite/GameData/ItemGeneratorPrototypes.cfg,shared helper,Varta,Armor,GeneralNPC_Varta_Armor,GeneralNPC_Varta_Armor,[0],"{""SID"":""GeneralNPC_Varta_Armor"",""SpecificRewardSound"":""EUISound::SystemNotificationNews""}",[1],BodyArmor,ERank::Veteran,,,{},[0],GeneralNPC_Varta_Armor.ItemGenerator.[1].PossibleItems.[0],BattleExoskeleton_Varta_Armor,,weight,2.0,,,,,,,,"{""ItemPrototypeSID"":""BattleExoskeleton_Varta_Armor"",""Weight"":""2.0""}"
vanilla/Stalker2/Content/GameLite/GameData/ItemGeneratorPrototypes.cfg,shared helper,Varta,Armor,GeneralNPC_Varta_Armor,GeneralNPC_Varta_Armor,[0],"{""SID"":""GeneralNPC_Varta_Armor"",""SpecificRewardSound"":""EUISound::SystemNotificationNews""}",[1],BodyArmor,ERank::Veteran,,,{},[1],GeneralNPC_Varta_Armor.ItemGenerator.[1].PossibleItems.[1],Battle_Varta_Armor,,weight,2.0,,,,,,,,"{""ItemPrototypeSID"":""Battle_Varta_Armor"",""Weight"":""2.0""}"
vanilla/Stalker2/Content/GameLite/GameData/ItemGeneratorPrototypes.cfg,shared helper,Varta,Armor,GeneralNPC_Varta_Armor,GeneralNPC_Varta_Armor,[0],"{""SID"":""GeneralNPC_Varta_Armor"",""SpecificRewardSound"":""EUISound::SystemNotificationNews""}",[2],BodyArmor,ERank::Master,,,{},[0],GeneralNPC_Varta_Armor.ItemGenerator.[2].PossibleItems.[0],BattleExoskeleton_Varta_Armor,,weight,7.0,,,,,,,,"{""ItemPrototypeSID"":""BattleExoskeleton_Varta_Armor"",""Weight"":""7.0""}"
vanilla/Stalker2/Content/GameLite/GameData/ItemGeneratorPrototypes.cfg,shared helper,Varta,Armor,GeneralNPC_Varta_Armor,GeneralNPC_Varta_Armor,[0],"{""SID"":""GeneralNPC_Varta_Armor"",""SpecificRewardSound"":""EUISound::SystemNotificationNews""}",[2],BodyArmor,ERank::Master,,,{},[1],GeneralNPC_Varta_Armor.ItemGenerator.[2].PossibleItems.[1],Battle_Varta_Armor,,weight,3.0,,,,,,,,"{""ItemPrototypeSID"":""Battle_Varta_Armor"",""Weight"":""3.0""}"
vanilla/Stalker2/Content/GameLite/GameData/ItemGeneratorPrototypes.cfg,shared helper,Varta,Armor,GeneralNPC_Varta_Armor,GeneralNPC_Varta_Armor,[0],"{""SID"":""GeneralNPC_Varta_Armor"",""SpecificRewardSound"":""EUISound::SystemNotificationNews""}",[3],Head,"ERank::Experienced, ERank::Veteran",,,{},[0],GeneralNPC_Varta_Armor.ItemGenerator.[3].PossibleItems.[0],Heavy_Varta_Helmet,,chance,,0.7,,,,,,,"{""ItemPrototypeSID"":""Heavy_Varta_Helmet"",""Chance"":""0.7""}"
vanilla/Stalker2/Content/GameLite/GameData/ItemGeneratorPrototypes.cfg,ordinary role,Varta,CloseCombat,GeneralNPC_Varta_CloseCombat_ItemGenerator,GeneralNPC_Varta_CloseCombat_ItemGenerator,[0],"{""SID"":""GeneralNPC_Varta_CloseCombat_ItemGenerator"",""RefreshTime"":""1d"",""SpecificRewardSound"":""EUISound::SystemNotificationNews""}",[0],WeaponPrimary,ERank::Newbie,,,{},[0],GeneralNPC_Varta_CloseCombat_ItemGenerator.ItemGenerator.[0].PossibleItems.[0],GunAKU_PP,,weight,1000,,,,0,5,0.25,0.5,"{""ItemPrototypeSID"":""GunAKU_PP"",""Weight"":""1000"",""MinDurability"":""0.25"",""MaxDurability"":""0.5"",""AmmoMinCount"":""0"",""AmmoMaxCount"":""5""}"
vanilla/Stalker2/Content/GameLite/GameData/ItemGeneratorPrototypes.cfg,ordinary role,Varta,CloseCombat,GeneralNPC_Varta_CloseCombat_ItemGenerator,GeneralNPC_Varta_CloseCombat_ItemGenerator,[0],"{""SID"":""GeneralNPC_Varta_CloseCombat_ItemGenerator"",""RefreshTime"":""1d"",""SpecificRewardSound"":""EUISound::SystemNotificationNews""}",[0],WeaponPrimary,ERank::Newbie,,,{},[1],GeneralNPC_Varta_CloseCombat_ItemGenerator.ItemGenerator.[0].PossibleItems.[1],GunViper_PP,,weight,1000,,,,0,5,0.25,0.5,"{""ItemPrototypeSID"":""GunViper_PP"",""Weight"":""1000"",""MinDurability"":""0.25"",""MaxDurability"":""0.5"",""AmmoMinCount"":""0"",""AmmoMaxCount"":""5""}"
vanilla/Stalker2/Content/GameLite/GameData/ItemGeneratorPrototypes.cfg,ordinary role,Varta,CloseCombat,GeneralNPC_Varta_CloseCombat_ItemGenerator,GeneralNPC_Varta_CloseCombat_ItemGenerator,[0],"{""SID"":""GeneralNPC_Varta_CloseCombat_ItemGenerator"",""RefreshTime"":""1d"",""SpecificRewardSound"":""EUISound::SystemNotificationNews""}",[1],WeaponPrimary,ERank::Experienced,,"EGameDifficulty::Easy, EGameDifficulty::Medium, EGameDifficulty::Hard",{},[0],GeneralNPC_Varta_CloseCombat_ItemGenerator.ItemGenerator.[1].PossibleItems.[0],GunM860_SG,,weight,100,,,,2,4,0.25,0.5,"{""ItemPrototypeSID"":""GunM860_SG"",""Weight"":""100"",""MinDurability"":""0.25"",""MaxDurability"":""0.5"",""AmmoMinCount"":""2"",""AmmoMaxCount"":""4""}"
vanilla/Stalker2/Content/GameLite/GameData/ItemGeneratorPrototypes.cfg,ordinary role,Varta,CloseCombat,GeneralNPC_Varta_CloseCombat_ItemGenerator,GeneralNPC_Varta_CloseCombat_ItemGenerator,[0],"{""SID"":""GeneralNPC_Varta_CloseCombat_ItemGenerator"",""RefreshTime"":""1d"",""SpecificRewardSound"":""EUISound::SystemNotificationNews""}",[1],WeaponPrimary,ERank::Experienced,,"EGameDifficulty::Easy, EGameDifficulty::Medium, EGameDifficulty::Hard",{},[1],GeneralNPC_Varta_CloseCombat_ItemGenerator.ItemGenerator.[1].PossibleItems.[1],GunAKU_PP,,weight,1000,,,,0,5,0.25,0.5,"{""ItemPrototypeSID"":""GunAKU_PP"",""Weight"":""1000"",""MinDurability"":""0.25"",""MaxDurability"":""0.5"",""AmmoMinCount"":""0"",""AmmoMaxCount"":""5""}"
vanilla/Stalker2/Content/GameLite/GameData/ItemGeneratorPrototypes.cfg,ordinary role,Varta,CloseCombat,GeneralNPC_Varta_CloseCombat_ItemGenerator,GeneralNPC_Varta_CloseCombat_ItemGenerator,[0],"{""SID"":""GeneralNPC_Varta_CloseCombat_ItemGenerator"",""RefreshTime"":""1d"",""SpecificRewardSound"":""EUISound::SystemNotificationNews""}",[1],WeaponPrimary,ERank::Experienced,,"EGameDifficulty::Easy, EGameDifficulty::Medium, EGameDifficulty::Hard",{},[2],GeneralNPC_Varta_CloseCombat_ItemGenerator.ItemGenerator.[1].PossibleItems.[2],GunViper_PP,,weight,800,,,,0,5,0.25,0.5,"{""ItemPrototypeSID"":""GunViper_PP"",""Weight"":""800"",""MinDurability"":""0.25"",""MaxDurability"":""0.5"",""AmmoMinCount"":""0"",""AmmoMaxCount"":""5""}"
vanilla/Stalker2/Content/GameLite/GameData/ItemGeneratorPrototypes.cfg,ordinary role,Varta,CloseCombat,GeneralNPC_Varta_CloseCombat_ItemGenerator,GeneralNPC_Varta_CloseCombat_ItemGenerator,[0],"{""SID"":""GeneralNPC_Varta_CloseCombat_ItemGenerator"",""RefreshTime"":""1d"",""SpecificRewardSound"":""EUISound::SystemNotificationNews""}",[2],WeaponPrimary,"ERank::Veteran, ERank::Master",,"EGameDifficulty::Easy, EGameDifficulty::Medium, EGameDifficulty::Hard",{},[0],GeneralNPC_Varta_CloseCombat_ItemGenerator.ItemGenerator.[2].PossibleItems.[0],GunSPSA_SG,,weight,100,,,,1,4,0.25,0.5,"{""ItemPrototypeSID"":""GunSPSA_SG"",""Weight"":""100"",""MinDurability"":""0.25"",""MaxDurability"":""0.5"",""AmmoMinCount"":""1"",""AmmoMaxCount"":""4""}"
vanilla/Stalker2/Content/GameLite/GameData/ItemGeneratorPrototypes.cfg,ordinary role,Varta,CloseCombat,GeneralNPC_Varta_CloseCombat_ItemGenerator,GeneralNPC_Varta_CloseCombat_ItemGenerator,[0],"{""SID"":""GeneralNPC_Varta_CloseCombat_ItemGenerator"",""RefreshTime"":""1d"",""SpecificRewardSound"":""EUISound::SystemNotificationNews""}",[2],WeaponPrimary,"ERank::Veteran, ERank::Master",,"EGameDifficulty::Easy, EGameDifficulty::Medium, EGameDifficulty::Hard",{},[1],GeneralNPC_Varta_CloseCombat_ItemGenerator.ItemGenerator.[2].PossibleItems.[1],GunM860_SG,,weight,100,,,,1,4,0.25,0.5,"{""ItemPrototypeSID"":""GunM860_SG"",""Weight"":""100"",""MinDurability"":""0.25"",""MaxDurability"":""0.5"",""AmmoMinCount"":""1"",""AmmoMaxCount"":""4""}"
vanilla/Stalker2/Content/GameLite/GameData/ItemGeneratorPrototypes.cfg,ordinary role,Varta,CloseCombat,GeneralNPC_Varta_CloseCombat_ItemGenerator,GeneralNPC_Varta_CloseCombat_ItemGenerator,[0],"{""SID"":""GeneralNPC_Varta_CloseCombat_ItemGenerator"",""RefreshTime"":""1d"",""SpecificRewardSound"":""EUISound::SystemNotificationNews""}",[3],WeaponPrimary,ERank::Experienced,,EGameDifficulty::Stalker,{},[0],GeneralNPC_Varta_CloseCombat_ItemGenerator.ItemGenerator.[3].PossibleItems.[0],GunM860_SG,,weight,100,,,,1,4,0.25,0.5,"{""ItemPrototypeSID"":""GunM860_SG"",""Weight"":""100"",""MinDurability"":""0.25"",""MaxDurability"":""0.5"",""AmmoMinCount"":""1"",""AmmoMaxCount"":""4""}"
vanilla/Stalker2/Content/GameLite/GameData/ItemGeneratorPrototypes.cfg,ordinary role,Varta,CloseCombat,GeneralNPC_Varta_CloseCombat_ItemGenerator,GeneralNPC_Varta_CloseCombat_ItemGenerator,[0],"{""SID"":""GeneralNPC_Varta_CloseCombat_ItemGenerator"",""RefreshTime"":""1d"",""SpecificRewardSound"":""EUISound::SystemNotificationNews""}",[3],WeaponPrimary,ERank::Experienced,,EGameDifficulty::Stalker,{},[1],GeneralNPC_Varta_CloseCombat_ItemGenerator.ItemGenerator.[3].PossibleItems.[1],GunAKU_PP,,weight,1000,,,,0,5,0.25,0.5,"{""ItemPrototypeSID"":""GunAKU_PP"",""Weight"":""1000"",""MinDurability"":""0.25"",""MaxDurability"":""0.5"",""AmmoMinCount"":""0"",""AmmoMaxCount"":""5""}"
vanilla/Stalker2/Content/GameLite/GameData/ItemGeneratorPrototypes.cfg,ordinary role,Varta,CloseCombat,GeneralNPC_Varta_CloseCombat_ItemGenerator,GeneralNPC_Varta_CloseCombat_ItemGenerator,[0],"{""SID"":""GeneralNPC_Varta_CloseCombat_ItemGenerator"",""RefreshTime"":""1d"",""SpecificRewardSound"":""EUISound::SystemNotificationNews""}",[3],WeaponPrimary,ERank::Experienced,,EGameDifficulty::Stalker,{},[2],GeneralNPC_Varta_CloseCombat_ItemGenerator.ItemGenerator.[3].PossibleItems.[2],GunViper_PP,,weight,800,,,,0,5,0.25,0.5,"{""ItemPrototypeSID"":""GunViper_PP"",""Weight"":""800"",""MinDurability"":""0.25"",""MaxDurability"":""0.5"",""AmmoMinCount"":""0"",""AmmoMaxCount"":""5""}"
vanilla/Stalker2/Content/GameLite/GameData/ItemGeneratorPrototypes.cfg,ordinary role,Varta,CloseCombat,GeneralNPC_Varta_CloseCombat_ItemGenerator,GeneralNPC_Varta_CloseCombat_ItemGenerator,[0],"{""SID"":""GeneralNPC_Varta_CloseCombat_ItemGenerator"",""RefreshTime"":""1d"",""SpecificRewardSound"":""EUISound::SystemNotificationNews""}",[4],WeaponPrimary,"ERank::Veteran, ERank::Master",,EGameDifficulty::Stalker,{},[0],GeneralNPC_Varta_CloseCombat_ItemGenerator.ItemGenerator.[4].PossibleItems.[0],GunSPSA_SG,,weight,100,,,,1,4,0.25,0.5,"{""ItemPrototypeSID"":""GunSPSA_SG"",""Weight"":""100"",""MinDurability"":""0.25"",""MaxDurability"":""0.5"",""AmmoMinCount"":""1"",""AmmoMaxCount"":""4""}"
vanilla/Stalker2/Content/GameLite/GameData/ItemGeneratorPrototypes.cfg,ordinary role,Varta,CloseCombat,GeneralNPC_Varta_CloseCombat_ItemGenerator,GeneralNPC_Varta_CloseCombat_ItemGenerator,[0],"{""SID"":""GeneralNPC_Varta_CloseCombat_ItemGenerator"",""RefreshTime"":""1d"",""SpecificRewardSound"":""EUISound::SystemNotificationNews""}",[4],WeaponPrimary,"ERank::Veteran, ERank::Master",,EGameDifficulty::Stalker,{},[1],GeneralNPC_Varta_CloseCombat_ItemGenerator.ItemGenerator.[4].PossibleItems.[1],GunM860_SG,,weight,100,,,,1,4,0.25,0.5,"{""ItemPrototypeSID"":""GunM860_SG"",""Weight"":""100"",""MinDurability"":""0.25"",""MaxDurability"":""0.5"",""AmmoMinCount"":""1"",""AmmoMaxCount"":""4""}"
vanilla/Stalker2/Content/GameLite/GameData/ItemGeneratorPrototypes.cfg,ordinary role,Varta,CloseCombat,GeneralNPC_Varta_CloseCombat_ItemGenerator,GeneralNPC_Varta_CloseCombat_ItemGenerator,[0],"{""SID"":""GeneralNPC_Varta_CloseCombat_ItemGenerator"",""RefreshTime"":""1d"",""SpecificRewardSound"":""EUISound::SystemNotificationNews""}",[5],SubItemGenerator,,,,{},[0],GeneralNPC_Varta_CloseCombat_ItemGenerator.ItemGenerator.[5].PossibleItems.[0],,GeneralNPC_Varta_Armor,chance,,1,,,,,,,"{""ItemGeneratorPrototypeSID"":""GeneralNPC_Varta_Armor"",""Chance"":""1""}"
vanilla/Stalker2/Content/GameLite/GameData/ItemGeneratorPrototypes.cfg,ordinary role,Varta,CloseCombat,GeneralNPC_Varta_CloseCombat_ItemGenerator,GeneralNPC_Varta_CloseCombat_ItemGenerator,[0],"{""SID"":""GeneralNPC_Varta_CloseCombat_ItemGenerator"",""RefreshTime"":""1d"",""SpecificRewardSound"":""EUISound::SystemNotificationNews""}",[5],SubItemGenerator,,,,{},[1],GeneralNPC_Varta_CloseCombat_ItemGenerator.ItemGenerator.[5].PossibleItems.[1],,GeneralNPC_Varta_WeaponPistol,chance,,0.35,,,,,,,"{""ItemGeneratorPrototypeSID"":""GeneralNPC_Varta_WeaponPistol"",""Chance"":""0.35""}"
vanilla/Stalker2/Content/GameLite/GameData/ItemGeneratorPrototypes.cfg,ordinary role,Varta,CloseCombat,GeneralNPC_Varta_CloseCombat_ItemGenerator,GeneralNPC_Varta_CloseCombat_ItemGenerator,[0],"{""SID"":""GeneralNPC_Varta_CloseCombat_ItemGenerator"",""RefreshTime"":""1d"",""SpecificRewardSound"":""EUISound::SystemNotificationNews""}",[6],SubItemGenerator,,,,{},[0],GeneralNPC_Varta_CloseCombat_ItemGenerator.ItemGenerator.[6].PossibleItems.[0],,GeneralNPC_Consumables_CloseCombat,weight,1,,,,,,,,"{""ItemGeneratorPrototypeSID"":""GeneralNPC_Consumables_CloseCombat"",""Weight"":""1""}"
vanilla/Stalker2/Content/GameLite/GameData/ItemGeneratorPrototypes.cfg,ordinary role,Varta,CloseCombat,GeneralNPC_Varta_CloseCombat_ItemGenerator,GeneralNPC_Varta_CloseCombat_ItemGenerator,[0],"{""SID"":""GeneralNPC_Varta_CloseCombat_ItemGenerator"",""RefreshTime"":""1d"",""SpecificRewardSound"":""EUISound::SystemNotificationNews""}",[7],Detector,,,,{},[0],GeneralNPC_Varta_CloseCombat_ItemGenerator.ItemGenerator.[7].PossibleItems.[0],Echo,,chance,,0.05,1,,,,,,"{""ItemPrototypeSID"":""Echo"",""Chance"":""0.05"",""MinCount"":""1""}"
vanilla/Stalker2/Content/GameLite/GameData/ItemGeneratorPrototypes.cfg,ordinary role,Varta,CloseCombat,GeneralNPC_Varta_CloseCombat_ItemGenerator,GeneralNPC_Varta_CloseCombat_ItemGenerator,[0],"{""SID"":""GeneralNPC_Varta_CloseCombat_ItemGenerator"",""RefreshTime"":""1d"",""SpecificRewardSound"":""EUISound::SystemNotificationNews""}",[8],Artifact,,,,{},[0],GeneralNPC_Varta_CloseCombat_ItemGenerator.ItemGenerator.[8].PossibleItems.[0],GrenadeRGD5,,chance,,0.2,1,1,,,,,"{""ItemPrototypeSID"":""GrenadeRGD5"",""Chance"":""0.2"",""MinCount"":""1"",""MaxCount"":""1""}"
vanilla/Stalker2/Content/GameLite/GameData/ItemGeneratorPrototypes.cfg,ordinary role,Varta,CloseCombat,GeneralNPC_Varta_CloseCombat_ItemGenerator,GeneralNPC_Varta_CloseCombat_ItemGenerator,[0],"{""SID"":""GeneralNPC_Varta_CloseCombat_ItemGenerator"",""RefreshTime"":""1d"",""SpecificRewardSound"":""EUISound::SystemNotificationNews""}",[9],SubItemGenerator,,,,{},[0],GeneralNPC_Varta_CloseCombat_ItemGenerator.ItemGenerator.[9].PossibleItems.[0],,GeneralNPC_Varta_NVG,chance,,1,,,,,,,"{""ItemGeneratorPrototypeSID"":""GeneralNPC_Varta_NVG"",""Chance"":""1""}"
vanilla/Stalker2/Content/GameLite/GameData/ItemGeneratorPrototypes.cfg,ordinary role,Varta,Recon,GeneralNPC_Varta_Recon_ItemGenerator,GeneralNPC_Varta_Recon_ItemGenerator,[0],"{""SID"":""GeneralNPC_Varta_Recon_ItemGenerator"",""RefreshTime"":""1d"",""SpecificRewardSound"":""EUISound::SystemNotificationNews""}",[0],WeaponPrimary,ERank::Newbie,,,{},[0],GeneralNPC_Varta_Recon_ItemGenerator.ItemGenerator.[0].PossibleItems.[0],GunAKU_PP,,weight,1000,,,,0,5,0.25,0.5,"{""ItemPrototypeSID"":""GunAKU_PP"",""Weight"":""1000"",""MinDurability"":""0.25"",""MaxDurability"":""0.5"",""AmmoMinCount"":""0"",""AmmoMaxCount"":""5""}"
vanilla/Stalker2/Content/GameLite/GameData/ItemGeneratorPrototypes.cfg,ordinary role,Varta,Recon,GeneralNPC_Varta_Recon_ItemGenerator,GeneralNPC_Varta_Recon_ItemGenerator,[0],"{""SID"":""GeneralNPC_Varta_Recon_ItemGenerator"",""RefreshTime"":""1d"",""SpecificRewardSound"":""EUISound::SystemNotificationNews""}",[0],WeaponPrimary,ERank::Newbie,,,{},[1],GeneralNPC_Varta_Recon_ItemGenerator.ItemGenerator.[0].PossibleItems.[1],GunViper_PP,,weight,1000,,,,0,5,0.25,0.5,"{""ItemPrototypeSID"":""GunViper_PP"",""Weight"":""1000"",""MinDurability"":""0.25"",""MaxDurability"":""0.5"",""AmmoMinCount"":""0"",""AmmoMaxCount"":""5""}"
vanilla/Stalker2/Content/GameLite/GameData/ItemGeneratorPrototypes.cfg,ordinary role,Varta,Recon,GeneralNPC_Varta_Recon_ItemGenerator,GeneralNPC_Varta_Recon_ItemGenerator,[0],"{""SID"":""GeneralNPC_Varta_Recon_ItemGenerator"",""RefreshTime"":""1d"",""SpecificRewardSound"":""EUISound::SystemNotificationNews""}",[1],WeaponPrimary,ERank::Experienced,,,{},[0],GeneralNPC_Varta_Recon_ItemGenerator.ItemGenerator.[1].PossibleItems.[0],GunAKU_PP,,weight,1000,,,,0,5,0.25,0.5,"{""ItemPrototypeSID"":""GunAKU_PP"",""Weight"":""1000"",""MinDurability"":""0.25"",""MaxDurability"":""0.5"",""AmmoMinCount"":""0"",""AmmoMaxCount"":""5""}"
vanilla/Stalker2/Content/GameLite/GameData/ItemGeneratorPrototypes.cfg,ordinary role,Varta,Recon,GeneralNPC_Varta_Recon_ItemGenerator,GeneralNPC_Varta_Recon_ItemGenerator,[0],"{""SID"":""GeneralNPC_Varta_Recon_ItemGenerator"",""RefreshTime"":""1d"",""SpecificRewardSound"":""EUISound::SystemNotificationNews""}",[1],WeaponPrimary,ERank::Experienced,,,{},[1],GeneralNPC_Varta_Recon_ItemGenerator.ItemGenerator.[1].PossibleItems.[1],GunViper_PP,,weight,800,,,,0,5,0.25,0.5,"{""ItemPrototypeSID"":""GunViper_PP"",""Weight"":""800"",""MinDurability"":""0.25"",""MaxDurability"":""0.5"",""AmmoMinCount"":""0"",""AmmoMaxCount"":""5""}"
vanilla/Stalker2/Content/GameLite/GameData/ItemGeneratorPrototypes.cfg,ordinary role,Varta,Recon,GeneralNPC_Varta_Recon_ItemGenerator,GeneralNPC_Varta_Recon_ItemGenerator,[0],"{""SID"":""GeneralNPC_Varta_Recon_ItemGenerator"",""RefreshTime"":""1d"",""SpecificRewardSound"":""EUISound::SystemNotificationNews""}",[1],WeaponPrimary,ERank::Experienced,,,{},[2],GeneralNPC_Varta_Recon_ItemGenerator.ItemGenerator.[1].PossibleItems.[2],GunBucket_PP,,weight,100,,,,0,5,0.25,0.5,"{""ItemPrototypeSID"":""GunBucket_PP"",""Weight"":""100"",""MinDurability"":""0.25"",""MaxDurability"":""0.5"",""AmmoMinCount"":""0"",""AmmoMaxCount"":""5""}"
vanilla/Stalker2/Content/GameLite/GameData/ItemGeneratorPrototypes.cfg,ordinary role,Varta,Recon,GeneralNPC_Varta_Recon_ItemGenerator,GeneralNPC_Varta_Recon_ItemGenerator,[0],"{""SID"":""GeneralNPC_Varta_Recon_ItemGenerator"",""RefreshTime"":""1d"",""SpecificRewardSound"":""EUISound::SystemNotificationNews""}",[1],WeaponPrimary,ERank::Experienced,,,{},[3],GeneralNPC_Varta_Recon_ItemGenerator.ItemGenerator.[1].PossibleItems.[3],GunFora230_PP,,weight,100,,,,0,7,0.25,0.5,"{""ItemPrototypeSID"":""GunFora230_PP"",""Weight"":""100"",""MinDurability"":""0.25"",""MaxDurability"":""0.5"",""AmmoMinCount"":""0"",""AmmoMaxCount"":""7""}"
vanilla/Stalker2/Content/GameLite/GameData/ItemGeneratorPrototypes.cfg,ordinary role,Varta,Recon,GeneralNPC_Varta_Recon_ItemGenerator,GeneralNPC_Varta_Recon_ItemGenerator,[0],"{""SID"":""GeneralNPC_Varta_Recon_ItemGenerator"",""RefreshTime"":""1d"",""SpecificRewardSound"":""EUISound::SystemNotificationNews""}",[2],WeaponPrimary,ERank::Veteran,,,{},[0],GeneralNPC_Varta_Recon_ItemGenerator.ItemGenerator.[2].PossibleItems.[0],GunIntegral_PP,,weight,100,,,,0,5,0.25,0.5,"{""ItemPrototypeSID"":""GunIntegral_PP"",""Weight"":""100"",""MinDurability"":""0.25"",""MaxDurability"":""0.5"",""AmmoMinCount"":""0"",""AmmoMaxCount"":""5""}"
vanilla/Stalker2/Content/GameLite/GameData/ItemGeneratorPrototypes.cfg,ordinary role,Varta,Recon,GeneralNPC_Varta_Recon_ItemGenerator,GeneralNPC_Varta_Recon_ItemGenerator,[0],"{""SID"":""GeneralNPC_Varta_Recon_ItemGenerator"",""RefreshTime"":""1d"",""SpecificRewardSound"":""EUISound::SystemNotificationNews""}",[2],WeaponPrimary,ERank::Veteran,,,{},[1],GeneralNPC_Varta_Recon_ItemGenerator.ItemGenerator.[2].PossibleItems.[1],GunAKU_PP,,weight,500,,,,0,5,0.25,0.5,"{""ItemPrototypeSID"":""GunAKU_PP"",""Weight"":""500"",""MinDurability"":""0.25"",""MaxDurability"":""0.5"",""AmmoMinCount"":""0"",""AmmoMaxCount"":""5""}"
vanilla/Stalker2/Content/GameLite/GameData/ItemGeneratorPrototypes.cfg,ordinary role,Varta,Recon,GeneralNPC_Varta_Recon_ItemGenerator,GeneralNPC_Varta_Recon_ItemGenerator,[0],"{""SID"":""GeneralNPC_Varta_Recon_ItemGenerator"",""RefreshTime"":""1d"",""SpecificRewardSound"":""EUISound::SystemNotificationNews""}",[2],WeaponPrimary,ERank::Veteran,,,{},[2],GeneralNPC_Varta_Recon_ItemGenerator.ItemGenerator.[2].PossibleItems.[2],GunBucket_PP,,weight,1000,,,,0,5,0.25,0.5,"{""ItemPrototypeSID"":""GunBucket_PP"",""Weight"":""1000"",""MinDurability"":""0.25"",""MaxDurability"":""0.5"",""AmmoMinCount"":""0"",""AmmoMaxCount"":""5""}"
vanilla/Stalker2/Content/GameLite/GameData/ItemGeneratorPrototypes.cfg,ordinary role,Varta,Recon,GeneralNPC_Varta_Recon_ItemGenerator,GeneralNPC_Varta_Recon_ItemGenerator,[0],"{""SID"":""GeneralNPC_Varta_Recon_ItemGenerator"",""RefreshTime"":""1d"",""SpecificRewardSound"":""EUISound::SystemNotificationNews""}",[2],WeaponPrimary,ERank::Veteran,,,{},[3],GeneralNPC_Varta_Recon_ItemGenerator.ItemGenerator.[2].PossibleItems.[3],GunFora230_PP,,weight,1000,,,,0,7,0.25,0.5,"{""ItemPrototypeSID"":""GunFora230_PP"",""Weight"":""1000"",""MinDurability"":""0.25"",""MaxDurability"":""0.5"",""AmmoMinCount"":""0"",""AmmoMaxCount"":""7""}"
vanilla/Stalker2/Content/GameLite/GameData/ItemGeneratorPrototypes.cfg,ordinary role,Varta,Recon,GeneralNPC_Varta_Recon_ItemGenerator,GeneralNPC_Varta_Recon_ItemGenerator,[0],"{""SID"":""GeneralNPC_Varta_Recon_ItemGenerator"",""RefreshTime"":""1d"",""SpecificRewardSound"":""EUISound::SystemNotificationNews""}",[3],WeaponPrimary,ERank::Master,,"EGameDifficulty::Easy, EGameDifficulty::Medium, EGameDifficulty::Hard",{},[0],GeneralNPC_Varta_Recon_ItemGenerator.ItemGenerator.[3].PossibleItems.[0],GunIntegral_PP,,weight,1000,,,,0,7,0.25,0.5,"{""ItemPrototypeSID"":""GunIntegral_PP"",""Weight"":""1000"",""MinDurability"":""0.25"",""MaxDurability"":""0.5"",""AmmoMinCount"":""0"",""AmmoMaxCount"":""7""}"
vanilla/Stalker2/Content/GameLite/GameData/ItemGeneratorPrototypes.cfg,ordinary role,Varta,Recon,GeneralNPC_Varta_Recon_ItemGenerator,GeneralNPC_Varta_Recon_ItemGenerator,[0],"{""SID"":""GeneralNPC_Varta_Recon_ItemGenerator"",""RefreshTime"":""1d"",""SpecificRewardSound"":""EUISound::SystemNotificationNews""}",[3],WeaponPrimary,ERank::Master,,"EGameDifficulty::Easy, EGameDifficulty::Medium, EGameDifficulty::Hard",{},[1],GeneralNPC_Varta_Recon_ItemGenerator.ItemGenerator.[3].PossibleItems.[1],GunBucket_PP,,weight,500,,,,0,7,0.25,0.5,"{""ItemPrototypeSID"":""GunBucket_PP"",""Weight"":""500"",""MinDurability"":""0.25"",""MaxDurability"":""0.5"",""AmmoMinCount"":""0"",""AmmoMaxCount"":""7""}"
vanilla/Stalker2/Content/GameLite/GameData/ItemGeneratorPrototypes.cfg,ordinary role,Varta,Recon,GeneralNPC_Varta_Recon_ItemGenerator,GeneralNPC_Varta_Recon_ItemGenerator,[0],"{""SID"":""GeneralNPC_Varta_Recon_ItemGenerator"",""RefreshTime"":""1d"",""SpecificRewardSound"":""EUISound::SystemNotificationNews""}",[3],WeaponPrimary,ERank::Master,,"EGameDifficulty::Easy, EGameDifficulty::Medium, EGameDifficulty::Hard",{},[2],GeneralNPC_Varta_Recon_ItemGenerator.ItemGenerator.[3].PossibleItems.[2],GunZubr_PP,,weight,500,,,,0,7,0.25,0.5,"{""ItemPrototypeSID"":""GunZubr_PP"",""Weight"":""500"",""MinDurability"":""0.25"",""MaxDurability"":""0.5"",""AmmoMinCount"":""0"",""AmmoMaxCount"":""7""}"
vanilla/Stalker2/Content/GameLite/GameData/ItemGeneratorPrototypes.cfg,ordinary role,Varta,Recon,GeneralNPC_Varta_Recon_ItemGenerator,GeneralNPC_Varta_Recon_ItemGenerator,[0],"{""SID"":""GeneralNPC_Varta_Recon_ItemGenerator"",""RefreshTime"":""1d"",""SpecificRewardSound"":""EUISound::SystemNotificationNews""}",[3],WeaponPrimary,ERank::Master,,"EGameDifficulty::Easy, EGameDifficulty::Medium, EGameDifficulty::Hard",{},[3],GeneralNPC_Varta_Recon_ItemGenerator.ItemGenerator.[3].PossibleItems.[3],GunFora230_PP,,weight,500,,,,0,7,0.25,0.5,"{""ItemPrototypeSID"":""GunFora230_PP"",""Weight"":""500"",""MinDurability"":""0.25"",""MaxDurability"":""0.5"",""AmmoMinCount"":""0"",""AmmoMaxCount"":""7""}"
vanilla/Stalker2/Content/GameLite/GameData/ItemGeneratorPrototypes.cfg,ordinary role,Varta,Recon,GeneralNPC_Varta_Recon_ItemGenerator,GeneralNPC_Varta_Recon_ItemGenerator,[0],"{""SID"":""GeneralNPC_Varta_Recon_ItemGenerator"",""RefreshTime"":""1d"",""SpecificRewardSound"":""EUISound::SystemNotificationNews""}",[4],WeaponPrimary,ERank::Master,,EGameDifficulty::Stalker,{},[0],GeneralNPC_Varta_Recon_ItemGenerator.ItemGenerator.[4].PossibleItems.[0],GunIntegral_PP,,weight,1000,,,,0,5,0.25,0.5,"{""ItemPrototypeSID"":""GunIntegral_PP"",""Weight"":""1000"",""MinDurability"":""0.25"",""MaxDurability"":""0.5"",""AmmoMinCount"":""0"",""AmmoMaxCount"":""5""}"
vanilla/Stalker2/Content/GameLite/GameData/ItemGeneratorPrototypes.cfg,ordinary role,Varta,Recon,GeneralNPC_Varta_Recon_ItemGenerator,GeneralNPC_Varta_Recon_ItemGenerator,[0],"{""SID"":""GeneralNPC_Varta_Recon_ItemGenerator"",""RefreshTime"":""1d"",""SpecificRewardSound"":""EUISound::SystemNotificationNews""}",[4],WeaponPrimary,ERank::Master,,EGameDifficulty::Stalker,{},[1],GeneralNPC_Varta_Recon_ItemGenerator.ItemGenerator.[4].PossibleItems.[1],GunBucket_PP,,weight,500,,,,0,5,0.25,0.5,"{""ItemPrototypeSID"":""GunBucket_PP"",""Weight"":""500"",""MinDurability"":""0.25"",""MaxDurability"":""0.5"",""AmmoMinCount"":""0"",""AmmoMaxCount"":""5""}"
vanilla/Stalker2/Content/GameLite/GameData/ItemGeneratorPrototypes.cfg,ordinary role,Varta,Recon,GeneralNPC_Varta_Recon_ItemGenerator,GeneralNPC_Varta_Recon_ItemGenerator,[0],"{""SID"":""GeneralNPC_Varta_Recon_ItemGenerator"",""RefreshTime"":""1d"",""SpecificRewardSound"":""EUISound::SystemNotificationNews""}",[4],WeaponPrimary,ERank::Master,,EGameDifficulty::Stalker,{},[2],GeneralNPC_Varta_Recon_ItemGenerator.ItemGenerator.[4].PossibleItems.[2],GunZubr_PP,,weight,500,,,,0,5,0.25,0.5,"{""ItemPrototypeSID"":""GunZubr_PP"",""Weight"":""500"",""MinDurability"":""0.25"",""MaxDurability"":""0.5"",""AmmoMinCount"":""0"",""AmmoMaxCount"":""5""}"
vanilla/Stalker2/Content/GameLite/GameData/ItemGeneratorPrototypes.cfg,ordinary role,Varta,Recon,GeneralNPC_Varta_Recon_ItemGenerator,GeneralNPC_Varta_Recon_ItemGenerator,[0],"{""SID"":""GeneralNPC_Varta_Recon_ItemGenerator"",""RefreshTime"":""1d"",""SpecificRewardSound"":""EUISound::SystemNotificationNews""}",[4],WeaponPrimary,ERank::Master,,EGameDifficulty::Stalker,{},[3],GeneralNPC_Varta_Recon_ItemGenerator.ItemGenerator.[4].PossibleItems.[3],GunFora230_PP,,weight,500,,,,0,5,0.25,0.5,"{""ItemPrototypeSID"":""GunFora230_PP"",""Weight"":""500"",""MinDurability"":""0.25"",""MaxDurability"":""0.5"",""AmmoMinCount"":""0"",""AmmoMaxCount"":""5""}"
vanilla/Stalker2/Content/GameLite/GameData/ItemGeneratorPrototypes.cfg,ordinary role,Varta,Recon,GeneralNPC_Varta_Recon_ItemGenerator,GeneralNPC_Varta_Recon_ItemGenerator,[0],"{""SID"":""GeneralNPC_Varta_Recon_ItemGenerator"",""RefreshTime"":""1d"",""SpecificRewardSound"":""EUISound::SystemNotificationNews""}",[5],SubItemGenerator,,,,{},[0],GeneralNPC_Varta_Recon_ItemGenerator.ItemGenerator.[5].PossibleItems.[0],,GeneralNPC_Varta_Armor,chance,,1,,,,,,,"{""ItemGeneratorPrototypeSID"":""GeneralNPC_Varta_Armor"",""Chance"":""1""}"
vanilla/Stalker2/Content/GameLite/GameData/ItemGeneratorPrototypes.cfg,ordinary role,Varta,Recon,GeneralNPC_Varta_Recon_ItemGenerator,GeneralNPC_Varta_Recon_ItemGenerator,[0],"{""SID"":""GeneralNPC_Varta_Recon_ItemGenerator"",""RefreshTime"":""1d"",""SpecificRewardSound"":""EUISound::SystemNotificationNews""}",[5],SubItemGenerator,,,,{},[1],GeneralNPC_Varta_Recon_ItemGenerator.ItemGenerator.[5].PossibleItems.[1],,GeneralNPC_Varta_WeaponPistol,chance,,0.25,,,,,,,"{""ItemGeneratorPrototypeSID"":""GeneralNPC_Varta_WeaponPistol"",""Chance"":""0.25""}"
vanilla/Stalker2/Content/GameLite/GameData/ItemGeneratorPrototypes.cfg,ordinary role,Varta,Recon,GeneralNPC_Varta_Recon_ItemGenerator,GeneralNPC_Varta_Recon_ItemGenerator,[0],"{""SID"":""GeneralNPC_Varta_Recon_ItemGenerator"",""RefreshTime"":""1d"",""SpecificRewardSound"":""EUISound::SystemNotificationNews""}",[6],SubItemGenerator,,,,{},[0],GeneralNPC_Varta_Recon_ItemGenerator.ItemGenerator.[6].PossibleItems.[0],,GeneralNPC_Consumables_Recon,weight,1,,,,,,,,"{""ItemGeneratorPrototypeSID"":""GeneralNPC_Consumables_Recon"",""Weight"":""1""}"
vanilla/Stalker2/Content/GameLite/GameData/ItemGeneratorPrototypes.cfg,ordinary role,Varta,Recon,GeneralNPC_Varta_Recon_ItemGenerator,GeneralNPC_Varta_Recon_ItemGenerator,[0],"{""SID"":""GeneralNPC_Varta_Recon_ItemGenerator"",""RefreshTime"":""1d"",""SpecificRewardSound"":""EUISound::SystemNotificationNews""}",[7],Artifact,,,,{},[0],GeneralNPC_Varta_Recon_ItemGenerator.ItemGenerator.[7].PossibleItems.[0],GrenadeRGD5,,chance,,0.2,1,1,,,,,"{""ItemPrototypeSID"":""GrenadeRGD5"",""Chance"":""0.2"",""MinCount"":""1"",""MaxCount"":""1""}"
vanilla/Stalker2/Content/GameLite/GameData/ItemGeneratorPrototypes.cfg,ordinary role,Varta,Recon,GeneralNPC_Varta_Recon_ItemGenerator,GeneralNPC_Varta_Recon_ItemGenerator,[0],"{""SID"":""GeneralNPC_Varta_Recon_ItemGenerator"",""RefreshTime"":""1d"",""SpecificRewardSound"":""EUISound::SystemNotificationNews""}",[8],Detector,,,,{},[0],GeneralNPC_Varta_Recon_ItemGenerator.ItemGenerator.[8].PossibleItems.[0],Echo,,chance,,0.05,1,,,,,,"{""ItemPrototypeSID"":""Echo"",""Chance"":""0.05"",""MinCount"":""1""}"
vanilla/Stalker2/Content/GameLite/GameData/ItemGeneratorPrototypes.cfg,ordinary role,Varta,Recon,GeneralNPC_Varta_Recon_ItemGenerator,GeneralNPC_Varta_Recon_ItemGenerator,[0],"{""SID"":""GeneralNPC_Varta_Recon_ItemGenerator"",""RefreshTime"":""1d"",""SpecificRewardSound"":""EUISound::SystemNotificationNews""}",[9],SubItemGenerator,,,,{},[0],GeneralNPC_Varta_Recon_ItemGenerator.ItemGenerator.[9].PossibleItems.[0],,GeneralNPC_Varta_NVG,chance,,1,,,,,,,"{""ItemGeneratorPrototypeSID"":""GeneralNPC_Varta_NVG"",""Chance"":""1""}"
vanilla/Stalker2/Content/GameLite/GameData/ItemGeneratorPrototypes.cfg,ordinary role,Varta,Stormtrooper,GeneralNPC_Varta_Stormtrooper_ItemGenerator,GeneralNPC_Varta_Stormtrooper_ItemGenerator,[0],"{""SID"":""GeneralNPC_Varta_Stormtrooper_ItemGenerator"",""RefreshTime"":""1d"",""SpecificRewardSound"":""EUISound::SystemNotificationNews""}",[0],WeaponPrimary,ERank::Newbie,,,{},[0],GeneralNPC_Varta_Stormtrooper_ItemGenerator.ItemGenerator.[0].PossibleItems.[0],GunAK74_ST,,weight,1000,,,,0,5,0.25,0.5,"{""ItemPrototypeSID"":""GunAK74_ST"",""Weight"":""1000"",""MinDurability"":""0.25"",""MaxDurability"":""0.5"",""AmmoMinCount"":""0"",""AmmoMaxCount"":""5""}"
vanilla/Stalker2/Content/GameLite/GameData/ItemGeneratorPrototypes.cfg,ordinary role,Varta,Stormtrooper,GeneralNPC_Varta_Stormtrooper_ItemGenerator,GeneralNPC_Varta_Stormtrooper_ItemGenerator,[0],"{""SID"":""GeneralNPC_Varta_Stormtrooper_ItemGenerator"",""RefreshTime"":""1d"",""SpecificRewardSound"":""EUISound::SystemNotificationNews""}",[0],WeaponPrimary,ERank::Newbie,,,{},[1],GeneralNPC_Varta_Stormtrooper_ItemGenerator.ItemGenerator.[0].PossibleItems.[1],GunM16_ST,,weight,100,,,,0,5,0.25,0.5,"{""ItemPrototypeSID"":""GunM16_ST"",""Weight"":""100"",""MinDurability"":""0.25"",""MaxDurability"":""0.5"",""AmmoMinCount"":""0"",""AmmoMaxCount"":""5""}"
vanilla/Stalker2/Content/GameLite/GameData/ItemGeneratorPrototypes.cfg,ordinary role,Varta,Stormtrooper,GeneralNPC_Varta_Stormtrooper_ItemGenerator,GeneralNPC_Varta_Stormtrooper_ItemGenerator,[0],"{""SID"":""GeneralNPC_Varta_Stormtrooper_ItemGenerator"",""RefreshTime"":""1d"",""SpecificRewardSound"":""EUISound::SystemNotificationNews""}",[1],WeaponPrimary,ERank::Experienced,,,{},[0],GeneralNPC_Varta_Stormtrooper_ItemGenerator.ItemGenerator.[1].PossibleItems.[0],GunFora_ST,,weight,100,,,,0,5,0.25,0.5,"{""ItemPrototypeSID"":""GunFora_ST"",""Weight"":""100"",""MinDurability"":""0.25"",""MaxDurability"":""0.5"",""AmmoMinCount"":""0"",""AmmoMaxCount"":""5""}"
vanilla/Stalker2/Content/GameLite/GameData/ItemGeneratorPrototypes.cfg,ordinary role,Varta,Stormtrooper,GeneralNPC_Varta_Stormtrooper_ItemGenerator,GeneralNPC_Varta_Stormtrooper_ItemGenerator,[0],"{""SID"":""GeneralNPC_Varta_Stormtrooper_ItemGenerator"",""RefreshTime"":""1d"",""SpecificRewardSound"":""EUISound::SystemNotificationNews""}",[1],WeaponPrimary,ERank::Experienced,,,{},[1],GeneralNPC_Varta_Stormtrooper_ItemGenerator.ItemGenerator.[1].PossibleItems.[1],GunM16_ST,,weight,1000,,,,0,5,0.25,0.5,"{""ItemPrototypeSID"":""GunM16_ST"",""Weight"":""1000"",""MinDurability"":""0.25"",""MaxDurability"":""0.5"",""AmmoMinCount"":""0"",""AmmoMaxCount"":""5""}"
vanilla/Stalker2/Content/GameLite/GameData/ItemGeneratorPrototypes.cfg,ordinary role,Varta,Stormtrooper,GeneralNPC_Varta_Stormtrooper_ItemGenerator,GeneralNPC_Varta_Stormtrooper_ItemGenerator,[0],"{""SID"":""GeneralNPC_Varta_Stormtrooper_ItemGenerator"",""RefreshTime"":""1d"",""SpecificRewardSound"":""EUISound::SystemNotificationNews""}",[2],WeaponPrimary,ERank::Veteran,,"EGameDifficulty::Easy, EGameDifficulty::Medium, EGameDifficulty::Hard",{},[0],GeneralNPC_Varta_Stormtrooper_ItemGenerator.ItemGenerator.[2].PossibleItems.[0],GunM16_ST,,weight,400,,,,0,5,0.25,0.5,"{""ItemPrototypeSID"":""GunM16_ST"",""Weight"":""400"",""MinDurability"":""0.25"",""MaxDurability"":""0.5"",""AmmoMinCount"":""0"",""AmmoMaxCount"":""5""}"
vanilla/Stalker2/Content/GameLite/GameData/ItemGeneratorPrototypes.cfg,ordinary role,Varta,Stormtrooper,GeneralNPC_Varta_Stormtrooper_ItemGenerator,GeneralNPC_Varta_Stormtrooper_ItemGenerator,[0],"{""SID"":""GeneralNPC_Varta_Stormtrooper_ItemGenerator"",""RefreshTime"":""1d"",""SpecificRewardSound"":""EUISound::SystemNotificationNews""}",[2],WeaponPrimary,ERank::Veteran,,"EGameDifficulty::Easy, EGameDifficulty::Medium, EGameDifficulty::Hard",{},[1],GeneralNPC_Varta_Stormtrooper_ItemGenerator.ItemGenerator.[2].PossibleItems.[1],GunFora_ST,,weight,1000,,,,0,7,0.25,0.5,"{""ItemPrototypeSID"":""GunFora_ST"",""Weight"":""1000"",""MinDurability"":""0.25"",""MaxDurability"":""0.5"",""AmmoMinCount"":""0"",""AmmoMaxCount"":""7""}"
vanilla/Stalker2/Content/GameLite/GameData/ItemGeneratorPrototypes.cfg,ordinary role,Varta,Stormtrooper,GeneralNPC_Varta_Stormtrooper_ItemGenerator,GeneralNPC_Varta_Stormtrooper_ItemGenerator,[0],"{""SID"":""GeneralNPC_Varta_Stormtrooper_ItemGenerator"",""RefreshTime"":""1d"",""SpecificRewardSound"":""EUISound::SystemNotificationNews""}",[2],WeaponPrimary,ERank::Veteran,,"EGameDifficulty::Easy, EGameDifficulty::Medium, EGameDifficulty::Hard",{},[2],GeneralNPC_Varta_Stormtrooper_ItemGenerator.ItemGenerator.[2].PossibleItems.[2],GunG37_ST,,weight,100,,,,0,7,0.25,0.5,"{""ItemPrototypeSID"":""GunG37_ST"",""Weight"":""100"",""MinDurability"":""0.25"",""MaxDurability"":""0.5"",""AmmoMinCount"":""0"",""AmmoMaxCount"":""7""}"
vanilla/Stalker2/Content/GameLite/GameData/ItemGeneratorPrototypes.cfg,ordinary role,Varta,Stormtrooper,GeneralNPC_Varta_Stormtrooper_ItemGenerator,GeneralNPC_Varta_Stormtrooper_ItemGenerator,[0],"{""SID"":""GeneralNPC_Varta_Stormtrooper_ItemGenerator"",""RefreshTime"":""1d"",""SpecificRewardSound"":""EUISound::SystemNotificationNews""}",[2],WeaponPrimary,ERank::Veteran,,"EGameDifficulty::Easy, EGameDifficulty::Medium, EGameDifficulty::Hard",{},[3],GeneralNPC_Varta_Stormtrooper_ItemGenerator.ItemGenerator.[2].PossibleItems.[3],GunArev_ST,,weight,1000,,,,0,7,0.25,0.5,"{""ItemPrototypeSID"":""GunArev_ST"",""Weight"":""1000"",""MinDurability"":""0.25"",""MaxDurability"":""0.5"",""AmmoMinCount"":""0"",""AmmoMaxCount"":""7""}"
vanilla/Stalker2/Content/GameLite/GameData/ItemGeneratorPrototypes.cfg,ordinary role,Varta,Stormtrooper,GeneralNPC_Varta_Stormtrooper_ItemGenerator,GeneralNPC_Varta_Stormtrooper_ItemGenerator,[0],"{""SID"":""GeneralNPC_Varta_Stormtrooper_ItemGenerator"",""RefreshTime"":""1d"",""SpecificRewardSound"":""EUISound::SystemNotificationNews""}",[3],WeaponPrimary,ERank::Master,,"EGameDifficulty::Easy, EGameDifficulty::Medium, EGameDifficulty::Hard",{},[0],GeneralNPC_Varta_Stormtrooper_ItemGenerator.ItemGenerator.[3].PossibleItems.[0],GunKharod_ST,,weight,500,,,,0,7,0.25,0.5,"{""ItemPrototypeSID"":""GunKharod_ST"",""Weight"":""500"",""MinDurability"":""0.25"",""MaxDurability"":""0.5"",""AmmoMinCount"":""0"",""AmmoMaxCount"":""7""}"
vanilla/Stalker2/Content/GameLite/GameData/ItemGeneratorPrototypes.cfg,ordinary role,Varta,Stormtrooper,GeneralNPC_Varta_Stormtrooper_ItemGenerator,GeneralNPC_Varta_Stormtrooper_ItemGenerator,[0],"{""SID"":""GeneralNPC_Varta_Stormtrooper_ItemGenerator"",""RefreshTime"":""1d"",""SpecificRewardSound"":""EUISound::SystemNotificationNews""}",[3],WeaponPrimary,ERank::Master,,"EGameDifficulty::Easy, EGameDifficulty::Medium, EGameDifficulty::Hard",{},[1],GeneralNPC_Varta_Stormtrooper_ItemGenerator.ItemGenerator.[3].PossibleItems.[1],GunDnipro_ST,,weight,500,,,,0,7,0.25,0.5,"{""ItemPrototypeSID"":""GunDnipro_ST"",""Weight"":""500"",""MinDurability"":""0.25"",""MaxDurability"":""0.5"",""AmmoMinCount"":""0"",""AmmoMaxCount"":""7""}"
vanilla/Stalker2/Content/GameLite/GameData/ItemGeneratorPrototypes.cfg,ordinary role,Varta,Stormtrooper,GeneralNPC_Varta_Stormtrooper_ItemGenerator,GeneralNPC_Varta_Stormtrooper_ItemGenerator,[0],"{""SID"":""GeneralNPC_Varta_Stormtrooper_ItemGenerator"",""RefreshTime"":""1d"",""SpecificRewardSound"":""EUISound::SystemNotificationNews""}",[3],WeaponPrimary,ERank::Master,,"EGameDifficulty::Easy, EGameDifficulty::Medium, EGameDifficulty::Hard",{},[2],GeneralNPC_Varta_Stormtrooper_ItemGenerator.ItemGenerator.[3].PossibleItems.[2],GunFora_ST,,weight,1000,,,,0,7,0.25,0.5,"{""ItemPrototypeSID"":""GunFora_ST"",""Weight"":""1000"",""MinDurability"":""0.25"",""MaxDurability"":""0.5"",""AmmoMinCount"":""0"",""AmmoMaxCount"":""7""}"
vanilla/Stalker2/Content/GameLite/GameData/ItemGeneratorPrototypes.cfg,ordinary role,Varta,Stormtrooper,GeneralNPC_Varta_Stormtrooper_ItemGenerator,GeneralNPC_Varta_Stormtrooper_ItemGenerator,[0],"{""SID"":""GeneralNPC_Varta_Stormtrooper_ItemGenerator"",""RefreshTime"":""1d"",""SpecificRewardSound"":""EUISound::SystemNotificationNews""}",[3],WeaponPrimary,ERank::Master,,"EGameDifficulty::Easy, EGameDifficulty::Medium, EGameDifficulty::Hard",{},[3],GeneralNPC_Varta_Stormtrooper_ItemGenerator.ItemGenerator.[3].PossibleItems.[3],GunG37_ST,,weight,500,,,,0,7,0.25,0.5,"{""ItemPrototypeSID"":""GunG37_ST"",""Weight"":""500"",""MinDurability"":""0.25"",""MaxDurability"":""0.5"",""AmmoMinCount"":""0"",""AmmoMaxCount"":""7""}"
vanilla/Stalker2/Content/GameLite/GameData/ItemGeneratorPrototypes.cfg,ordinary role,Varta,Stormtrooper,GeneralNPC_Varta_Stormtrooper_ItemGenerator,GeneralNPC_Varta_Stormtrooper_ItemGenerator,[0],"{""SID"":""GeneralNPC_Varta_Stormtrooper_ItemGenerator"",""RefreshTime"":""1d"",""SpecificRewardSound"":""EUISound::SystemNotificationNews""}",[3],WeaponPrimary,ERank::Master,,"EGameDifficulty::Easy, EGameDifficulty::Medium, EGameDifficulty::Hard",{},[4],GeneralNPC_Varta_Stormtrooper_ItemGenerator.ItemGenerator.[3].PossibleItems.[4],GunArev_ST,,weight,1000,,,,0,7,0.25,0.5,"{""ItemPrototypeSID"":""GunArev_ST"",""Weight"":""1000"",""MinDurability"":""0.25"",""MaxDurability"":""0.5"",""AmmoMinCount"":""0"",""AmmoMaxCount"":""7""}"
vanilla/Stalker2/Content/GameLite/GameData/ItemGeneratorPrototypes.cfg,ordinary role,Varta,Stormtrooper,GeneralNPC_Varta_Stormtrooper_ItemGenerator,GeneralNPC_Varta_Stormtrooper_ItemGenerator,[0],"{""SID"":""GeneralNPC_Varta_Stormtrooper_ItemGenerator"",""RefreshTime"":""1d"",""SpecificRewardSound"":""EUISound::SystemNotificationNews""}",[4],WeaponPrimary,ERank::Veteran,,EGameDifficulty::Stalker,{},[0],GeneralNPC_Varta_Stormtrooper_ItemGenerator.ItemGenerator.[4].PossibleItems.[0],GunM16_ST,,weight,400,,,,0,5,0.25,0.5,"{""ItemPrototypeSID"":""GunM16_ST"",""Weight"":""400"",""MinDurability"":""0.25"",""MaxDurability"":""0.5"",""AmmoMinCount"":""0"",""AmmoMaxCount"":""5""}"
vanilla/Stalker2/Content/GameLite/GameData/ItemGeneratorPrototypes.cfg,ordinary role,Varta,Stormtrooper,GeneralNPC_Varta_Stormtrooper_ItemGenerator,GeneralNPC_Varta_Stormtrooper_ItemGenerator,[0],"{""SID"":""GeneralNPC_Varta_Stormtrooper_ItemGenerator"",""RefreshTime"":""1d"",""SpecificRewardSound"":""EUISound::SystemNotificationNews""}",[4],WeaponPrimary,ERank::Veteran,,EGameDifficulty::Stalker,{},[1],GeneralNPC_Varta_Stormtrooper_ItemGenerator.ItemGenerator.[4].PossibleItems.[1],GunFora_ST,,weight,1000,,,,0,6,0.25,0.5,"{""ItemPrototypeSID"":""GunFora_ST"",""Weight"":""1000"",""MinDurability"":""0.25"",""MaxDurability"":""0.5"",""AmmoMinCount"":""0"",""AmmoMaxCount"":""6""}"
vanilla/Stalker2/Content/GameLite/GameData/ItemGeneratorPrototypes.cfg,ordinary role,Varta,Stormtrooper,GeneralNPC_Varta_Stormtrooper_ItemGenerator,GeneralNPC_Varta_Stormtrooper_ItemGenerator,[0],"{""SID"":""GeneralNPC_Varta_Stormtrooper_ItemGenerator"",""RefreshTime"":""1d"",""SpecificRewardSound"":""EUISound::SystemNotificationNews""}",[4],WeaponPrimary,ERank::Veteran,,EGameDifficulty::Stalker,{},[2],GeneralNPC_Varta_Stormtrooper_ItemGenerator.ItemGenerator.[4].PossibleItems.[2],GunG37_ST,,weight,100,,,,0,6,0.25,0.5,"{""ItemPrototypeSID"":""GunG37_ST"",""Weight"":""100"",""MinDurability"":""0.25"",""MaxDurability"":""0.5"",""AmmoMinCount"":""0"",""AmmoMaxCount"":""6""}"
vanilla/Stalker2/Content/GameLite/GameData/ItemGeneratorPrototypes.cfg,ordinary role,Varta,Stormtrooper,GeneralNPC_Varta_Stormtrooper_ItemGenerator,GeneralNPC_Varta_Stormtrooper_ItemGenerator,[0],"{""SID"":""GeneralNPC_Varta_Stormtrooper_ItemGenerator"",""RefreshTime"":""1d"",""SpecificRewardSound"":""EUISound::SystemNotificationNews""}",[4],WeaponPrimary,ERank::Veteran,,EGameDifficulty::Stalker,{},[3],GeneralNPC_Varta_Stormtrooper_ItemGenerator.ItemGenerator.[4].PossibleItems.[3],GunArev_ST,,weight,1000,,,,0,6,0.25,0.5,"{""ItemPrototypeSID"":""GunArev_ST"",""Weight"":""1000"",""MinDurability"":""0.25"",""MaxDurability"":""0.5"",""AmmoMinCount"":""0"",""AmmoMaxCount"":""6""}"
vanilla/Stalker2/Content/GameLite/GameData/ItemGeneratorPrototypes.cfg,ordinary role,Varta,Stormtrooper,GeneralNPC_Varta_Stormtrooper_ItemGenerator,GeneralNPC_Varta_Stormtrooper_ItemGenerator,[0],"{""SID"":""GeneralNPC_Varta_Stormtrooper_ItemGenerator"",""RefreshTime"":""1d"",""SpecificRewardSound"":""EUISound::SystemNotificationNews""}",[5],WeaponPrimary,ERank::Master,,EGameDifficulty::Stalker,{},[0],GeneralNPC_Varta_Stormtrooper_ItemGenerator.ItemGenerator.[5].PossibleItems.[0],GunKharod_ST,,weight,500,,,,0,6,0.25,0.5,"{""ItemPrototypeSID"":""GunKharod_ST"",""Weight"":""500"",""MinDurability"":""0.25"",""MaxDurability"":""0.5"",""AmmoMinCount"":""0"",""AmmoMaxCount"":""6""}"
vanilla/Stalker2/Content/GameLite/GameData/ItemGeneratorPrototypes.cfg,ordinary role,Varta,Stormtrooper,GeneralNPC_Varta_Stormtrooper_ItemGenerator,GeneralNPC_Varta_Stormtrooper_ItemGenerator,[0],"{""SID"":""GeneralNPC_Varta_Stormtrooper_ItemGenerator"",""RefreshTime"":""1d"",""SpecificRewardSound"":""EUISound::SystemNotificationNews""}",[5],WeaponPrimary,ERank::Master,,EGameDifficulty::Stalker,{},[1],GeneralNPC_Varta_Stormtrooper_ItemGenerator.ItemGenerator.[5].PossibleItems.[1],GunDnipro_ST,,weight,500,,,,0,6,0.25,0.5,"{""ItemPrototypeSID"":""GunDnipro_ST"",""Weight"":""500"",""MinDurability"":""0.25"",""MaxDurability"":""0.5"",""AmmoMinCount"":""0"",""AmmoMaxCount"":""6""}"
vanilla/Stalker2/Content/GameLite/GameData/ItemGeneratorPrototypes.cfg,ordinary role,Varta,Stormtrooper,GeneralNPC_Varta_Stormtrooper_ItemGenerator,GeneralNPC_Varta_Stormtrooper_ItemGenerator,[0],"{""SID"":""GeneralNPC_Varta_Stormtrooper_ItemGenerator"",""RefreshTime"":""1d"",""SpecificRewardSound"":""EUISound::SystemNotificationNews""}",[5],WeaponPrimary,ERank::Master,,EGameDifficulty::Stalker,{},[2],GeneralNPC_Varta_Stormtrooper_ItemGenerator.ItemGenerator.[5].PossibleItems.[2],GunFora_ST,,weight,1000,,,,0,6,0.25,0.5,"{""ItemPrototypeSID"":""GunFora_ST"",""Weight"":""1000"",""MinDurability"":""0.25"",""MaxDurability"":""0.5"",""AmmoMinCount"":""0"",""AmmoMaxCount"":""6""}"
vanilla/Stalker2/Content/GameLite/GameData/ItemGeneratorPrototypes.cfg,ordinary role,Varta,Stormtrooper,GeneralNPC_Varta_Stormtrooper_ItemGenerator,GeneralNPC_Varta_Stormtrooper_ItemGenerator,[0],"{""SID"":""GeneralNPC_Varta_Stormtrooper_ItemGenerator"",""RefreshTime"":""1d"",""SpecificRewardSound"":""EUISound::SystemNotificationNews""}",[5],WeaponPrimary,ERank::Master,,EGameDifficulty::Stalker,{},[3],GeneralNPC_Varta_Stormtrooper_ItemGenerator.ItemGenerator.[5].PossibleItems.[3],GunG37_ST,,weight,500,,,,0,6,0.25,0.5,"{""ItemPrototypeSID"":""GunG37_ST"",""Weight"":""500"",""MinDurability"":""0.25"",""MaxDurability"":""0.5"",""AmmoMinCount"":""0"",""AmmoMaxCount"":""6""}"
vanilla/Stalker2/Content/GameLite/GameData/ItemGeneratorPrototypes.cfg,ordinary role,Varta,Stormtrooper,GeneralNPC_Varta_Stormtrooper_ItemGenerator,GeneralNPC_Varta_Stormtrooper_ItemGenerator,[0],"{""SID"":""GeneralNPC_Varta_Stormtrooper_ItemGenerator"",""RefreshTime"":""1d"",""SpecificRewardSound"":""EUISound::SystemNotificationNews""}",[5],WeaponPrimary,ERank::Master,,EGameDifficulty::Stalker,{},[4],GeneralNPC_Varta_Stormtrooper_ItemGenerator.ItemGenerator.[5].PossibleItems.[4],GunArev_ST,,weight,1000,,,,0,6,0.25,0.5,"{""ItemPrototypeSID"":""GunArev_ST"",""Weight"":""1000"",""MinDurability"":""0.25"",""MaxDurability"":""0.5"",""AmmoMinCount"":""0"",""AmmoMaxCount"":""6""}"
vanilla/Stalker2/Content/GameLite/GameData/ItemGeneratorPrototypes.cfg,ordinary role,Varta,Stormtrooper,GeneralNPC_Varta_Stormtrooper_ItemGenerator,GeneralNPC_Varta_Stormtrooper_ItemGenerator,[0],"{""SID"":""GeneralNPC_Varta_Stormtrooper_ItemGenerator"",""RefreshTime"":""1d"",""SpecificRewardSound"":""EUISound::SystemNotificationNews""}",[6],SubItemGenerator,,,,{},[0],GeneralNPC_Varta_Stormtrooper_ItemGenerator.ItemGenerator.[6].PossibleItems.[0],,GeneralNPC_Varta_Armor,chance,,1,,,,,,,"{""ItemGeneratorPrototypeSID"":""GeneralNPC_Varta_Armor"",""Chance"":""1""}"
vanilla/Stalker2/Content/GameLite/GameData/ItemGeneratorPrototypes.cfg,ordinary role,Varta,Stormtrooper,GeneralNPC_Varta_Stormtrooper_ItemGenerator,GeneralNPC_Varta_Stormtrooper_ItemGenerator,[0],"{""SID"":""GeneralNPC_Varta_Stormtrooper_ItemGenerator"",""RefreshTime"":""1d"",""SpecificRewardSound"":""EUISound::SystemNotificationNews""}",[6],SubItemGenerator,,,,{},[1],GeneralNPC_Varta_Stormtrooper_ItemGenerator.ItemGenerator.[6].PossibleItems.[1],,GeneralNPC_Varta_WeaponPistol,chance,,0.4,,,,,,,"{""ItemGeneratorPrototypeSID"":""GeneralNPC_Varta_WeaponPistol"",""Chance"":""0.4""}"
vanilla/Stalker2/Content/GameLite/GameData/ItemGeneratorPrototypes.cfg,ordinary role,Varta,Stormtrooper,GeneralNPC_Varta_Stormtrooper_ItemGenerator,GeneralNPC_Varta_Stormtrooper_ItemGenerator,[0],"{""SID"":""GeneralNPC_Varta_Stormtrooper_ItemGenerator"",""RefreshTime"":""1d"",""SpecificRewardSound"":""EUISound::SystemNotificationNews""}",[7],SubItemGenerator,,,,{},[0],GeneralNPC_Varta_Stormtrooper_ItemGenerator.ItemGenerator.[7].PossibleItems.[0],,GeneralNPC_Consumables_Stormtrooper,weight,1,,,,,,,,"{""ItemGeneratorPrototypeSID"":""GeneralNPC_Consumables_Stormtrooper"",""Weight"":""1""}"
vanilla/Stalker2/Content/GameLite/GameData/ItemGeneratorPrototypes.cfg,ordinary role,Varta,Stormtrooper,GeneralNPC_Varta_Stormtrooper_ItemGenerator,GeneralNPC_Varta_Stormtrooper_ItemGenerator,[0],"{""SID"":""GeneralNPC_Varta_Stormtrooper_ItemGenerator"",""RefreshTime"":""1d"",""SpecificRewardSound"":""EUISound::SystemNotificationNews""}",[8],Artifact,,,,{},[0],GeneralNPC_Varta_Stormtrooper_ItemGenerator.ItemGenerator.[8].PossibleItems.[0],GrenadeRGD5,,chance,,0.2,1,1,,,,,"{""ItemPrototypeSID"":""GrenadeRGD5"",""Chance"":""0.2"",""MinCount"":""1"",""MaxCount"":""1""}"
vanilla/Stalker2/Content/GameLite/GameData/ItemGeneratorPrototypes.cfg,ordinary role,Varta,Stormtrooper,GeneralNPC_Varta_Stormtrooper_ItemGenerator,GeneralNPC_Varta_Stormtrooper_ItemGenerator,[0],"{""SID"":""GeneralNPC_Varta_Stormtrooper_ItemGenerator"",""RefreshTime"":""1d"",""SpecificRewardSound"":""EUISound::SystemNotificationNews""}",[9],Detector,,,,{},[0],GeneralNPC_Varta_Stormtrooper_ItemGenerator.ItemGenerator.[9].PossibleItems.[0],Echo,,chance,,0.05,1,,,,,,"{""ItemPrototypeSID"":""Echo"",""Chance"":""0.05"",""MinCount"":""1""}"
vanilla/Stalker2/Content/GameLite/GameData/ItemGeneratorPrototypes.cfg,ordinary role,Varta,Stormtrooper,GeneralNPC_Varta_Stormtrooper_ItemGenerator,GeneralNPC_Varta_Stormtrooper_ItemGenerator,[0],"{""SID"":""GeneralNPC_Varta_Stormtrooper_ItemGenerator"",""RefreshTime"":""1d"",""SpecificRewardSound"":""EUISound::SystemNotificationNews""}",[10],SubItemGenerator,,,,{},[0],GeneralNPC_Varta_Stormtrooper_ItemGenerator.ItemGenerator.[10].PossibleItems.[0],,GeneralNPC_Varta_NVG,chance,,1,,,,,,,"{""ItemGeneratorPrototypeSID"":""GeneralNPC_Varta_NVG"",""Chance"":""1""}"
vanilla/Stalker2/Content/GameLite/GameData/ItemGeneratorPrototypes.cfg,ordinary role,Varta,Sniper,GeneralNPC_Varta_Sniper_ItemGenerator,GeneralNPC_Varta_Sniper_ItemGenerator,[0],"{""SID"":""GeneralNPC_Varta_Sniper_ItemGenerator"",""RefreshTime"":""1d"",""SpecificRewardSound"":""EUISound::SystemNotificationNews""}",[0],WeaponPrimary,ERank::Newbie,,,{},[0],GeneralNPC_Varta_Sniper_ItemGenerator.ItemGenerator.[0].PossibleItems.[0],GunAK74_ST,,weight,1000,,,,0,5,0.25,0.5,"{""ItemPrototypeSID"":""GunAK74_ST"",""Weight"":""1000"",""MinDurability"":""0.25"",""MaxDurability"":""0.5"",""AmmoMinCount"":""0"",""AmmoMaxCount"":""5""}"
vanilla/Stalker2/Content/GameLite/GameData/ItemGeneratorPrototypes.cfg,ordinary role,Varta,Sniper,GeneralNPC_Varta_Sniper_ItemGenerator,GeneralNPC_Varta_Sniper_ItemGenerator,[0],"{""SID"":""GeneralNPC_Varta_Sniper_ItemGenerator"",""RefreshTime"":""1d"",""SpecificRewardSound"":""EUISound::SystemNotificationNews""}",[0],WeaponPrimary,ERank::Newbie,,,{},[1],GeneralNPC_Varta_Sniper_ItemGenerator.ItemGenerator.[0].PossibleItems.[1],GunM16_ST,,weight,100,,,,0,5,0.25,0.5,"{""ItemPrototypeSID"":""GunM16_ST"",""Weight"":""100"",""MinDurability"":""0.25"",""MaxDurability"":""0.5"",""AmmoMinCount"":""0"",""AmmoMaxCount"":""5""}"
vanilla/Stalker2/Content/GameLite/GameData/ItemGeneratorPrototypes.cfg,ordinary role,Varta,Sniper,GeneralNPC_Varta_Sniper_ItemGenerator,GeneralNPC_Varta_Sniper_ItemGenerator,[0],"{""SID"":""GeneralNPC_Varta_Sniper_ItemGenerator"",""RefreshTime"":""1d"",""SpecificRewardSound"":""EUISound::SystemNotificationNews""}",[1],WeaponPrimary,ERank::Experienced,,,{},[0],GeneralNPC_Varta_Sniper_ItemGenerator.ItemGenerator.[1].PossibleItems.[0],GunFora_ST,,weight,100,,,,0,5,0.25,0.5,"{""ItemPrototypeSID"":""GunFora_ST"",""Weight"":""100"",""MinDurability"":""0.25"",""MaxDurability"":""0.5"",""AmmoMinCount"":""0"",""AmmoMaxCount"":""5""}"
vanilla/Stalker2/Content/GameLite/GameData/ItemGeneratorPrototypes.cfg,ordinary role,Varta,Sniper,GeneralNPC_Varta_Sniper_ItemGenerator,GeneralNPC_Varta_Sniper_ItemGenerator,[0],"{""SID"":""GeneralNPC_Varta_Sniper_ItemGenerator"",""RefreshTime"":""1d"",""SpecificRewardSound"":""EUISound::SystemNotificationNews""}",[1],WeaponPrimary,ERank::Experienced,,,{},[1],GeneralNPC_Varta_Sniper_ItemGenerator.ItemGenerator.[1].PossibleItems.[1],GunM16_ST,,weight,1000,,,,0,5,0.25,0.5,"{""ItemPrototypeSID"":""GunM16_ST"",""Weight"":""1000"",""MinDurability"":""0.25"",""MaxDurability"":""0.5"",""AmmoMinCount"":""0"",""AmmoMaxCount"":""5""}"
vanilla/Stalker2/Content/GameLite/GameData/ItemGeneratorPrototypes.cfg,ordinary role,Varta,Sniper,GeneralNPC_Varta_Sniper_ItemGenerator,GeneralNPC_Varta_Sniper_ItemGenerator,[0],"{""SID"":""GeneralNPC_Varta_Sniper_ItemGenerator"",""RefreshTime"":""1d"",""SpecificRewardSound"":""EUISound::SystemNotificationNews""}",[1],WeaponPrimary,ERank::Experienced,,,{},[2],GeneralNPC_Varta_Sniper_ItemGenerator.ItemGenerator.[1].PossibleItems.[2],GunMark_SP,,weight,100,,,,0,5,0.25,0.5,"{""ItemPrototypeSID"":""GunMark_SP"",""Weight"":""100"",""MinDurability"":""0.25"",""MaxDurability"":""0.5"",""AmmoMinCount"":""0"",""AmmoMaxCount"":""5""}"
vanilla/Stalker2/Content/GameLite/GameData/ItemGeneratorPrototypes.cfg,ordinary role,Varta,Sniper,GeneralNPC_Varta_Sniper_ItemGenerator,GeneralNPC_Varta_Sniper_ItemGenerator,[0],"{""SID"":""GeneralNPC_Varta_Sniper_ItemGenerator"",""RefreshTime"":""1d"",""SpecificRewardSound"":""EUISound::SystemNotificationNews""}",[2],WeaponPrimary,"ERank::Veteran, ERank::Master",,,{},[0],GeneralNPC_Varta_Sniper_ItemGenerator.ItemGenerator.[2].PossibleItems.[0],GunM701_SP,,weight,500,,,,10,15,0.25,0.5,"{""ItemPrototypeSID"":""GunM701_SP"",""Weight"":""500"",""MinDurability"":""0.25"",""MaxDurability"":""0.5"",""AmmoMinCount"":""10"",""AmmoMaxCount"":""15""}"
vanilla/Stalker2/Content/GameLite/GameData/ItemGeneratorPrototypes.cfg,ordinary role,Varta,Sniper,GeneralNPC_Varta_Sniper_ItemGenerator,GeneralNPC_Varta_Sniper_ItemGenerator,[0],"{""SID"":""GeneralNPC_Varta_Sniper_ItemGenerator"",""RefreshTime"":""1d"",""SpecificRewardSound"":""EUISound::SystemNotificationNews""}",[2],WeaponPrimary,"ERank::Veteran, ERank::Master",,,{},[1],GeneralNPC_Varta_Sniper_ItemGenerator.ItemGenerator.[2].PossibleItems.[1],GunMark_SP,,weight,1000,,,,10,15,0.25,0.5,"{""ItemPrototypeSID"":""GunMark_SP"",""Weight"":""1000"",""MinDurability"":""0.25"",""MaxDurability"":""0.5"",""AmmoMinCount"":""10"",""AmmoMaxCount"":""15""}"
vanilla/Stalker2/Content/GameLite/GameData/ItemGeneratorPrototypes.cfg,ordinary role,Varta,Sniper,GeneralNPC_Varta_Sniper_ItemGenerator,GeneralNPC_Varta_Sniper_ItemGenerator,[0],"{""SID"":""GeneralNPC_Varta_Sniper_ItemGenerator"",""RefreshTime"":""1d"",""SpecificRewardSound"":""EUISound::SystemNotificationNews""}",[3],WeaponPrimary,"ERank::Veteran, ERank::Master",,,{},[0],GeneralNPC_Varta_Sniper_ItemGenerator.ItemGenerator.[3].PossibleItems.[0],GunM701_SP,,weight,500,,,,0,5,0.25,0.5,"{""ItemPrototypeSID"":""GunM701_SP"",""Weight"":""500"",""MinDurability"":""0.25"",""MaxDurability"":""0.5"",""AmmoMinCount"":""0"",""AmmoMaxCount"":""5""}"
vanilla/Stalker2/Content/GameLite/GameData/ItemGeneratorPrototypes.cfg,ordinary role,Varta,Sniper,GeneralNPC_Varta_Sniper_ItemGenerator,GeneralNPC_Varta_Sniper_ItemGenerator,[0],"{""SID"":""GeneralNPC_Varta_Sniper_ItemGenerator"",""RefreshTime"":""1d"",""SpecificRewardSound"":""EUISound::SystemNotificationNews""}",[3],WeaponPrimary,"ERank::Veteran, ERank::Master",,,{},[1],GeneralNPC_Varta_Sniper_ItemGenerator.ItemGenerator.[3].PossibleItems.[1],GunMark_SP,,weight,1000,,,,0,5,0.25,0.5,"{""ItemPrototypeSID"":""GunMark_SP"",""Weight"":""1000"",""MinDurability"":""0.25"",""MaxDurability"":""0.5"",""AmmoMinCount"":""0"",""AmmoMaxCount"":""5""}"
vanilla/Stalker2/Content/GameLite/GameData/ItemGeneratorPrototypes.cfg,ordinary role,Varta,Sniper,GeneralNPC_Varta_Sniper_ItemGenerator,GeneralNPC_Varta_Sniper_ItemGenerator,[0],"{""SID"":""GeneralNPC_Varta_Sniper_ItemGenerator"",""RefreshTime"":""1d"",""SpecificRewardSound"":""EUISound::SystemNotificationNews""}",[4],SubItemGenerator,,,,{},[0],GeneralNPC_Varta_Sniper_ItemGenerator.ItemGenerator.[4].PossibleItems.[0],,GeneralNPC_Varta_Armor,chance,,1,,,,,,,"{""ItemGeneratorPrototypeSID"":""GeneralNPC_Varta_Armor"",""Chance"":""1""}"
vanilla/Stalker2/Content/GameLite/GameData/ItemGeneratorPrototypes.cfg,ordinary role,Varta,Sniper,GeneralNPC_Varta_Sniper_ItemGenerator,GeneralNPC_Varta_Sniper_ItemGenerator,[0],"{""SID"":""GeneralNPC_Varta_Sniper_ItemGenerator"",""RefreshTime"":""1d"",""SpecificRewardSound"":""EUISound::SystemNotificationNews""}",[4],SubItemGenerator,,,,{},[1],GeneralNPC_Varta_Sniper_ItemGenerator.ItemGenerator.[4].PossibleItems.[1],,GeneralNPC_Varta_WeaponPistol,chance,,0.5,,,,,,,"{""ItemGeneratorPrototypeSID"":""GeneralNPC_Varta_WeaponPistol"",""Chance"":""0.5""}"
vanilla/Stalker2/Content/GameLite/GameData/ItemGeneratorPrototypes.cfg,ordinary role,Varta,Sniper,GeneralNPC_Varta_Sniper_ItemGenerator,GeneralNPC_Varta_Sniper_ItemGenerator,[0],"{""SID"":""GeneralNPC_Varta_Sniper_ItemGenerator"",""RefreshTime"":""1d"",""SpecificRewardSound"":""EUISound::SystemNotificationNews""}",[5],SubItemGenerator,,,,{},[0],GeneralNPC_Varta_Sniper_ItemGenerator.ItemGenerator.[5].PossibleItems.[0],,GeneralNPC_Consumables_Sniper,weight,1,,,,,,,,"{""ItemGeneratorPrototypeSID"":""GeneralNPC_Consumables_Sniper"",""Weight"":""1""}"
vanilla/Stalker2/Content/GameLite/GameData/ItemGeneratorPrototypes.cfg,ordinary role,Varta,Sniper,GeneralNPC_Varta_Sniper_ItemGenerator,GeneralNPC_Varta_Sniper_ItemGenerator,[0],"{""SID"":""GeneralNPC_Varta_Sniper_ItemGenerator"",""RefreshTime"":""1d"",""SpecificRewardSound"":""EUISound::SystemNotificationNews""}",[6],Detector,,,,{},[0],GeneralNPC_Varta_Sniper_ItemGenerator.ItemGenerator.[6].PossibleItems.[0],Echo,,chance,,0.05,1,,,,,,"{""ItemPrototypeSID"":""Echo"",""Chance"":""0.05"",""MinCount"":""1""}"
vanilla/Stalker2/Content/GameLite/GameData/ItemGeneratorPrototypes.cfg,ordinary role,Varta,Sniper,GeneralNPC_Varta_Sniper_ItemGenerator,GeneralNPC_Varta_Sniper_ItemGenerator,[0],"{""SID"":""GeneralNPC_Varta_Sniper_ItemGenerator"",""RefreshTime"":""1d"",""SpecificRewardSound"":""EUISound::SystemNotificationNews""}",[7],Artifact,,,,{},[0],GeneralNPC_Varta_Sniper_ItemGenerator.ItemGenerator.[7].PossibleItems.[0],GrenadeF1,,chance,,0.2,1,1,,,,,"{""ItemPrototypeSID"":""GrenadeF1"",""Chance"":""0.2"",""MinCount"":""1"",""MaxCount"":""1""}"
vanilla/Stalker2/Content/GameLite/GameData/ItemGeneratorPrototypes.cfg,ordinary role,Varta,Sniper,GeneralNPC_Varta_Sniper_ItemGenerator,GeneralNPC_Varta_Sniper_ItemGenerator,[0],"{""SID"":""GeneralNPC_Varta_Sniper_ItemGenerator"",""RefreshTime"":""1d"",""SpecificRewardSound"":""EUISound::SystemNotificationNews""}",[8],SubItemGenerator,,,,{},[0],GeneralNPC_Varta_Sniper_ItemGenerator.ItemGenerator.[8].PossibleItems.[0],,GeneralNPC_Varta_NVG,chance,,1,,,,,,,"{""ItemGeneratorPrototypeSID"":""GeneralNPC_Varta_NVG"",""Chance"":""1""}"
vanilla/Stalker2/Content/GameLite/GameData/ItemGeneratorPrototypes.cfg,ordinary role,Varta,Heavy,GeneralNPC_Varta_Heavy_ItemGenerator,GeneralNPC_Varta_Heavy_ItemGenerator,[0],"{""SID"":""GeneralNPC_Varta_Heavy_ItemGenerator"",""RefreshTime"":""1d"",""SpecificRewardSound"":""EUISound::SystemNotificationNews""}",[0],WeaponPrimary,ERank::Newbie,,,{},[0],GeneralNPC_Varta_Heavy_ItemGenerator.ItemGenerator.[0].PossibleItems.[0],GunAK74_ST,,weight,1000,,,,0,5,0.25,0.5,"{""ItemPrototypeSID"":""GunAK74_ST"",""Weight"":""1000"",""MinDurability"":""0.25"",""MaxDurability"":""0.5"",""AmmoMinCount"":""0"",""AmmoMaxCount"":""5""}"
vanilla/Stalker2/Content/GameLite/GameData/ItemGeneratorPrototypes.cfg,ordinary role,Varta,Heavy,GeneralNPC_Varta_Heavy_ItemGenerator,GeneralNPC_Varta_Heavy_ItemGenerator,[0],"{""SID"":""GeneralNPC_Varta_Heavy_ItemGenerator"",""RefreshTime"":""1d"",""SpecificRewardSound"":""EUISound::SystemNotificationNews""}",[0],WeaponPrimary,ERank::Newbie,,,{},[1],GeneralNPC_Varta_Heavy_ItemGenerator.ItemGenerator.[0].PossibleItems.[1],GunM16_ST,,weight,100,,,,0,5,0.25,0.5,"{""ItemPrototypeSID"":""GunM16_ST"",""Weight"":""100"",""MinDurability"":""0.25"",""MaxDurability"":""0.5"",""AmmoMinCount"":""0"",""AmmoMaxCount"":""5""}"
vanilla/Stalker2/Content/GameLite/GameData/ItemGeneratorPrototypes.cfg,ordinary role,Varta,Heavy,GeneralNPC_Varta_Heavy_ItemGenerator,GeneralNPC_Varta_Heavy_ItemGenerator,[0],"{""SID"":""GeneralNPC_Varta_Heavy_ItemGenerator"",""RefreshTime"":""1d"",""SpecificRewardSound"":""EUISound::SystemNotificationNews""}",[1],WeaponPrimary,ERank::Experienced,,,{},[0],GeneralNPC_Varta_Heavy_ItemGenerator.ItemGenerator.[1].PossibleItems.[0],GunFora_ST,,weight,100,,,,0,5,0.25,0.5,"{""ItemPrototypeSID"":""GunFora_ST"",""Weight"":""100"",""MinDurability"":""0.25"",""MaxDurability"":""0.5"",""AmmoMinCount"":""0"",""AmmoMaxCount"":""5""}"
vanilla/Stalker2/Content/GameLite/GameData/ItemGeneratorPrototypes.cfg,ordinary role,Varta,Heavy,GeneralNPC_Varta_Heavy_ItemGenerator,GeneralNPC_Varta_Heavy_ItemGenerator,[0],"{""SID"":""GeneralNPC_Varta_Heavy_ItemGenerator"",""RefreshTime"":""1d"",""SpecificRewardSound"":""EUISound::SystemNotificationNews""}",[1],WeaponPrimary,ERank::Experienced,,,{},[1],GeneralNPC_Varta_Heavy_ItemGenerator.ItemGenerator.[1].PossibleItems.[1],GunM16_ST,,weight,1000,,,,0,5,0.25,0.5,"{""ItemPrototypeSID"":""GunM16_ST"",""Weight"":""1000"",""MinDurability"":""0.25"",""MaxDurability"":""0.5"",""AmmoMinCount"":""0"",""AmmoMaxCount"":""5""}"
vanilla/Stalker2/Content/GameLite/GameData/ItemGeneratorPrototypes.cfg,ordinary role,Varta,Heavy,GeneralNPC_Varta_Heavy_ItemGenerator,GeneralNPC_Varta_Heavy_ItemGenerator,[0],"{""SID"":""GeneralNPC_Varta_Heavy_ItemGenerator"",""RefreshTime"":""1d"",""SpecificRewardSound"":""EUISound::SystemNotificationNews""}",[2],WeaponPrimary,ERank::Veteran,,,{},[0],GeneralNPC_Varta_Heavy_ItemGenerator.ItemGenerator.[2].PossibleItems.[0],GunM16_ST,,weight,500,,,,0,5,0.25,0.5,"{""ItemPrototypeSID"":""GunM16_ST"",""Weight"":""500"",""MinDurability"":""0.25"",""MaxDurability"":""0.5"",""AmmoMinCount"":""0"",""AmmoMaxCount"":""5""}"
vanilla/Stalker2/Content/GameLite/GameData/ItemGeneratorPrototypes.cfg,ordinary role,Varta,Heavy,GeneralNPC_Varta_Heavy_ItemGenerator,GeneralNPC_Varta_Heavy_ItemGenerator,[0],"{""SID"":""GeneralNPC_Varta_Heavy_ItemGenerator"",""RefreshTime"":""1d"",""SpecificRewardSound"":""EUISound::SystemNotificationNews""}",[2],WeaponPrimary,ERank::Veteran,,,{},[1],GeneralNPC_Varta_Heavy_ItemGenerator.ItemGenerator.[2].PossibleItems.[1],GunFora_ST,,weight,1000,,,,0,7,0.25,0.5,"{""ItemPrototypeSID"":""GunFora_ST"",""Weight"":""1000"",""MinDurability"":""0.25"",""MaxDurability"":""0.5"",""AmmoMinCount"":""0"",""AmmoMaxCount"":""7""}"
vanilla/Stalker2/Content/GameLite/GameData/ItemGeneratorPrototypes.cfg,ordinary role,Varta,Heavy,GeneralNPC_Varta_Heavy_ItemGenerator,GeneralNPC_Varta_Heavy_ItemGenerator,[0],"{""SID"":""GeneralNPC_Varta_Heavy_ItemGenerator"",""RefreshTime"":""1d"",""SpecificRewardSound"":""EUISound::SystemNotificationNews""}",[2],WeaponPrimary,ERank::Veteran,,,{},[2],GeneralNPC_Varta_Heavy_ItemGenerator.ItemGenerator.[2].PossibleItems.[2],GunG37_ST,,weight,100,,,,0,7,0.25,0.5,"{""ItemPrototypeSID"":""GunG37_ST"",""Weight"":""100"",""MinDurability"":""0.25"",""MaxDurability"":""0.5"",""AmmoMinCount"":""0"",""AmmoMaxCount"":""7""}"
vanilla/Stalker2/Content/GameLite/GameData/ItemGeneratorPrototypes.cfg,ordinary role,Varta,Heavy,GeneralNPC_Varta_Heavy_ItemGenerator,GeneralNPC_Varta_Heavy_ItemGenerator,[0],"{""SID"":""GeneralNPC_Varta_Heavy_ItemGenerator"",""RefreshTime"":""1d"",""SpecificRewardSound"":""EUISound::SystemNotificationNews""}",[2],WeaponPrimary,ERank::Veteran,,,{},[3],GeneralNPC_Varta_Heavy_ItemGenerator.ItemGenerator.[2].PossibleItems.[3],GunPKP_MG,,weight,100,,,,0,7,0.25,0.5,"{""ItemPrototypeSID"":""GunPKP_MG"",""Weight"":""100"",""MinDurability"":""0.25"",""MaxDurability"":""0.5"",""AmmoMinCount"":""0"",""AmmoMaxCount"":""7""}"
vanilla/Stalker2/Content/GameLite/GameData/ItemGeneratorPrototypes.cfg,ordinary role,Varta,Heavy,GeneralNPC_Varta_Heavy_ItemGenerator,GeneralNPC_Varta_Heavy_ItemGenerator,[0],"{""SID"":""GeneralNPC_Varta_Heavy_ItemGenerator"",""RefreshTime"":""1d"",""SpecificRewardSound"":""EUISound::SystemNotificationNews""}",[3],WeaponPrimary,ERank::Master,,,{},[0],GeneralNPC_Varta_Heavy_ItemGenerator.ItemGenerator.[3].PossibleItems.[0],GunPKP_MG,,weight,1000,,,,0,7,0.25,0.5,"{""ItemPrototypeSID"":""GunPKP_MG"",""Weight"":""1000"",""MinDurability"":""0.25"",""MaxDurability"":""0.5"",""AmmoMinCount"":""0"",""AmmoMaxCount"":""7""}"
vanilla/Stalker2/Content/GameLite/GameData/ItemGeneratorPrototypes.cfg,ordinary role,Varta,Heavy,GeneralNPC_Varta_Heavy_ItemGenerator,GeneralNPC_Varta_Heavy_ItemGenerator,[0],"{""SID"":""GeneralNPC_Varta_Heavy_ItemGenerator"",""RefreshTime"":""1d"",""SpecificRewardSound"":""EUISound::SystemNotificationNews""}",[4],SubItemGenerator,,,,{},[0],GeneralNPC_Varta_Heavy_ItemGenerator.ItemGenerator.[4].PossibleItems.[0],,GeneralNPC_Varta_Armor,chance,,1,,,,,,,"{""ItemGeneratorPrototypeSID"":""GeneralNPC_Varta_Armor"",""Chance"":""1""}"
vanilla/Stalker2/Content/GameLite/GameData/ItemGeneratorPrototypes.cfg,ordinary role,Varta,Heavy,GeneralNPC_Varta_Heavy_ItemGenerator,GeneralNPC_Varta_Heavy_ItemGenerator,[0],"{""SID"":""GeneralNPC_Varta_Heavy_ItemGenerator"",""RefreshTime"":""1d"",""SpecificRewardSound"":""EUISound::SystemNotificationNews""}",[4],SubItemGenerator,,,,{},[1],GeneralNPC_Varta_Heavy_ItemGenerator.ItemGenerator.[4].PossibleItems.[1],,GeneralNPC_Varta_WeaponPistol,chance,,0.1,,,,,,,"{""ItemGeneratorPrototypeSID"":""GeneralNPC_Varta_WeaponPistol"",""Chance"":""0.1""}"
vanilla/Stalker2/Content/GameLite/GameData/ItemGeneratorPrototypes.cfg,ordinary role,Varta,Heavy,GeneralNPC_Varta_Heavy_ItemGenerator,GeneralNPC_Varta_Heavy_ItemGenerator,[0],"{""SID"":""GeneralNPC_Varta_Heavy_ItemGenerator"",""RefreshTime"":""1d"",""SpecificRewardSound"":""EUISound::SystemNotificationNews""}",[5],SubItemGenerator,,,,{},[0],GeneralNPC_Varta_Heavy_ItemGenerator.ItemGenerator.[5].PossibleItems.[0],,GeneralNPC_Consumables_Heavy,weight,1,,,,,,,,"{""ItemGeneratorPrototypeSID"":""GeneralNPC_Consumables_Heavy"",""Weight"":""1""}"
vanilla/Stalker2/Content/GameLite/GameData/ItemGeneratorPrototypes.cfg,ordinary role,Varta,Heavy,GeneralNPC_Varta_Heavy_ItemGenerator,GeneralNPC_Varta_Heavy_ItemGenerator,[0],"{""SID"":""GeneralNPC_Varta_Heavy_ItemGenerator"",""RefreshTime"":""1d"",""SpecificRewardSound"":""EUISound::SystemNotificationNews""}",[6],Detector,,,,{},[0],GeneralNPC_Varta_Heavy_ItemGenerator.ItemGenerator.[6].PossibleItems.[0],Echo,,chance,,0.05,1,,,,,,"{""ItemPrototypeSID"":""Echo"",""Chance"":""0.05"",""MinCount"":""1""}"
vanilla/Stalker2/Content/GameLite/GameData/ItemGeneratorPrototypes.cfg,ordinary role,Varta,Heavy,GeneralNPC_Varta_Heavy_ItemGenerator,GeneralNPC_Varta_Heavy_ItemGenerator,[0],"{""SID"":""GeneralNPC_Varta_Heavy_ItemGenerator"",""RefreshTime"":""1d"",""SpecificRewardSound"":""EUISound::SystemNotificationNews""}",[7],Artifact,,,,{},[0],GeneralNPC_Varta_Heavy_ItemGenerator.ItemGenerator.[7].PossibleItems.[0],GrenadeRGD5,,chance,,0.2,1,1,,,,,"{""ItemPrototypeSID"":""GrenadeRGD5"",""Chance"":""0.2"",""MinCount"":""1"",""MaxCount"":""1""}"
vanilla/Stalker2/Content/GameLite/GameData/ItemGeneratorPrototypes.cfg,ordinary role,Varta,Heavy,GeneralNPC_Varta_Heavy_ItemGenerator,GeneralNPC_Varta_Heavy_ItemGenerator,[0],"{""SID"":""GeneralNPC_Varta_Heavy_ItemGenerator"",""RefreshTime"":""1d"",""SpecificRewardSound"":""EUISound::SystemNotificationNews""}",[8],SubItemGenerator,,,,{},[0],GeneralNPC_Varta_Heavy_ItemGenerator.ItemGenerator.[8].PossibleItems.[0],,GeneralNPC_Varta_NVG,chance,,1,,,,,,,"{""ItemGeneratorPrototypeSID"":""GeneralNPC_Varta_NVG"",""Chance"":""1""}"
vanilla/Stalker2/Content/GameLite/GameData/ItemGeneratorPrototypes.cfg,shared helper,Noon,Armor,GeneralNPC_Noon_Armor,GeneralNPC_Noon_Armor,[0],"{""SID"":""GeneralNPC_Noon_Armor"",""SpecificRewardSound"":""EUISound::SystemNotificationNews""}",[0],BodyArmor,"ERank::Newbie, ERank::Experienced",,,{},[0],GeneralNPC_Noon_Armor.ItemGenerator.[0].PossibleItems.[0],NPC_Battle_Noon_Armor,,weight,1.0,,,,,,,,"{""ItemPrototypeSID"":""NPC_Battle_Noon_Armor"",""Weight"":""1.0""}"
vanilla/Stalker2/Content/GameLite/GameData/ItemGeneratorPrototypes.cfg,shared helper,Noon,Armor,GeneralNPC_Noon_Armor,GeneralNPC_Noon_Armor,[0],"{""SID"":""GeneralNPC_Noon_Armor"",""SpecificRewardSound"":""EUISound::SystemNotificationNews""}",[1],BodyArmor,ERank::Veteran,,,{},[0],GeneralNPC_Noon_Armor.ItemGenerator.[1].PossibleItems.[0],NPC_HeavyAnomaly_Noon_Armor,,weight,1.0,,,,,,,,"{""ItemPrototypeSID"":""NPC_HeavyAnomaly_Noon_Armor"",""Weight"":""1.0""}"
vanilla/Stalker2/Content/GameLite/GameData/ItemGeneratorPrototypes.cfg,shared helper,Noon,Armor,GeneralNPC_Noon_Armor,GeneralNPC_Noon_Armor,[0],"{""SID"":""GeneralNPC_Noon_Armor"",""SpecificRewardSound"":""EUISound::SystemNotificationNews""}",[2],BodyArmor,ERank::Master,,,{},[0],GeneralNPC_Noon_Armor.ItemGenerator.[2].PossibleItems.[0],NPC_HeavyExoskeleton_Noon_Armor,,weight,3.0,,,,,,,,"{""ItemPrototypeSID"":""NPC_HeavyExoskeleton_Noon_Armor"",""Weight"":""3.0""}"
vanilla/Stalker2/Content/GameLite/GameData/ItemGeneratorPrototypes.cfg,shared helper,Noon,Armor,GeneralNPC_Noon_Armor,GeneralNPC_Noon_Armor,[0],"{""SID"":""GeneralNPC_Noon_Armor"",""SpecificRewardSound"":""EUISound::SystemNotificationNews""}",[2],BodyArmor,ERank::Master,,,{},[1],GeneralNPC_Noon_Armor.ItemGenerator.[2].PossibleItems.[1],NPC_Exoskeleton_Noon_Armor,,weight,4.0,,,,,,,,"{""ItemPrototypeSID"":""NPC_Exoskeleton_Noon_Armor"",""Weight"":""4.0""}"
vanilla/Stalker2/Content/GameLite/GameData/ItemGeneratorPrototypes.cfg,shared helper,Noon,Armor,GeneralNPC_Noon_Armor,GeneralNPC_Noon_Armor,[0],"{""SID"":""GeneralNPC_Noon_Armor"",""SpecificRewardSound"":""EUISound::SystemNotificationNews""}",[2],BodyArmor,ERank::Master,,,{},[2],GeneralNPC_Noon_Armor.ItemGenerator.[2].PossibleItems.[2],NPC_HeavyAnomaly_Noon_Armor,,weight,4.0,,,,,,,,"{""ItemPrototypeSID"":""NPC_HeavyAnomaly_Noon_Armor"",""Weight"":""4.0""}"
vanilla/Stalker2/Content/GameLite/GameData/ItemGeneratorPrototypes.cfg,shared helper,Noon,Armor,GeneralNPC_Noon_Armor,GeneralNPC_Noon_Armor,[0],"{""SID"":""GeneralNPC_Noon_Armor"",""SpecificRewardSound"":""EUISound::SystemNotificationNews""}",[3],Head,"ERank::Newbie, ERank::Experienced",,,{},[0],GeneralNPC_Noon_Armor.ItemGenerator.[3].PossibleItems.[0],Battle_Military_Helmet,,chance,,0.3,,,,,,,"{""ItemPrototypeSID"":""Battle_Military_Helmet"",""Chance"":""0.3""}"
vanilla/Stalker2/Content/GameLite/GameData/ItemGeneratorPrototypes.cfg,shared helper,Noon,Armor,GeneralNPC_Noon_Armor,GeneralNPC_Noon_Armor,[0],"{""SID"":""GeneralNPC_Noon_Armor"",""SpecificRewardSound"":""EUISound::SystemNotificationNews""}",[4],Head,ERank::Veteran,,,{},[0],GeneralNPC_Noon_Armor.ItemGenerator.[4].PossibleItems.[0],Heavy_Military_Helmet,,chance,,0.3,,,,,,,"{""ItemPrototypeSID"":""Heavy_Military_Helmet"",""Chance"":""0.3""}"
vanilla/Stalker2/Content/GameLite/GameData/ItemGeneratorPrototypes.cfg,ordinary role,Noon,CloseCombat,GeneralNPC_Noon_CloseCombat_ItemGenerator,GeneralNPC_Noon_CloseCombat_ItemGenerator,[0],"{""SID"":""GeneralNPC_Noon_CloseCombat_ItemGenerator"",""RefreshTime"":""1d"",""SpecificRewardSound"":""EUISound::SystemNotificationNews""}",[0],WeaponPrimary,ERank::Newbie,,,{},[0],GeneralNPC_Noon_CloseCombat_ItemGenerator.ItemGenerator.[0].PossibleItems.[0],GunObrez_SG,,weight,1000,,,,0,5,0.25,0.5,"{""ItemPrototypeSID"":""GunObrez_SG"",""Weight"":""1000"",""MinDurability"":""0.25"",""MaxDurability"":""0.5"",""AmmoMinCount"":""0"",""AmmoMaxCount"":""5""}"
vanilla/Stalker2/Content/GameLite/GameData/ItemGeneratorPrototypes.cfg,ordinary role,Noon,CloseCombat,GeneralNPC_Noon_CloseCombat_ItemGenerator,GeneralNPC_Noon_CloseCombat_ItemGenerator,[0],"{""SID"":""GeneralNPC_Noon_CloseCombat_ItemGenerator"",""RefreshTime"":""1d"",""SpecificRewardSound"":""EUISound::SystemNotificationNews""}",[0],WeaponPrimary,ERank::Newbie,,,{},[1],GeneralNPC_Noon_CloseCombat_ItemGenerator.ItemGenerator.[0].PossibleItems.[1],GunTOZ_SG,,weight,100,,,,0,5,0.25,0.5,"{""ItemPrototypeSID"":""GunTOZ_SG"",""Weight"":""100"",""MinDurability"":""0.25"",""MaxDurability"":""0.5"",""AmmoMinCount"":""0"",""AmmoMaxCount"":""5""}"
vanilla/Stalker2/Content/GameLite/GameData/ItemGeneratorPrototypes.cfg,ordinary role,Noon,CloseCombat,GeneralNPC_Noon_CloseCombat_ItemGenerator,GeneralNPC_Noon_CloseCombat_ItemGenerator,[0],"{""SID"":""GeneralNPC_Noon_CloseCombat_ItemGenerator"",""RefreshTime"":""1d"",""SpecificRewardSound"":""EUISound::SystemNotificationNews""}",[1],WeaponPrimary,"ERank::Experienced, ERank::Veteran, ERank::Master",,,{},[0],GeneralNPC_Noon_CloseCombat_ItemGenerator.ItemGenerator.[1].PossibleItems.[0],GunM860_SG,,weight,300,,,,0,2,0.25,0.5,"{""ItemPrototypeSID"":""GunM860_SG"",""Weight"":""300"",""MinDurability"":""0.25"",""MaxDurability"":""0.5"",""AmmoMinCount"":""0"",""AmmoMaxCount"":""2""}"
vanilla/Stalker2/Content/GameLite/GameData/ItemGeneratorPrototypes.cfg,ordinary role,Noon,CloseCombat,GeneralNPC_Noon_CloseCombat_ItemGenerator,GeneralNPC_Noon_CloseCombat_ItemGenerator,[0],"{""SID"":""GeneralNPC_Noon_CloseCombat_ItemGenerator"",""RefreshTime"":""1d"",""SpecificRewardSound"":""EUISound::SystemNotificationNews""}",[1],WeaponPrimary,"ERank::Experienced, ERank::Veteran, ERank::Master",,,{},[1],GeneralNPC_Noon_CloseCombat_ItemGenerator.ItemGenerator.[1].PossibleItems.[1],GunTOZ_SG,,weight,1000,,,,0,5,0.25,0.5,"{""ItemPrototypeSID"":""GunTOZ_SG"",""Weight"":""1000"",""MinDurability"":""0.25"",""MaxDurability"":""0.5"",""AmmoMinCount"":""0"",""AmmoMaxCount"":""5""}"
vanilla/Stalker2/Content/GameLite/GameData/ItemGeneratorPrototypes.cfg,ordinary role,Noon,CloseCombat,GeneralNPC_Noon_CloseCombat_ItemGenerator,GeneralNPC_Noon_CloseCombat_ItemGenerator,[0],"{""SID"":""GeneralNPC_Noon_CloseCombat_ItemGenerator"",""RefreshTime"":""1d"",""SpecificRewardSound"":""EUISound::SystemNotificationNews""}",[2],SubItemGenerator,,,,{},[0],GeneralNPC_Noon_CloseCombat_ItemGenerator.ItemGenerator.[2].PossibleItems.[0],,GeneralNPC_Noon_Armor,chance,,1,,,,,,,"{""ItemGeneratorPrototypeSID"":""GeneralNPC_Noon_Armor"",""Chance"":""1""}"
vanilla/Stalker2/Content/GameLite/GameData/ItemGeneratorPrototypes.cfg,ordinary role,Noon,CloseCombat,GeneralNPC_Noon_CloseCombat_ItemGenerator,GeneralNPC_Noon_CloseCombat_ItemGenerator,[0],"{""SID"":""GeneralNPC_Noon_CloseCombat_ItemGenerator"",""RefreshTime"":""1d"",""SpecificRewardSound"":""EUISound::SystemNotificationNews""}",[2],SubItemGenerator,,,,{},[1],GeneralNPC_Noon_CloseCombat_ItemGenerator.ItemGenerator.[2].PossibleItems.[1],,GeneralNPC_Noon_WeaponPistol,chance,,0.3,,,,,,,"{""ItemGeneratorPrototypeSID"":""GeneralNPC_Noon_WeaponPistol"",""Chance"":""0.3""}"
vanilla/Stalker2/Content/GameLite/GameData/ItemGeneratorPrototypes.cfg,ordinary role,Noon,CloseCombat,GeneralNPC_Noon_CloseCombat_ItemGenerator,GeneralNPC_Noon_CloseCombat_ItemGenerator,[0],"{""SID"":""GeneralNPC_Noon_CloseCombat_ItemGenerator"",""RefreshTime"":""1d"",""SpecificRewardSound"":""EUISound::SystemNotificationNews""}",[3],SubItemGenerator,,,,{},[0],GeneralNPC_Noon_CloseCombat_ItemGenerator.ItemGenerator.[3].PossibleItems.[0],,GeneralNPC_Consumables_Noon,weight,1,,,,,,,,"{""ItemGeneratorPrototypeSID"":""GeneralNPC_Consumables_Noon"",""Weight"":""1""}"
vanilla/Stalker2/Content/GameLite/GameData/ItemGeneratorPrototypes.cfg,ordinary role,Noon,CloseCombat,GeneralNPC_Noon_CloseCombat_ItemGenerator,GeneralNPC_Noon_CloseCombat_ItemGenerator,[0],"{""SID"":""GeneralNPC_Noon_CloseCombat_ItemGenerator"",""RefreshTime"":""1d"",""SpecificRewardSound"":""EUISound::SystemNotificationNews""}",[4],Detector,,,,{},[0],GeneralNPC_Noon_CloseCombat_ItemGenerator.ItemGenerator.[4].PossibleItems.[0],Echo,,chance,,0.05,1,,,,,,"{""ItemPrototypeSID"":""Echo"",""Chance"":""0.05"",""MinCount"":""1""}"
vanilla/Stalker2/Content/GameLite/GameData/ItemGeneratorPrototypes.cfg,ordinary role,Noon,CloseCombat,GeneralNPC_Noon_CloseCombat_ItemGenerator,GeneralNPC_Noon_CloseCombat_ItemGenerator,[0],"{""SID"":""GeneralNPC_Noon_CloseCombat_ItemGenerator"",""RefreshTime"":""1d"",""SpecificRewardSound"":""EUISound::SystemNotificationNews""}",[5],Artifact,,,,{},[0],GeneralNPC_Noon_CloseCombat_ItemGenerator.ItemGenerator.[5].PossibleItems.[0],GrenadeRGD5,,chance,,0.2,1,1,,,,,"{""ItemPrototypeSID"":""GrenadeRGD5"",""Chance"":""0.2"",""MinCount"":""1"",""MaxCount"":""1""}"
vanilla/Stalker2/Content/GameLite/GameData/ItemGeneratorPrototypes.cfg,ordinary role,Noon,Recon,GeneralNPC_Noon_Recon_ItemGenerator,GeneralNPC_Noon_Recon_ItemGenerator,[0],"{""SID"":""GeneralNPC_Noon_Recon_ItemGenerator"",""RefreshTime"":""1d"",""SpecificRewardSound"":""EUISound::SystemNotificationNews""}",[0],WeaponPrimary,ERank::Newbie,,,{},[0],GeneralNPC_Noon_Recon_ItemGenerator.ItemGenerator.[0].PossibleItems.[0],GunViper_PP,,weight,1000,,,,0,7,0.25,0.5,"{""ItemPrototypeSID"":""GunViper_PP"",""Weight"":""1000"",""MinDurability"":""0.25"",""MaxDurability"":""0.5"",""AmmoMinCount"":""0"",""AmmoMaxCount"":""7""}"
vanilla/Stalker2/Content/GameLite/GameData/ItemGeneratorPrototypes.cfg,ordinary role,Noon,Recon,GeneralNPC_Noon_Recon_ItemGenerator,GeneralNPC_Noon_Recon_ItemGenerator,[0],"{""SID"":""GeneralNPC_Noon_Recon_ItemGenerator"",""RefreshTime"":""1d"",""SpecificRewardSound"":""EUISound::SystemNotificationNews""}",[0],WeaponPrimary,ERank::Newbie,,,{},[1],GeneralNPC_Noon_Recon_ItemGenerator.ItemGenerator.[0].PossibleItems.[1],GunAKU_PP,,weight,1000,,,,0,7,0.25,0.5,"{""ItemPrototypeSID"":""GunAKU_PP"",""Weight"":""1000"",""MinDurability"":""0.25"",""MaxDurability"":""0.5"",""AmmoMinCount"":""0"",""AmmoMaxCount"":""7""}"
vanilla/Stalker2/Content/GameLite/GameData/ItemGeneratorPrototypes.cfg,ordinary role,Noon,Recon,GeneralNPC_Noon_Recon_ItemGenerator,GeneralNPC_Noon_Recon_ItemGenerator,[0],"{""SID"":""GeneralNPC_Noon_Recon_ItemGenerator"",""RefreshTime"":""1d"",""SpecificRewardSound"":""EUISound::SystemNotificationNews""}",[1],WeaponPrimary,"ERank::Experienced, ERank::Veteran, ERank::Master",,,{},[0],GeneralNPC_Noon_Recon_ItemGenerator.ItemGenerator.[1].PossibleItems.[0],GunViper_PP,,weight,800,,,,0,7,0.25,0.5,"{""ItemPrototypeSID"":""GunViper_PP"",""Weight"":""800"",""MinDurability"":""0.25"",""MaxDurability"":""0.5"",""AmmoMinCount"":""0"",""AmmoMaxCount"":""7""}"
vanilla/Stalker2/Content/GameLite/GameData/ItemGeneratorPrototypes.cfg,ordinary role,Noon,Recon,GeneralNPC_Noon_Recon_ItemGenerator,GeneralNPC_Noon_Recon_ItemGenerator,[0],"{""SID"":""GeneralNPC_Noon_Recon_ItemGenerator"",""RefreshTime"":""1d"",""SpecificRewardSound"":""EUISound::SystemNotificationNews""}",[1],WeaponPrimary,"ERank::Experienced, ERank::Veteran, ERank::Master",,,{},[1],GeneralNPC_Noon_Recon_ItemGenerator.ItemGenerator.[1].PossibleItems.[1],GunAKU_PP,,weight,1000,,,,0,7,0.25,0.5,"{""ItemPrototypeSID"":""GunAKU_PP"",""Weight"":""1000"",""MinDurability"":""0.25"",""MaxDurability"":""0.5"",""AmmoMinCount"":""0"",""AmmoMaxCount"":""7""}"
vanilla/Stalker2/Content/GameLite/GameData/ItemGeneratorPrototypes.cfg,ordinary role,Noon,Recon,GeneralNPC_Noon_Recon_ItemGenerator,GeneralNPC_Noon_Recon_ItemGenerator,[0],"{""SID"":""GeneralNPC_Noon_Recon_ItemGenerator"",""RefreshTime"":""1d"",""SpecificRewardSound"":""EUISound::SystemNotificationNews""}",[1],WeaponPrimary,"ERank::Experienced, ERank::Veteran, ERank::Master",,,{},[2],GeneralNPC_Noon_Recon_ItemGenerator.ItemGenerator.[1].PossibleItems.[2],GunBucket_PP,,weight,100,,,,0,7,0.25,0.5,"{""ItemPrototypeSID"":""GunBucket_PP"",""Weight"":""100"",""MinDurability"":""0.25"",""MaxDurability"":""0.5"",""AmmoMinCount"":""0"",""AmmoMaxCount"":""7""}"
vanilla/Stalker2/Content/GameLite/GameData/ItemGeneratorPrototypes.cfg,ordinary role,Noon,Recon,GeneralNPC_Noon_Recon_ItemGenerator,GeneralNPC_Noon_Recon_ItemGenerator,[0],"{""SID"":""GeneralNPC_Noon_Recon_ItemGenerator"",""RefreshTime"":""1d"",""SpecificRewardSound"":""EUISound::SystemNotificationNews""}",[1],WeaponPrimary,"ERank::Experienced, ERank::Veteran, ERank::Master",,,{},[3],GeneralNPC_Noon_Recon_ItemGenerator.ItemGenerator.[1].PossibleItems.[3],GunFora230_PP,,weight,100,,,,0,7,0.25,0.5,"{""ItemPrototypeSID"":""GunFora230_PP"",""Weight"":""100"",""MinDurability"":""0.25"",""MaxDurability"":""0.5"",""AmmoMinCount"":""0"",""AmmoMaxCount"":""7""}"
vanilla/Stalker2/Content/GameLite/GameData/ItemGeneratorPrototypes.cfg,ordinary role,Noon,Recon,GeneralNPC_Noon_Recon_ItemGenerator,GeneralNPC_Noon_Recon_ItemGenerator,[0],"{""SID"":""GeneralNPC_Noon_Recon_ItemGenerator"",""RefreshTime"":""1d"",""SpecificRewardSound"":""EUISound::SystemNotificationNews""}",[2],SubItemGenerator,,,,{},[0],GeneralNPC_Noon_Recon_ItemGenerator.ItemGenerator.[2].PossibleItems.[0],,GeneralNPC_Noon_Armor,chance,,1,,,,,,,"{""ItemGeneratorPrototypeSID"":""GeneralNPC_Noon_Armor"",""Chance"":""1""}"
vanilla/Stalker2/Content/GameLite/GameData/ItemGeneratorPrototypes.cfg,ordinary role,Noon,Recon,GeneralNPC_Noon_Recon_ItemGenerator,GeneralNPC_Noon_Recon_ItemGenerator,[0],"{""SID"":""GeneralNPC_Noon_Recon_ItemGenerator"",""RefreshTime"":""1d"",""SpecificRewardSound"":""EUISound::SystemNotificationNews""}",[2],SubItemGenerator,,,,{},[1],GeneralNPC_Noon_Recon_ItemGenerator.ItemGenerator.[2].PossibleItems.[1],,GeneralNPC_Noon_WeaponPistol,chance,,0.25,,,,,,,"{""ItemGeneratorPrototypeSID"":""GeneralNPC_Noon_WeaponPistol"",""Chance"":""0.25""}"
vanilla/Stalker2/Content/GameLite/GameData/ItemGeneratorPrototypes.cfg,ordinary role,Noon,Recon,GeneralNPC_Noon_Recon_ItemGenerator,GeneralNPC_Noon_Recon_ItemGenerator,[0],"{""SID"":""GeneralNPC_Noon_Recon_ItemGenerator"",""RefreshTime"":""1d"",""SpecificRewardSound"":""EUISound::SystemNotificationNews""}",[3],SubItemGenerator,,,,{},[0],GeneralNPC_Noon_Recon_ItemGenerator.ItemGenerator.[3].PossibleItems.[0],,GeneralNPC_Consumables_Noon,weight,1,,,,,,,,"{""ItemGeneratorPrototypeSID"":""GeneralNPC_Consumables_Noon"",""Weight"":""1""}"
vanilla/Stalker2/Content/GameLite/GameData/ItemGeneratorPrototypes.cfg,ordinary role,Noon,Recon,GeneralNPC_Noon_Recon_ItemGenerator,GeneralNPC_Noon_Recon_ItemGenerator,[0],"{""SID"":""GeneralNPC_Noon_Recon_ItemGenerator"",""RefreshTime"":""1d"",""SpecificRewardSound"":""EUISound::SystemNotificationNews""}",[4],Detector,,,,{},[0],GeneralNPC_Noon_Recon_ItemGenerator.ItemGenerator.[4].PossibleItems.[0],Echo,,chance,,0.05,1,,,,,,"{""ItemPrototypeSID"":""Echo"",""Chance"":""0.05"",""MinCount"":""1""}"
vanilla/Stalker2/Content/GameLite/GameData/ItemGeneratorPrototypes.cfg,ordinary role,Noon,Recon,GeneralNPC_Noon_Recon_ItemGenerator,GeneralNPC_Noon_Recon_ItemGenerator,[0],"{""SID"":""GeneralNPC_Noon_Recon_ItemGenerator"",""RefreshTime"":""1d"",""SpecificRewardSound"":""EUISound::SystemNotificationNews""}",[5],Artifact,,,,{},[0],GeneralNPC_Noon_Recon_ItemGenerator.ItemGenerator.[5].PossibleItems.[0],GrenadeRGD5,,chance,,0.2,1,1,,,,,"{""ItemPrototypeSID"":""GrenadeRGD5"",""Chance"":""0.2"",""MinCount"":""1"",""MaxCount"":""1""}"
vanilla/Stalker2/Content/GameLite/GameData/ItemGeneratorPrototypes.cfg,ordinary role,Noon,Stormtrooper,GeneralNPC_Noon_Stormtrooper_ItemGenerator,GeneralNPC_Noon_Stormtrooper_ItemGenerator,[0],"{""SID"":""GeneralNPC_Noon_Stormtrooper_ItemGenerator"",""RefreshTime"":""1d"",""SpecificRewardSound"":""EUISound::SystemNotificationNews""}",[0],WeaponPrimary,ERank::Newbie,,,{},[0],GeneralNPC_Noon_Stormtrooper_ItemGenerator.ItemGenerator.[0].PossibleItems.[0],GunAK74_ST,,weight,1000,,,,0,5,0.25,0.5,"{""ItemPrototypeSID"":""GunAK74_ST"",""Weight"":""1000"",""MinDurability"":""0.25"",""MaxDurability"":""0.5"",""AmmoMinCount"":""0"",""AmmoMaxCount"":""5""}"
vanilla/Stalker2/Content/GameLite/GameData/ItemGeneratorPrototypes.cfg,ordinary role,Noon,Stormtrooper,GeneralNPC_Noon_Stormtrooper_ItemGenerator,GeneralNPC_Noon_Stormtrooper_ItemGenerator,[0],"{""SID"":""GeneralNPC_Noon_Stormtrooper_ItemGenerator"",""RefreshTime"":""1d"",""SpecificRewardSound"":""EUISound::SystemNotificationNews""}",[1],WeaponPrimary,"ERank::Experienced, ERank::Veteran, ERank::Master",,,{},[0],GeneralNPC_Noon_Stormtrooper_ItemGenerator.ItemGenerator.[1].PossibleItems.[0],GunAK74_ST,,weight,1000,,,,0,7,0.25,0.5,"{""ItemPrototypeSID"":""GunAK74_ST"",""Weight"":""1000"",""MinDurability"":""0.25"",""MaxDurability"":""0.5"",""AmmoMinCount"":""0"",""AmmoMaxCount"":""7""}"
vanilla/Stalker2/Content/GameLite/GameData/ItemGeneratorPrototypes.cfg,ordinary role,Noon,Stormtrooper,GeneralNPC_Noon_Stormtrooper_ItemGenerator,GeneralNPC_Noon_Stormtrooper_ItemGenerator,[0],"{""SID"":""GeneralNPC_Noon_Stormtrooper_ItemGenerator"",""RefreshTime"":""1d"",""SpecificRewardSound"":""EUISound::SystemNotificationNews""}",[1],WeaponPrimary,"ERank::Experienced, ERank::Veteran, ERank::Master",,,{},[1],GeneralNPC_Noon_Stormtrooper_ItemGenerator.ItemGenerator.[1].PossibleItems.[1],GunM16_ST,,weight,300,,,,0,5,0.25,0.5,"{""ItemPrototypeSID"":""GunM16_ST"",""Weight"":""300"",""MinDurability"":""0.25"",""MaxDurability"":""0.5"",""AmmoMinCount"":""0"",""AmmoMaxCount"":""5""}"
vanilla/Stalker2/Content/GameLite/GameData/ItemGeneratorPrototypes.cfg,ordinary role,Noon,Stormtrooper,GeneralNPC_Noon_Stormtrooper_ItemGenerator,GeneralNPC_Noon_Stormtrooper_ItemGenerator,[0],"{""SID"":""GeneralNPC_Noon_Stormtrooper_ItemGenerator"",""RefreshTime"":""1d"",""SpecificRewardSound"":""EUISound::SystemNotificationNews""}",[2],SubItemGenerator,,,,{},[0],GeneralNPC_Noon_Stormtrooper_ItemGenerator.ItemGenerator.[2].PossibleItems.[0],,GeneralNPC_Noon_Armor,chance,,1,,,,,,,"{""ItemGeneratorPrototypeSID"":""GeneralNPC_Noon_Armor"",""Chance"":""1""}"
vanilla/Stalker2/Content/GameLite/GameData/ItemGeneratorPrototypes.cfg,ordinary role,Noon,Stormtrooper,GeneralNPC_Noon_Stormtrooper_ItemGenerator,GeneralNPC_Noon_Stormtrooper_ItemGenerator,[0],"{""SID"":""GeneralNPC_Noon_Stormtrooper_ItemGenerator"",""RefreshTime"":""1d"",""SpecificRewardSound"":""EUISound::SystemNotificationNews""}",[2],SubItemGenerator,,,,{},[1],GeneralNPC_Noon_Stormtrooper_ItemGenerator.ItemGenerator.[2].PossibleItems.[1],,GeneralNPC_Noon_WeaponPistol,chance,,0.45,,,,,,,"{""ItemGeneratorPrototypeSID"":""GeneralNPC_Noon_WeaponPistol"",""Chance"":""0.45""}"
vanilla/Stalker2/Content/GameLite/GameData/ItemGeneratorPrototypes.cfg,ordinary role,Noon,Stormtrooper,GeneralNPC_Noon_Stormtrooper_ItemGenerator,GeneralNPC_Noon_Stormtrooper_ItemGenerator,[0],"{""SID"":""GeneralNPC_Noon_Stormtrooper_ItemGenerator"",""RefreshTime"":""1d"",""SpecificRewardSound"":""EUISound::SystemNotificationNews""}",[3],SubItemGenerator,,,,{},[0],GeneralNPC_Noon_Stormtrooper_ItemGenerator.ItemGenerator.[3].PossibleItems.[0],,GeneralNPC_Consumables_Noon,weight,1,,,,,,,,"{""ItemGeneratorPrototypeSID"":""GeneralNPC_Consumables_Noon"",""Weight"":""1""}"
vanilla/Stalker2/Content/GameLite/GameData/ItemGeneratorPrototypes.cfg,ordinary role,Noon,Stormtrooper,GeneralNPC_Noon_Stormtrooper_ItemGenerator,GeneralNPC_Noon_Stormtrooper_ItemGenerator,[0],"{""SID"":""GeneralNPC_Noon_Stormtrooper_ItemGenerator"",""RefreshTime"":""1d"",""SpecificRewardSound"":""EUISound::SystemNotificationNews""}",[4],Detector,,,,{},[0],GeneralNPC_Noon_Stormtrooper_ItemGenerator.ItemGenerator.[4].PossibleItems.[0],Echo,,chance,,0.05,1,,,,,,"{""ItemPrototypeSID"":""Echo"",""Chance"":""0.05"",""MinCount"":""1""}"
vanilla/Stalker2/Content/GameLite/GameData/ItemGeneratorPrototypes.cfg,ordinary role,Noon,Stormtrooper,GeneralNPC_Noon_Stormtrooper_ItemGenerator,GeneralNPC_Noon_Stormtrooper_ItemGenerator,[0],"{""SID"":""GeneralNPC_Noon_Stormtrooper_ItemGenerator"",""RefreshTime"":""1d"",""SpecificRewardSound"":""EUISound::SystemNotificationNews""}",[5],Artifact,,,,{},[0],GeneralNPC_Noon_Stormtrooper_ItemGenerator.ItemGenerator.[5].PossibleItems.[0],GrenadeRGD5,,chance,,0.2,1,1,,,,,"{""ItemPrototypeSID"":""GrenadeRGD5"",""Chance"":""0.2"",""MinCount"":""1"",""MaxCount"":""1""}"
vanilla/Stalker2/Content/GameLite/GameData/ItemGeneratorPrototypes.cfg,ordinary role,Noon,Sniper,GeneralNPC_Noon_Sniper_ItemGenerator,GeneralNPC_Noon_Sniper_ItemGenerator,[0],"{""SID"":""GeneralNPC_Noon_Sniper_ItemGenerator"",""RefreshTime"":""1d"",""SpecificRewardSound"":""EUISound::SystemNotificationNews""}",[0],WeaponPrimary,ERank::Newbie,,,{},[0],GeneralNPC_Noon_Sniper_ItemGenerator.ItemGenerator.[0].PossibleItems.[0],GunAK74_ST,,weight,1000,,,,0,5,0.25,0.5,"{""ItemPrototypeSID"":""GunAK74_ST"",""Weight"":""1000"",""MinDurability"":""0.25"",""MaxDurability"":""0.5"",""AmmoMinCount"":""0"",""AmmoMaxCount"":""5""}"
vanilla/Stalker2/Content/GameLite/GameData/ItemGeneratorPrototypes.cfg,ordinary role,Noon,Sniper,GeneralNPC_Noon_Sniper_ItemGenerator,GeneralNPC_Noon_Sniper_ItemGenerator,[0],"{""SID"":""GeneralNPC_Noon_Sniper_ItemGenerator"",""RefreshTime"":""1d"",""SpecificRewardSound"":""EUISound::SystemNotificationNews""}",[0],WeaponPrimary,ERank::Newbie,,,{},[1],GeneralNPC_Noon_Sniper_ItemGenerator.ItemGenerator.[0].PossibleItems.[1],GunThreeLine_SP,,weight,1000,,,,0,7,0.25,0.5,"{""ItemPrototypeSID"":""GunThreeLine_SP"",""Weight"":""1000"",""MinDurability"":""0.25"",""MaxDurability"":""0.5"",""AmmoMinCount"":""0"",""AmmoMaxCount"":""7""}"
vanilla/Stalker2/Content/GameLite/GameData/ItemGeneratorPrototypes.cfg,ordinary role,Noon,Sniper,GeneralNPC_Noon_Sniper_ItemGenerator,GeneralNPC_Noon_Sniper_ItemGenerator,[0],"{""SID"":""GeneralNPC_Noon_Sniper_ItemGenerator"",""RefreshTime"":""1d"",""SpecificRewardSound"":""EUISound::SystemNotificationNews""}",[1],WeaponPrimary,"ERank::Experienced, ERank::Veteran, ERank::Master",,,{},[0],GeneralNPC_Noon_Sniper_ItemGenerator.ItemGenerator.[1].PossibleItems.[0],GunAK74_ST,,weight,1000,,,,0,7,0.25,0.5,"{""ItemPrototypeSID"":""GunAK74_ST"",""Weight"":""1000"",""MinDurability"":""0.25"",""MaxDurability"":""0.5"",""AmmoMinCount"":""0"",""AmmoMaxCount"":""7""}"
vanilla/Stalker2/Content/GameLite/GameData/ItemGeneratorPrototypes.cfg,ordinary role,Noon,Sniper,GeneralNPC_Noon_Sniper_ItemGenerator,GeneralNPC_Noon_Sniper_ItemGenerator,[0],"{""SID"":""GeneralNPC_Noon_Sniper_ItemGenerator"",""RefreshTime"":""1d"",""SpecificRewardSound"":""EUISound::SystemNotificationNews""}",[1],WeaponPrimary,"ERank::Experienced, ERank::Veteran, ERank::Master",,,{},[1],GeneralNPC_Noon_Sniper_ItemGenerator.ItemGenerator.[1].PossibleItems.[1],GunM16_ST,,weight,300,,,,0,5,0.25,0.5,"{""ItemPrototypeSID"":""GunM16_ST"",""Weight"":""300"",""MinDurability"":""0.25"",""MaxDurability"":""0.5"",""AmmoMinCount"":""0"",""AmmoMaxCount"":""5""}"
vanilla/Stalker2/Content/GameLite/GameData/ItemGeneratorPrototypes.cfg,ordinary role,Noon,Sniper,GeneralNPC_Noon_Sniper_ItemGenerator,GeneralNPC_Noon_Sniper_ItemGenerator,[0],"{""SID"":""GeneralNPC_Noon_Sniper_ItemGenerator"",""RefreshTime"":""1d"",""SpecificRewardSound"":""EUISound::SystemNotificationNews""}",[1],WeaponPrimary,"ERank::Experienced, ERank::Veteran, ERank::Master",,,{},[2],GeneralNPC_Noon_Sniper_ItemGenerator.ItemGenerator.[1].PossibleItems.[2],GunSVDM_SP,,weight,200,,,,0,5,0.25,0.5,"{""ItemPrototypeSID"":""GunSVDM_SP"",""Weight"":""200"",""MinDurability"":""0.25"",""MaxDurability"":""0.5"",""AmmoMinCount"":""0"",""AmmoMaxCount"":""5""}"
vanilla/Stalker2/Content/GameLite/GameData/ItemGeneratorPrototypes.cfg,ordinary role,Noon,Sniper,GeneralNPC_Noon_Sniper_ItemGenerator,GeneralNPC_Noon_Sniper_ItemGenerator,[0],"{""SID"":""GeneralNPC_Noon_Sniper_ItemGenerator"",""RefreshTime"":""1d"",""SpecificRewardSound"":""EUISound::SystemNotificationNews""}",[1],WeaponPrimary,"ERank::Experienced, ERank::Veteran, ERank::Master",,,{},[3],GeneralNPC_Noon_Sniper_ItemGenerator.ItemGenerator.[1].PossibleItems.[3],GunMark_SP,,weight,100,,,,0,5,0.25,0.5,"{""ItemPrototypeSID"":""GunMark_SP"",""Weight"":""100"",""MinDurability"":""0.25"",""MaxDurability"":""0.5"",""AmmoMinCount"":""0"",""AmmoMaxCount"":""5""}"
vanilla/Stalker2/Content/GameLite/GameData/ItemGeneratorPrototypes.cfg,ordinary role,Noon,Sniper,GeneralNPC_Noon_Sniper_ItemGenerator,GeneralNPC_Noon_Sniper_ItemGenerator,[0],"{""SID"":""GeneralNPC_Noon_Sniper_ItemGenerator"",""RefreshTime"":""1d"",""SpecificRewardSound"":""EUISound::SystemNotificationNews""}",[1],WeaponPrimary,"ERank::Experienced, ERank::Veteran, ERank::Master",,,{},[4],GeneralNPC_Noon_Sniper_ItemGenerator.ItemGenerator.[1].PossibleItems.[4],GunThreeLine_SP,,weight,100,,,,0,7,0.25,0.5,"{""ItemPrototypeSID"":""GunThreeLine_SP"",""Weight"":""100"",""MinDurability"":""0.25"",""MaxDurability"":""0.5"",""AmmoMinCount"":""0"",""AmmoMaxCount"":""7""}"
vanilla/Stalker2/Content/GameLite/GameData/ItemGeneratorPrototypes.cfg,ordinary role,Noon,Sniper,GeneralNPC_Noon_Sniper_ItemGenerator,GeneralNPC_Noon_Sniper_ItemGenerator,[0],"{""SID"":""GeneralNPC_Noon_Sniper_ItemGenerator"",""RefreshTime"":""1d"",""SpecificRewardSound"":""EUISound::SystemNotificationNews""}",[1],WeaponPrimary,"ERank::Experienced, ERank::Veteran, ERank::Master",,,{},[5],GeneralNPC_Noon_Sniper_ItemGenerator.ItemGenerator.[1].PossibleItems.[5],GunSKP_DMR,,weight,100,,,,0,5,0.25,0.5,"{""ItemPrototypeSID"":""GunSKP_DMR"",""Weight"":""100"",""MinDurability"":""0.25"",""MaxDurability"":""0.5"",""AmmoMinCount"":""0"",""AmmoMaxCount"":""5""}"
vanilla/Stalker2/Content/GameLite/GameData/ItemGeneratorPrototypes.cfg,ordinary role,Noon,Sniper,GeneralNPC_Noon_Sniper_ItemGenerator,GeneralNPC_Noon_Sniper_ItemGenerator,[0],"{""SID"":""GeneralNPC_Noon_Sniper_ItemGenerator"",""RefreshTime"":""1d"",""SpecificRewardSound"":""EUISound::SystemNotificationNews""}",[2],SubItemGenerator,,,,{},[0],GeneralNPC_Noon_Sniper_ItemGenerator.ItemGenerator.[2].PossibleItems.[0],,GeneralNPC_Noon_Armor,chance,,1,,,,,,,"{""ItemGeneratorPrototypeSID"":""GeneralNPC_Noon_Armor"",""Chance"":""1""}"
vanilla/Stalker2/Content/GameLite/GameData/ItemGeneratorPrototypes.cfg,ordinary role,Noon,Sniper,GeneralNPC_Noon_Sniper_ItemGenerator,GeneralNPC_Noon_Sniper_ItemGenerator,[0],"{""SID"":""GeneralNPC_Noon_Sniper_ItemGenerator"",""RefreshTime"":""1d"",""SpecificRewardSound"":""EUISound::SystemNotificationNews""}",[2],SubItemGenerator,,,,{},[1],GeneralNPC_Noon_Sniper_ItemGenerator.ItemGenerator.[2].PossibleItems.[1],,GeneralNPC_Noon_WeaponPistol,chance,,0.5,,,,,,,"{""ItemGeneratorPrototypeSID"":""GeneralNPC_Noon_WeaponPistol"",""Chance"":""0.5""}"
vanilla/Stalker2/Content/GameLite/GameData/ItemGeneratorPrototypes.cfg,ordinary role,Noon,Sniper,GeneralNPC_Noon_Sniper_ItemGenerator,GeneralNPC_Noon_Sniper_ItemGenerator,[0],"{""SID"":""GeneralNPC_Noon_Sniper_ItemGenerator"",""RefreshTime"":""1d"",""SpecificRewardSound"":""EUISound::SystemNotificationNews""}",[3],Artifact,,,,{},[0],GeneralNPC_Noon_Sniper_ItemGenerator.ItemGenerator.[3].PossibleItems.[0],GrenadeF1,,chance,,0.2,1,1,,,,,"{""ItemPrototypeSID"":""GrenadeF1"",""Chance"":""0.2"",""MinCount"":""1"",""MaxCount"":""1""}"
vanilla/Stalker2/Content/GameLite/GameData/ItemGeneratorPrototypes.cfg,ordinary role,Noon,Sniper,GeneralNPC_Noon_Sniper_ItemGenerator,GeneralNPC_Noon_Sniper_ItemGenerator,[0],"{""SID"":""GeneralNPC_Noon_Sniper_ItemGenerator"",""RefreshTime"":""1d"",""SpecificRewardSound"":""EUISound::SystemNotificationNews""}",[4],SubItemGenerator,,,,{},[0],GeneralNPC_Noon_Sniper_ItemGenerator.ItemGenerator.[4].PossibleItems.[0],,GeneralNPC_Consumables_Noon,weight,1,,,,,,,,"{""ItemGeneratorPrototypeSID"":""GeneralNPC_Consumables_Noon"",""Weight"":""1""}"
vanilla/Stalker2/Content/GameLite/GameData/ItemGeneratorPrototypes.cfg,ordinary role,Noon,Sniper,GeneralNPC_Noon_Sniper_ItemGenerator,GeneralNPC_Noon_Sniper_ItemGenerator,[0],"{""SID"":""GeneralNPC_Noon_Sniper_ItemGenerator"",""RefreshTime"":""1d"",""SpecificRewardSound"":""EUISound::SystemNotificationNews""}",[5],Detector,,,,{},[0],GeneralNPC_Noon_Sniper_ItemGenerator.ItemGenerator.[5].PossibleItems.[0],Echo,,chance,,0.05,1,,,,,,"{""ItemPrototypeSID"":""Echo"",""Chance"":""0.05"",""MinCount"":""1""}"
vanilla/Stalker2/Content/GameLite/GameData/ItemGeneratorPrototypes.cfg,shared helper,Spark,Armor,GeneralNPC_Spark_Armor,GeneralNPC_Spark_Armor,[0],"{""SID"":""GeneralNPC_Spark_Armor"",""SpecificRewardSound"":""EUISound::SystemNotificationNews""}",[0],BodyArmor,"ERank::Newbie, ERank::Experienced",,,{},[0],GeneralNPC_Spark_Armor.ItemGenerator.[0].PossibleItems.[0],Battle_Spark_Armor,,weight,5.0,,,,,,,,"{""ItemPrototypeSID"":""Battle_Spark_Armor"",""Weight"":""5.0""}"
vanilla/Stalker2/Content/GameLite/GameData/ItemGeneratorPrototypes.cfg,shared helper,Spark,Armor,GeneralNPC_Spark_Armor,GeneralNPC_Spark_Armor,[0],"{""SID"":""GeneralNPC_Spark_Armor"",""SpecificRewardSound"":""EUISound::SystemNotificationNews""}",[0],BodyArmor,"ERank::Newbie, ERank::Experienced",,,{},[1],GeneralNPC_Spark_Armor.ItemGenerator.[0].PossibleItems.[1],NPC_Anomaly_Spark_Armor,,weight,1.0,,,,,,,,"{""ItemPrototypeSID"":""NPC_Anomaly_Spark_Armor"",""Weight"":""1.0""}"
vanilla/Stalker2/Content/GameLite/GameData/ItemGeneratorPrototypes.cfg,shared helper,Spark,Armor,GeneralNPC_Spark_Armor,GeneralNPC_Spark_Armor,[0],"{""SID"":""GeneralNPC_Spark_Armor"",""SpecificRewardSound"":""EUISound::SystemNotificationNews""}",[1],BodyArmor,ERank::Veteran,,,{},[0],GeneralNPC_Spark_Armor.ItemGenerator.[1].PossibleItems.[0],HeavyAnomaly_Spark_Armor,,weight,1.0,,,,,,,,"{""ItemPrototypeSID"":""HeavyAnomaly_Spark_Armor"",""Weight"":""1.0""}"
vanilla/Stalker2/Content/GameLite/GameData/ItemGeneratorPrototypes.cfg,shared helper,Spark,Armor,GeneralNPC_Spark_Armor,GeneralNPC_Spark_Armor,[0],"{""SID"":""GeneralNPC_Spark_Armor"",""SpecificRewardSound"":""EUISound::SystemNotificationNews""}",[1],BodyArmor,ERank::Veteran,,,{},[1],GeneralNPC_Spark_Armor.ItemGenerator.[1].PossibleItems.[1],SEVA_Spark_Armor,,weight,1.0,,,,,,,,"{""ItemPrototypeSID"":""SEVA_Spark_Armor"",""Weight"":""1.0""}"
vanilla/Stalker2/Content/GameLite/GameData/ItemGeneratorPrototypes.cfg,shared helper,Spark,Armor,GeneralNPC_Spark_Armor,GeneralNPC_Spark_Armor,[0],"{""SID"":""GeneralNPC_Spark_Armor"",""SpecificRewardSound"":""EUISound::SystemNotificationNews""}",[1],BodyArmor,ERank::Veteran,,,{},[2],GeneralNPC_Spark_Armor.ItemGenerator.[1].PossibleItems.[2],HeavyBattle_Spark_Armor,,weight,1.0,,,,,,,,"{""ItemPrototypeSID"":""HeavyBattle_Spark_Armor"",""Weight"":""1.0""}"
vanilla/Stalker2/Content/GameLite/GameData/ItemGeneratorPrototypes.cfg,shared helper,Spark,Armor,GeneralNPC_Spark_Armor,GeneralNPC_Spark_Armor,[0],"{""SID"":""GeneralNPC_Spark_Armor"",""SpecificRewardSound"":""EUISound::SystemNotificationNews""}",[2],BodyArmor,ERank::Master,,,{},[0],GeneralNPC_Spark_Armor.ItemGenerator.[2].PossibleItems.[0],NPC_HeavyExoskeleton_Spark_Armor,,weight,5.0,,,,,,,,"{""ItemPrototypeSID"":""NPC_HeavyExoskeleton_Spark_Armor"",""Weight"":""5.0""}"
vanilla/Stalker2/Content/GameLite/GameData/ItemGeneratorPrototypes.cfg,shared helper,Spark,Armor,GeneralNPC_Spark_Armor,GeneralNPC_Spark_Armor,[0],"{""SID"":""GeneralNPC_Spark_Armor"",""SpecificRewardSound"":""EUISound::SystemNotificationNews""}",[2],BodyArmor,ERank::Master,,,{},[1],GeneralNPC_Spark_Armor.ItemGenerator.[2].PossibleItems.[1],HeavyAnomaly_Spark_Armor,,weight,2.0,,,,,,,,"{""ItemPrototypeSID"":""HeavyAnomaly_Spark_Armor"",""Weight"":""2.0""}"
vanilla/Stalker2/Content/GameLite/GameData/ItemGeneratorPrototypes.cfg,shared helper,Spark,Armor,GeneralNPC_Spark_Armor,GeneralNPC_Spark_Armor,[0],"{""SID"":""GeneralNPC_Spark_Armor"",""SpecificRewardSound"":""EUISound::SystemNotificationNews""}",[2],BodyArmor,ERank::Master,,,{},[2],GeneralNPC_Spark_Armor.ItemGenerator.[2].PossibleItems.[2],HeavyBattle_Spark_Armor,,weight,3.0,,,,,,,,"{""ItemPrototypeSID"":""HeavyBattle_Spark_Armor"",""Weight"":""3.0""}"
vanilla/Stalker2/Content/GameLite/GameData/ItemGeneratorPrototypes.cfg,shared helper,Spark,Armor,GeneralNPC_Spark_Armor,GeneralNPC_Spark_Armor,[0],"{""SID"":""GeneralNPC_Spark_Armor"",""SpecificRewardSound"":""EUISound::SystemNotificationNews""}",[3],Head,"ERank::Newbie, ERank::Experienced",,,{},[0],GeneralNPC_Spark_Armor.ItemGenerator.[3].PossibleItems.[0],Battle_Military_Helmet,,chance,,0.3,,,,,,,"{""ItemPrototypeSID"":""Battle_Military_Helmet"",""Chance"":""0.3""}"
vanilla/Stalker2/Content/GameLite/GameData/ItemGeneratorPrototypes.cfg,ordinary role,Spark,CloseCombat,GeneralNPC_Spark_CloseCombat_ItemGenerator,GeneralNPC_Spark_CloseCombat_ItemGenerator,[0],"{""SID"":""GeneralNPC_Spark_CloseCombat_ItemGenerator"",""RefreshTime"":""1d"",""SpecificRewardSound"":""EUISound::SystemNotificationNews""}",[0],WeaponPrimary,"ERank::Newbie, ERank::Experienced",,,{},[0],GeneralNPC_Spark_CloseCombat_ItemGenerator.ItemGenerator.[0].PossibleItems.[0],GunM860_SG,,weight,1000,,,,0,3,0.25,0.5,"{""ItemPrototypeSID"":""GunM860_SG"",""Weight"":""1000"",""MinDurability"":""0.25"",""MaxDurability"":""0.5"",""AmmoMinCount"":""0"",""AmmoMaxCount"":""3""}"
vanilla/Stalker2/Content/GameLite/GameData/ItemGeneratorPrototypes.cfg,ordinary role,Spark,CloseCombat,GeneralNPC_Spark_CloseCombat_ItemGenerator,GeneralNPC_Spark_CloseCombat_ItemGenerator,[0],"{""SID"":""GeneralNPC_Spark_CloseCombat_ItemGenerator"",""RefreshTime"":""1d"",""SpecificRewardSound"":""EUISound::SystemNotificationNews""}",[1],WeaponPrimary,ERank::Veteran,,,{},[0],GeneralNPC_Spark_CloseCombat_ItemGenerator.ItemGenerator.[1].PossibleItems.[0],GunM860_SG,,weight,1000,,,,2,4,0.25,0.5,"{""ItemPrototypeSID"":""GunM860_SG"",""Weight"":""1000"",""MinDurability"":""0.25"",""MaxDurability"":""0.5"",""AmmoMinCount"":""2"",""AmmoMaxCount"":""4""}"
vanilla/Stalker2/Content/GameLite/GameData/ItemGeneratorPrototypes.cfg,ordinary role,Spark,CloseCombat,GeneralNPC_Spark_CloseCombat_ItemGenerator,GeneralNPC_Spark_CloseCombat_ItemGenerator,[0],"{""SID"":""GeneralNPC_Spark_CloseCombat_ItemGenerator"",""RefreshTime"":""1d"",""SpecificRewardSound"":""EUISound::SystemNotificationNews""}",[1],WeaponPrimary,ERank::Veteran,,,{},[1],GeneralNPC_Spark_CloseCombat_ItemGenerator.ItemGenerator.[1].PossibleItems.[1],GunSPSA_SG,,weight,200,,,,0,3,0.25,0.5,"{""ItemPrototypeSID"":""GunSPSA_SG"",""Weight"":""200"",""MinDurability"":""0.25"",""MaxDurability"":""0.5"",""AmmoMinCount"":""0"",""AmmoMaxCount"":""3""}"
vanilla/Stalker2/Content/GameLite/GameData/ItemGeneratorPrototypes.cfg,ordinary role,Spark,CloseCombat,GeneralNPC_Spark_CloseCombat_ItemGenerator,GeneralNPC_Spark_CloseCombat_ItemGenerator,[0],"{""SID"":""GeneralNPC_Spark_CloseCombat_ItemGenerator"",""RefreshTime"":""1d"",""SpecificRewardSound"":""EUISound::SystemNotificationNews""}",[2],WeaponPrimary,ERank::Master,,,{},[0],GeneralNPC_Spark_CloseCombat_ItemGenerator.ItemGenerator.[2].PossibleItems.[0],GunM860_SG,,weight,400,,,,2,4,0.25,0.5,"{""ItemPrototypeSID"":""GunM860_SG"",""Weight"":""400"",""MinDurability"":""0.25"",""MaxDurability"":""0.5"",""AmmoMinCount"":""2"",""AmmoMaxCount"":""4""}"
vanilla/Stalker2/Content/GameLite/GameData/ItemGeneratorPrototypes.cfg,ordinary role,Spark,CloseCombat,GeneralNPC_Spark_CloseCombat_ItemGenerator,GeneralNPC_Spark_CloseCombat_ItemGenerator,[0],"{""SID"":""GeneralNPC_Spark_CloseCombat_ItemGenerator"",""RefreshTime"":""1d"",""SpecificRewardSound"":""EUISound::SystemNotificationNews""}",[2],WeaponPrimary,ERank::Master,,,{},[1],GeneralNPC_Spark_CloseCombat_ItemGenerator.ItemGenerator.[2].PossibleItems.[1],GunSPSA_SG,,weight,1000,,,,0,3,0.25,0.5,"{""ItemPrototypeSID"":""GunSPSA_SG"",""Weight"":""1000"",""MinDurability"":""0.25"",""MaxDurability"":""0.5"",""AmmoMinCount"":""0"",""AmmoMaxCount"":""3""}"
vanilla/Stalker2/Content/GameLite/GameData/ItemGeneratorPrototypes.cfg,ordinary role,Spark,CloseCombat,GeneralNPC_Spark_CloseCombat_ItemGenerator,GeneralNPC_Spark_CloseCombat_ItemGenerator,[0],"{""SID"":""GeneralNPC_Spark_CloseCombat_ItemGenerator"",""RefreshTime"":""1d"",""SpecificRewardSound"":""EUISound::SystemNotificationNews""}",[2],WeaponPrimary,ERank::Master,,,{},[2],GeneralNPC_Spark_CloseCombat_ItemGenerator.ItemGenerator.[2].PossibleItems.[2],GunD12_SG,,weight,1000,,,,0,3,0.25,0.5,"{""ItemPrototypeSID"":""GunD12_SG"",""Weight"":""1000"",""MinDurability"":""0.25"",""MaxDurability"":""0.5"",""AmmoMinCount"":""0"",""AmmoMaxCount"":""3""}"
vanilla/Stalker2/Content/GameLite/GameData/ItemGeneratorPrototypes.cfg,ordinary role,Spark,CloseCombat,GeneralNPC_Spark_CloseCombat_ItemGenerator,GeneralNPC_Spark_CloseCombat_ItemGenerator,[0],"{""SID"":""GeneralNPC_Spark_CloseCombat_ItemGenerator"",""RefreshTime"":""1d"",""SpecificRewardSound"":""EUISound::SystemNotificationNews""}",[3],SubItemGenerator,,,,{},[0],GeneralNPC_Spark_CloseCombat_ItemGenerator.ItemGenerator.[3].PossibleItems.[0],,GeneralNPC_Spark_WeaponPistol,chance,,0.3,,,,,,,"{""ItemGeneratorPrototypeSID"":""GeneralNPC_Spark_WeaponPistol"",""Chance"":""0.3""}"
vanilla/Stalker2/Content/GameLite/GameData/ItemGeneratorPrototypes.cfg,ordinary role,Spark,CloseCombat,GeneralNPC_Spark_CloseCombat_ItemGenerator,GeneralNPC_Spark_CloseCombat_ItemGenerator,[0],"{""SID"":""GeneralNPC_Spark_CloseCombat_ItemGenerator"",""RefreshTime"":""1d"",""SpecificRewardSound"":""EUISound::SystemNotificationNews""}",[3],SubItemGenerator,,,,{},[1],GeneralNPC_Spark_CloseCombat_ItemGenerator.ItemGenerator.[3].PossibleItems.[1],,GeneralNPC_Spark_Armor,chance,,1,,,,,,,"{""ItemGeneratorPrototypeSID"":""GeneralNPC_Spark_Armor"",""Chance"":""1""}"
vanilla/Stalker2/Content/GameLite/GameData/ItemGeneratorPrototypes.cfg,ordinary role,Spark,CloseCombat,GeneralNPC_Spark_CloseCombat_ItemGenerator,GeneralNPC_Spark_CloseCombat_ItemGenerator,[0],"{""SID"":""GeneralNPC_Spark_CloseCombat_ItemGenerator"",""RefreshTime"":""1d"",""SpecificRewardSound"":""EUISound::SystemNotificationNews""}",[4],SubItemGenerator,,,,{},[0],GeneralNPC_Spark_CloseCombat_ItemGenerator.ItemGenerator.[4].PossibleItems.[0],,GeneralNPC_Consumables_CloseCombat,weight,1,,,,,,,,"{""ItemGeneratorPrototypeSID"":""GeneralNPC_Consumables_CloseCombat"",""Weight"":""1""}"
vanilla/Stalker2/Content/GameLite/GameData/ItemGeneratorPrototypes.cfg,ordinary role,Spark,CloseCombat,GeneralNPC_Spark_CloseCombat_ItemGenerator,GeneralNPC_Spark_CloseCombat_ItemGenerator,[0],"{""SID"":""GeneralNPC_Spark_CloseCombat_ItemGenerator"",""RefreshTime"":""1d"",""SpecificRewardSound"":""EUISound::SystemNotificationNews""}",[5],Detector,,,,{},[0],GeneralNPC_Spark_CloseCombat_ItemGenerator.ItemGenerator.[5].PossibleItems.[0],Echo,,chance,,0.05,1,,,,,,"{""ItemPrototypeSID"":""Echo"",""Chance"":""0.05"",""MinCount"":""1""}"
vanilla/Stalker2/Content/GameLite/GameData/ItemGeneratorPrototypes.cfg,ordinary role,Spark,CloseCombat,GeneralNPC_Spark_CloseCombat_ItemGenerator,GeneralNPC_Spark_CloseCombat_ItemGenerator,[0],"{""SID"":""GeneralNPC_Spark_CloseCombat_ItemGenerator"",""RefreshTime"":""1d"",""SpecificRewardSound"":""EUISound::SystemNotificationNews""}",[6],Artifact,,,,{},[0],GeneralNPC_Spark_CloseCombat_ItemGenerator.ItemGenerator.[6].PossibleItems.[0],GrenadeRGD5,,chance,,0.2,1,1,,,,,"{""ItemPrototypeSID"":""GrenadeRGD5"",""Chance"":""0.2"",""MinCount"":""1"",""MaxCount"":""1""}"
vanilla/Stalker2/Content/GameLite/GameData/ItemGeneratorPrototypes.cfg,ordinary role,Spark,CloseCombat,GeneralNPC_Spark_CloseCombat_ItemGenerator,GeneralNPC_Spark_CloseCombat_ItemGenerator,[0],"{""SID"":""GeneralNPC_Spark_CloseCombat_ItemGenerator"",""RefreshTime"":""1d"",""SpecificRewardSound"":""EUISound::SystemNotificationNews""}",[7],SubItemGenerator,,,,{},[0],GeneralNPC_Spark_CloseCombat_ItemGenerator.ItemGenerator.[7].PossibleItems.[0],,GeneralNPC_Spark_NVG,chance,,1,,,,,,,"{""ItemGeneratorPrototypeSID"":""GeneralNPC_Spark_NVG"",""Chance"":""1""}"
vanilla/Stalker2/Content/GameLite/GameData/ItemGeneratorPrototypes.cfg,ordinary role,Spark,Recon,GeneralNPC_Spark_Recon_ItemGenerator,GeneralNPC_Spark_Recon_ItemGenerator,[0],"{""SID"":""GeneralNPC_Spark_Recon_ItemGenerator"",""RefreshTime"":""1d"",""SpecificRewardSound"":""EUISound::SystemNotificationNews""}",[0],WeaponPrimary,"ERank::Newbie, ERank::Experienced",,,{},[0],GeneralNPC_Spark_Recon_ItemGenerator.ItemGenerator.[0].PossibleItems.[0],GunViper_PP,,weight,1000,,,,0,7,0.25,0.5,"{""ItemPrototypeSID"":""GunViper_PP"",""Weight"":""1000"",""MinDurability"":""0.25"",""MaxDurability"":""0.5"",""AmmoMinCount"":""0"",""AmmoMaxCount"":""7""}"
vanilla/Stalker2/Content/GameLite/GameData/ItemGeneratorPrototypes.cfg,ordinary role,Spark,Recon,GeneralNPC_Spark_Recon_ItemGenerator,GeneralNPC_Spark_Recon_ItemGenerator,[0],"{""SID"":""GeneralNPC_Spark_Recon_ItemGenerator"",""RefreshTime"":""1d"",""SpecificRewardSound"":""EUISound::SystemNotificationNews""}",[0],WeaponPrimary,"ERank::Newbie, ERank::Experienced",,,{},[1],GeneralNPC_Spark_Recon_ItemGenerator.ItemGenerator.[0].PossibleItems.[1],GunAKU_PP,,weight,1000,,,,0,7,0.25,0.5,"{""ItemPrototypeSID"":""GunAKU_PP"",""Weight"":""1000"",""MinDurability"":""0.25"",""MaxDurability"":""0.5"",""AmmoMinCount"":""0"",""AmmoMaxCount"":""7""}"
vanilla/Stalker2/Content/GameLite/GameData/ItemGeneratorPrototypes.cfg,ordinary role,Spark,Recon,GeneralNPC_Spark_Recon_ItemGenerator,GeneralNPC_Spark_Recon_ItemGenerator,[0],"{""SID"":""GeneralNPC_Spark_Recon_ItemGenerator"",""RefreshTime"":""1d"",""SpecificRewardSound"":""EUISound::SystemNotificationNews""}",[0],WeaponPrimary,"ERank::Newbie, ERank::Experienced",,,{},[2],GeneralNPC_Spark_Recon_ItemGenerator.ItemGenerator.[0].PossibleItems.[2],GunBucket_PP,,weight,100,,,,0,7,0.25,0.5,"{""ItemPrototypeSID"":""GunBucket_PP"",""Weight"":""100"",""MinDurability"":""0.25"",""MaxDurability"":""0.5"",""AmmoMinCount"":""0"",""AmmoMaxCount"":""7""}"
vanilla/Stalker2/Content/GameLite/GameData/ItemGeneratorPrototypes.cfg,ordinary role,Spark,Recon,GeneralNPC_Spark_Recon_ItemGenerator,GeneralNPC_Spark_Recon_ItemGenerator,[0],"{""SID"":""GeneralNPC_Spark_Recon_ItemGenerator"",""RefreshTime"":""1d"",""SpecificRewardSound"":""EUISound::SystemNotificationNews""}",[1],WeaponPrimary,"ERank::Veteran, ERank::Master",,,{},[0],GeneralNPC_Spark_Recon_ItemGenerator.ItemGenerator.[1].PossibleItems.[0],GunViper_PP,,weight,100,,,,0,7,0.25,0.5,"{""ItemPrototypeSID"":""GunViper_PP"",""Weight"":""100"",""MinDurability"":""0.25"",""MaxDurability"":""0.5"",""AmmoMinCount"":""0"",""AmmoMaxCount"":""7""}"
vanilla/Stalker2/Content/GameLite/GameData/ItemGeneratorPrototypes.cfg,ordinary role,Spark,Recon,GeneralNPC_Spark_Recon_ItemGenerator,GeneralNPC_Spark_Recon_ItemGenerator,[0],"{""SID"":""GeneralNPC_Spark_Recon_ItemGenerator"",""RefreshTime"":""1d"",""SpecificRewardSound"":""EUISound::SystemNotificationNews""}",[1],WeaponPrimary,"ERank::Veteran, ERank::Master",,,{},[1],GeneralNPC_Spark_Recon_ItemGenerator.ItemGenerator.[1].PossibleItems.[1],GunAKU_PP,,weight,600,,,,0,7,0.25,0.5,"{""ItemPrototypeSID"":""GunAKU_PP"",""Weight"":""600"",""MinDurability"":""0.25"",""MaxDurability"":""0.5"",""AmmoMinCount"":""0"",""AmmoMaxCount"":""7""}"
vanilla/Stalker2/Content/GameLite/GameData/ItemGeneratorPrototypes.cfg,ordinary role,Spark,Recon,GeneralNPC_Spark_Recon_ItemGenerator,GeneralNPC_Spark_Recon_ItemGenerator,[0],"{""SID"":""GeneralNPC_Spark_Recon_ItemGenerator"",""RefreshTime"":""1d"",""SpecificRewardSound"":""EUISound::SystemNotificationNews""}",[1],WeaponPrimary,"ERank::Veteran, ERank::Master",,,{},[2],GeneralNPC_Spark_Recon_ItemGenerator.ItemGenerator.[1].PossibleItems.[2],GunBucket_PP,,weight,1000,,,,0,7,0.25,0.5,"{""ItemPrototypeSID"":""GunBucket_PP"",""Weight"":""1000"",""MinDurability"":""0.25"",""MaxDurability"":""0.5"",""AmmoMinCount"":""0"",""AmmoMaxCount"":""7""}"
vanilla/Stalker2/Content/GameLite/GameData/ItemGeneratorPrototypes.cfg,ordinary role,Spark,Recon,GeneralNPC_Spark_Recon_ItemGenerator,GeneralNPC_Spark_Recon_ItemGenerator,[0],"{""SID"":""GeneralNPC_Spark_Recon_ItemGenerator"",""RefreshTime"":""1d"",""SpecificRewardSound"":""EUISound::SystemNotificationNews""}",[2],SubItemGenerator,,,,{},[0],GeneralNPC_Spark_Recon_ItemGenerator.ItemGenerator.[2].PossibleItems.[0],,GeneralNPC_Spark_WeaponPistol,chance,,0.25,,,,,,,"{""ItemGeneratorPrototypeSID"":""GeneralNPC_Spark_WeaponPistol"",""Chance"":""0.25""}"
vanilla/Stalker2/Content/GameLite/GameData/ItemGeneratorPrototypes.cfg,ordinary role,Spark,Recon,GeneralNPC_Spark_Recon_ItemGenerator,GeneralNPC_Spark_Recon_ItemGenerator,[0],"{""SID"":""GeneralNPC_Spark_Recon_ItemGenerator"",""RefreshTime"":""1d"",""SpecificRewardSound"":""EUISound::SystemNotificationNews""}",[2],SubItemGenerator,,,,{},[1],GeneralNPC_Spark_Recon_ItemGenerator.ItemGenerator.[2].PossibleItems.[1],,GeneralNPC_Spark_Armor,chance,,1,,,,,,,"{""ItemGeneratorPrototypeSID"":""GeneralNPC_Spark_Armor"",""Chance"":""1""}"
vanilla/Stalker2/Content/GameLite/GameData/ItemGeneratorPrototypes.cfg,ordinary role,Spark,Recon,GeneralNPC_Spark_Recon_ItemGenerator,GeneralNPC_Spark_Recon_ItemGenerator,[0],"{""SID"":""GeneralNPC_Spark_Recon_ItemGenerator"",""RefreshTime"":""1d"",""SpecificRewardSound"":""EUISound::SystemNotificationNews""}",[3],SubItemGenerator,,,,{},[0],GeneralNPC_Spark_Recon_ItemGenerator.ItemGenerator.[3].PossibleItems.[0],,GeneralNPC_Consumables_Recon,weight,1,,,,,,,,"{""ItemGeneratorPrototypeSID"":""GeneralNPC_Consumables_Recon"",""Weight"":""1""}"
vanilla/Stalker2/Content/GameLite/GameData/ItemGeneratorPrototypes.cfg,ordinary role,Spark,Recon,GeneralNPC_Spark_Recon_ItemGenerator,GeneralNPC_Spark_Recon_ItemGenerator,[0],"{""SID"":""GeneralNPC_Spark_Recon_ItemGenerator"",""RefreshTime"":""1d"",""SpecificRewardSound"":""EUISound::SystemNotificationNews""}",[4],Artifact,,,,{},[0],GeneralNPC_Spark_Recon_ItemGenerator.ItemGenerator.[4].PossibleItems.[0],GrenadeRGD5,,chance,,0.2,1,1,,,,,"{""ItemPrototypeSID"":""GrenadeRGD5"",""Chance"":""0.2"",""MinCount"":""1"",""MaxCount"":""1""}"
vanilla/Stalker2/Content/GameLite/GameData/ItemGeneratorPrototypes.cfg,ordinary role,Spark,Recon,GeneralNPC_Spark_Recon_ItemGenerator,GeneralNPC_Spark_Recon_ItemGenerator,[0],"{""SID"":""GeneralNPC_Spark_Recon_ItemGenerator"",""RefreshTime"":""1d"",""SpecificRewardSound"":""EUISound::SystemNotificationNews""}",[5],Detector,,,,{},[0],GeneralNPC_Spark_Recon_ItemGenerator.ItemGenerator.[5].PossibleItems.[0],Echo,,chance,,0.05,1,,,,,,"{""ItemPrototypeSID"":""Echo"",""Chance"":""0.05"",""MinCount"":""1""}"
vanilla/Stalker2/Content/GameLite/GameData/ItemGeneratorPrototypes.cfg,ordinary role,Spark,Recon,GeneralNPC_Spark_Recon_ItemGenerator,GeneralNPC_Spark_Recon_ItemGenerator,[0],"{""SID"":""GeneralNPC_Spark_Recon_ItemGenerator"",""RefreshTime"":""1d"",""SpecificRewardSound"":""EUISound::SystemNotificationNews""}",[6],SubItemGenerator,,,,{},[0],GeneralNPC_Spark_Recon_ItemGenerator.ItemGenerator.[6].PossibleItems.[0],,GeneralNPC_Spark_NVG,chance,,1,,,,,,,"{""ItemGeneratorPrototypeSID"":""GeneralNPC_Spark_NVG"",""Chance"":""1""}"
vanilla/Stalker2/Content/GameLite/GameData/ItemGeneratorPrototypes.cfg,ordinary role,Spark,Stormtrooper,GeneralNPC_Spark_Stormtrooper_ItemGenerator,GeneralNPC_Spark_Stormtrooper_ItemGenerator,[0],"{""SID"":""GeneralNPC_Spark_Stormtrooper_ItemGenerator"",""RefreshTime"":""1d"",""SpecificRewardSound"":""EUISound::SystemNotificationNews""}",[0],WeaponPrimary,"ERank::Newbie, ERank::Experienced",,,{},[0],GeneralNPC_Spark_Stormtrooper_ItemGenerator.ItemGenerator.[0].PossibleItems.[0],GunAK74_ST,,weight,1000,,,,0,5,0.25,0.5,"{""ItemPrototypeSID"":""GunAK74_ST"",""Weight"":""1000"",""MinDurability"":""0.25"",""MaxDurability"":""0.5"",""AmmoMinCount"":""0"",""AmmoMaxCount"":""5""}"
vanilla/Stalker2/Content/GameLite/GameData/ItemGeneratorPrototypes.cfg,ordinary role,Spark,Stormtrooper,GeneralNPC_Spark_Stormtrooper_ItemGenerator,GeneralNPC_Spark_Stormtrooper_ItemGenerator,[0],"{""SID"":""GeneralNPC_Spark_Stormtrooper_ItemGenerator"",""RefreshTime"":""1d"",""SpecificRewardSound"":""EUISound::SystemNotificationNews""}",[0],WeaponPrimary,"ERank::Newbie, ERank::Experienced",,,{},[1],GeneralNPC_Spark_Stormtrooper_ItemGenerator.ItemGenerator.[0].PossibleItems.[1],GunM16_ST,,weight,1000,,,,0,5,0.25,0.5,"{""ItemPrototypeSID"":""GunM16_ST"",""Weight"":""1000"",""MinDurability"":""0.25"",""MaxDurability"":""0.5"",""AmmoMinCount"":""0"",""AmmoMaxCount"":""5""}"
vanilla/Stalker2/Content/GameLite/GameData/ItemGeneratorPrototypes.cfg,ordinary role,Spark,Stormtrooper,GeneralNPC_Spark_Stormtrooper_ItemGenerator,GeneralNPC_Spark_Stormtrooper_ItemGenerator,[0],"{""SID"":""GeneralNPC_Spark_Stormtrooper_ItemGenerator"",""RefreshTime"":""1d"",""SpecificRewardSound"":""EUISound::SystemNotificationNews""}",[0],WeaponPrimary,"ERank::Newbie, ERank::Experienced",,,{},[2],GeneralNPC_Spark_Stormtrooper_ItemGenerator.ItemGenerator.[0].PossibleItems.[2],GunFora_ST,,weight,100,,,,0,5,0.25,0.5,"{""ItemPrototypeSID"":""GunFora_ST"",""Weight"":""100"",""MinDurability"":""0.25"",""MaxDurability"":""0.5"",""AmmoMinCount"":""0"",""AmmoMaxCount"":""5""}"
vanilla/Stalker2/Content/GameLite/GameData/ItemGeneratorPrototypes.cfg,ordinary role,Spark,Stormtrooper,GeneralNPC_Spark_Stormtrooper_ItemGenerator,GeneralNPC_Spark_Stormtrooper_ItemGenerator,[0],"{""SID"":""GeneralNPC_Spark_Stormtrooper_ItemGenerator"",""RefreshTime"":""1d"",""SpecificRewardSound"":""EUISound::SystemNotificationNews""}",[0],WeaponPrimary,"ERank::Newbie, ERank::Experienced",,,{},[3],GeneralNPC_Spark_Stormtrooper_ItemGenerator.ItemGenerator.[0].PossibleItems.[3],GunGvintar_ST,,weight,100,,,,0,5,0.25,0.5,"{""ItemPrototypeSID"":""GunGvintar_ST"",""Weight"":""100"",""MinDurability"":""0.25"",""MaxDurability"":""0.5"",""AmmoMinCount"":""0"",""AmmoMaxCount"":""5""}"
vanilla/Stalker2/Content/GameLite/GameData/ItemGeneratorPrototypes.cfg,ordinary role,Spark,Stormtrooper,GeneralNPC_Spark_Stormtrooper_ItemGenerator,GeneralNPC_Spark_Stormtrooper_ItemGenerator,[0],"{""SID"":""GeneralNPC_Spark_Stormtrooper_ItemGenerator"",""RefreshTime"":""1d"",""SpecificRewardSound"":""EUISound::SystemNotificationNews""}",[1],WeaponPrimary,ERank::Veteran,,,{},[0],GeneralNPC_Spark_Stormtrooper_ItemGenerator.ItemGenerator.[1].PossibleItems.[0],GunAK74_ST,,weight,400,,,,0,5,0.25,0.5,"{""ItemPrototypeSID"":""GunAK74_ST"",""Weight"":""400"",""MinDurability"":""0.25"",""MaxDurability"":""0.5"",""AmmoMinCount"":""0"",""AmmoMaxCount"":""5""}"
vanilla/Stalker2/Content/GameLite/GameData/ItemGeneratorPrototypes.cfg,ordinary role,Spark,Stormtrooper,GeneralNPC_Spark_Stormtrooper_ItemGenerator,GeneralNPC_Spark_Stormtrooper_ItemGenerator,[0],"{""SID"":""GeneralNPC_Spark_Stormtrooper_ItemGenerator"",""RefreshTime"":""1d"",""SpecificRewardSound"":""EUISound::SystemNotificationNews""}",[1],WeaponPrimary,ERank::Veteran,,,{},[1],GeneralNPC_Spark_Stormtrooper_ItemGenerator.ItemGenerator.[1].PossibleItems.[1],GunM16_ST,,weight,500,,,,0,5,0.25,0.5,"{""ItemPrototypeSID"":""GunM16_ST"",""Weight"":""500"",""MinDurability"":""0.25"",""MaxDurability"":""0.5"",""AmmoMinCount"":""0"",""AmmoMaxCount"":""5""}"
vanilla/Stalker2/Content/GameLite/GameData/ItemGeneratorPrototypes.cfg,ordinary role,Spark,Stormtrooper,GeneralNPC_Spark_Stormtrooper_ItemGenerator,GeneralNPC_Spark_Stormtrooper_ItemGenerator,[0],"{""SID"":""GeneralNPC_Spark_Stormtrooper_ItemGenerator"",""RefreshTime"":""1d"",""SpecificRewardSound"":""EUISound::SystemNotificationNews""}",[1],WeaponPrimary,ERank::Veteran,,,{},[2],GeneralNPC_Spark_Stormtrooper_ItemGenerator.ItemGenerator.[1].PossibleItems.[2],GunGrim_ST,,weight,100,,,,0,5,0.25,0.5,"{""ItemPrototypeSID"":""GunGrim_ST"",""Weight"":""100"",""MinDurability"":""0.25"",""MaxDurability"":""0.5"",""AmmoMinCount"":""0"",""AmmoMaxCount"":""5""}"
vanilla/Stalker2/Content/GameLite/GameData/ItemGeneratorPrototypes.cfg,ordinary role,Spark,Stormtrooper,GeneralNPC_Spark_Stormtrooper_ItemGenerator,GeneralNPC_Spark_Stormtrooper_ItemGenerator,[0],"{""SID"":""GeneralNPC_Spark_Stormtrooper_ItemGenerator"",""RefreshTime"":""1d"",""SpecificRewardSound"":""EUISound::SystemNotificationNews""}",[1],WeaponPrimary,ERank::Veteran,,,{},[3],GeneralNPC_Spark_Stormtrooper_ItemGenerator.ItemGenerator.[1].PossibleItems.[3],GunGvintar_ST,,weight,1000,,,,0,5,0.25,0.5,"{""ItemPrototypeSID"":""GunGvintar_ST"",""Weight"":""1000"",""MinDurability"":""0.25"",""MaxDurability"":""0.5"",""AmmoMinCount"":""0"",""AmmoMaxCount"":""5""}"
vanilla/Stalker2/Content/GameLite/GameData/ItemGeneratorPrototypes.cfg,ordinary role,Spark,Stormtrooper,GeneralNPC_Spark_Stormtrooper_ItemGenerator,GeneralNPC_Spark_Stormtrooper_ItemGenerator,[0],"{""SID"":""GeneralNPC_Spark_Stormtrooper_ItemGenerator"",""RefreshTime"":""1d"",""SpecificRewardSound"":""EUISound::SystemNotificationNews""}",[1],WeaponPrimary,ERank::Veteran,,,{},[4],GeneralNPC_Spark_Stormtrooper_ItemGenerator.ItemGenerator.[1].PossibleItems.[4],GunG37_ST,,weight,100,,,,0,5,0.25,0.5,"{""ItemPrototypeSID"":""GunG37_ST"",""Weight"":""100"",""MinDurability"":""0.25"",""MaxDurability"":""0.5"",""AmmoMinCount"":""0"",""AmmoMaxCount"":""5""}"
vanilla/Stalker2/Content/GameLite/GameData/ItemGeneratorPrototypes.cfg,ordinary role,Spark,Stormtrooper,GeneralNPC_Spark_Stormtrooper_ItemGenerator,GeneralNPC_Spark_Stormtrooper_ItemGenerator,[0],"{""SID"":""GeneralNPC_Spark_Stormtrooper_ItemGenerator"",""RefreshTime"":""1d"",""SpecificRewardSound"":""EUISound::SystemNotificationNews""}",[2],WeaponPrimary,ERank::Master,,,{},[0],GeneralNPC_Spark_Stormtrooper_ItemGenerator.ItemGenerator.[2].PossibleItems.[0],GunDnipro_ST,,weight,1000,,,,0,5,0.25,0.5,"{""ItemPrototypeSID"":""GunDnipro_ST"",""Weight"":""1000"",""MinDurability"":""0.25"",""MaxDurability"":""0.5"",""AmmoMinCount"":""0"",""AmmoMaxCount"":""5""}"
vanilla/Stalker2/Content/GameLite/GameData/ItemGeneratorPrototypes.cfg,ordinary role,Spark,Stormtrooper,GeneralNPC_Spark_Stormtrooper_ItemGenerator,GeneralNPC_Spark_Stormtrooper_ItemGenerator,[0],"{""SID"":""GeneralNPC_Spark_Stormtrooper_ItemGenerator"",""RefreshTime"":""1d"",""SpecificRewardSound"":""EUISound::SystemNotificationNews""}",[2],WeaponPrimary,ERank::Master,,,{},[1],GeneralNPC_Spark_Stormtrooper_ItemGenerator.ItemGenerator.[2].PossibleItems.[1],GunGrim_ST,,weight,1000,,,,0,5,0.25,0.5,"{""ItemPrototypeSID"":""GunGrim_ST"",""Weight"":""1000"",""MinDurability"":""0.25"",""MaxDurability"":""0.5"",""AmmoMinCount"":""0"",""AmmoMaxCount"":""5""}"
vanilla/Stalker2/Content/GameLite/GameData/ItemGeneratorPrototypes.cfg,ordinary role,Spark,Stormtrooper,GeneralNPC_Spark_Stormtrooper_ItemGenerator,GeneralNPC_Spark_Stormtrooper_ItemGenerator,[0],"{""SID"":""GeneralNPC_Spark_Stormtrooper_ItemGenerator"",""RefreshTime"":""1d"",""SpecificRewardSound"":""EUISound::SystemNotificationNews""}",[2],WeaponPrimary,ERank::Master,,,{},[2],GeneralNPC_Spark_Stormtrooper_ItemGenerator.ItemGenerator.[2].PossibleItems.[2],GunLavina_ST,,weight,100,,,,0,5,0.25,0.5,"{""ItemPrototypeSID"":""GunLavina_ST"",""Weight"":""100"",""MinDurability"":""0.25"",""MaxDurability"":""0.5"",""AmmoMinCount"":""0"",""AmmoMaxCount"":""5""}"
vanilla/Stalker2/Content/GameLite/GameData/ItemGeneratorPrototypes.cfg,ordinary role,Spark,Stormtrooper,GeneralNPC_Spark_Stormtrooper_ItemGenerator,GeneralNPC_Spark_Stormtrooper_ItemGenerator,[0],"{""SID"":""GeneralNPC_Spark_Stormtrooper_ItemGenerator"",""RefreshTime"":""1d"",""SpecificRewardSound"":""EUISound::SystemNotificationNews""}",[2],WeaponPrimary,ERank::Master,,,{},[3],GeneralNPC_Spark_Stormtrooper_ItemGenerator.ItemGenerator.[2].PossibleItems.[3],GunG37_ST,,weight,500,,,,0,5,0.25,0.5,"{""ItemPrototypeSID"":""GunG37_ST"",""Weight"":""500"",""MinDurability"":""0.25"",""MaxDurability"":""0.5"",""AmmoMinCount"":""0"",""AmmoMaxCount"":""5""}"
vanilla/Stalker2/Content/GameLite/GameData/ItemGeneratorPrototypes.cfg,ordinary role,Spark,Stormtrooper,GeneralNPC_Spark_Stormtrooper_ItemGenerator,GeneralNPC_Spark_Stormtrooper_ItemGenerator,[0],"{""SID"":""GeneralNPC_Spark_Stormtrooper_ItemGenerator"",""RefreshTime"":""1d"",""SpecificRewardSound"":""EUISound::SystemNotificationNews""}",[3],SubItemGenerator,,,,{},[0],GeneralNPC_Spark_Stormtrooper_ItemGenerator.ItemGenerator.[3].PossibleItems.[0],,GeneralNPC_Spark_WeaponPistol,chance,,0.4,,,,,,,"{""ItemGeneratorPrototypeSID"":""GeneralNPC_Spark_WeaponPistol"",""Chance"":""0.4""}"
vanilla/Stalker2/Content/GameLite/GameData/ItemGeneratorPrototypes.cfg,ordinary role,Spark,Stormtrooper,GeneralNPC_Spark_Stormtrooper_ItemGenerator,GeneralNPC_Spark_Stormtrooper_ItemGenerator,[0],"{""SID"":""GeneralNPC_Spark_Stormtrooper_ItemGenerator"",""RefreshTime"":""1d"",""SpecificRewardSound"":""EUISound::SystemNotificationNews""}",[3],SubItemGenerator,,,,{},[1],GeneralNPC_Spark_Stormtrooper_ItemGenerator.ItemGenerator.[3].PossibleItems.[1],,GeneralNPC_Spark_Armor,chance,,1,,,,,,,"{""ItemGeneratorPrototypeSID"":""GeneralNPC_Spark_Armor"",""Chance"":""1""}"
vanilla/Stalker2/Content/GameLite/GameData/ItemGeneratorPrototypes.cfg,ordinary role,Spark,Stormtrooper,GeneralNPC_Spark_Stormtrooper_ItemGenerator,GeneralNPC_Spark_Stormtrooper_ItemGenerator,[0],"{""SID"":""GeneralNPC_Spark_Stormtrooper_ItemGenerator"",""RefreshTime"":""1d"",""SpecificRewardSound"":""EUISound::SystemNotificationNews""}",[4],SubItemGenerator,,,,{},[0],GeneralNPC_Spark_Stormtrooper_ItemGenerator.ItemGenerator.[4].PossibleItems.[0],,GeneralNPC_Consumables_Stormtrooper,weight,1,,,,,,,,"{""ItemGeneratorPrototypeSID"":""GeneralNPC_Consumables_Stormtrooper"",""Weight"":""1""}"
vanilla/Stalker2/Content/GameLite/GameData/ItemGeneratorPrototypes.cfg,ordinary role,Spark,Stormtrooper,GeneralNPC_Spark_Stormtrooper_ItemGenerator,GeneralNPC_Spark_Stormtrooper_ItemGenerator,[0],"{""SID"":""GeneralNPC_Spark_Stormtrooper_ItemGenerator"",""RefreshTime"":""1d"",""SpecificRewardSound"":""EUISound::SystemNotificationNews""}",[5],Artifact,,,,{},[0],GeneralNPC_Spark_Stormtrooper_ItemGenerator.ItemGenerator.[5].PossibleItems.[0],GrenadeRGD5,,chance,,0.2,1,1,,,,,"{""ItemPrototypeSID"":""GrenadeRGD5"",""Chance"":""0.2"",""MinCount"":""1"",""MaxCount"":""1""}"
vanilla/Stalker2/Content/GameLite/GameData/ItemGeneratorPrototypes.cfg,ordinary role,Spark,Stormtrooper,GeneralNPC_Spark_Stormtrooper_ItemGenerator,GeneralNPC_Spark_Stormtrooper_ItemGenerator,[0],"{""SID"":""GeneralNPC_Spark_Stormtrooper_ItemGenerator"",""RefreshTime"":""1d"",""SpecificRewardSound"":""EUISound::SystemNotificationNews""}",[6],Detector,,,,{},[0],GeneralNPC_Spark_Stormtrooper_ItemGenerator.ItemGenerator.[6].PossibleItems.[0],Echo,,chance,,0.05,1,,,,,,"{""ItemPrototypeSID"":""Echo"",""Chance"":""0.05"",""MinCount"":""1""}"
vanilla/Stalker2/Content/GameLite/GameData/ItemGeneratorPrototypes.cfg,ordinary role,Spark,Stormtrooper,GeneralNPC_Spark_Stormtrooper_ItemGenerator,GeneralNPC_Spark_Stormtrooper_ItemGenerator,[0],"{""SID"":""GeneralNPC_Spark_Stormtrooper_ItemGenerator"",""RefreshTime"":""1d"",""SpecificRewardSound"":""EUISound::SystemNotificationNews""}",[7],SubItemGenerator,,,,{},[0],GeneralNPC_Spark_Stormtrooper_ItemGenerator.ItemGenerator.[7].PossibleItems.[0],,GeneralNPC_Spark_NVG,chance,,1,,,,,,,"{""ItemGeneratorPrototypeSID"":""GeneralNPC_Spark_NVG"",""Chance"":""1""}"
vanilla/Stalker2/Content/GameLite/GameData/ItemGeneratorPrototypes.cfg,ordinary role,Spark,Sniper,GeneralNPC_Spark_Sniper_ItemGenerator,GeneralNPC_Spark_Sniper_ItemGenerator,[0],"{""SID"":""GeneralNPC_Spark_Sniper_ItemGenerator"",""RefreshTime"":""1d"",""SpecificRewardSound"":""EUISound::SystemNotificationNews""}",[0],WeaponPrimary,"ERank::Newbie, ERank::Experienced",,,{},[0],GeneralNPC_Spark_Sniper_ItemGenerator.ItemGenerator.[0].PossibleItems.[0],GunAK74_ST,,weight,1000,,,,0,5,0.25,0.5,"{""ItemPrototypeSID"":""GunAK74_ST"",""Weight"":""1000"",""MinDurability"":""0.25"",""MaxDurability"":""0.5"",""AmmoMinCount"":""0"",""AmmoMaxCount"":""5""}"
vanilla/Stalker2/Content/GameLite/GameData/ItemGeneratorPrototypes.cfg,ordinary role,Spark,Sniper,GeneralNPC_Spark_Sniper_ItemGenerator,GeneralNPC_Spark_Sniper_ItemGenerator,[0],"{""SID"":""GeneralNPC_Spark_Sniper_ItemGenerator"",""RefreshTime"":""1d"",""SpecificRewardSound"":""EUISound::SystemNotificationNews""}",[0],WeaponPrimary,"ERank::Newbie, ERank::Experienced",,,{},[1],GeneralNPC_Spark_Sniper_ItemGenerator.ItemGenerator.[0].PossibleItems.[1],GunM16_ST,,weight,1000,,,,0,5,0.25,0.5,"{""ItemPrototypeSID"":""GunM16_ST"",""Weight"":""1000"",""MinDurability"":""0.25"",""MaxDurability"":""0.5"",""AmmoMinCount"":""0"",""AmmoMaxCount"":""5""}"
vanilla/Stalker2/Content/GameLite/GameData/ItemGeneratorPrototypes.cfg,ordinary role,Spark,Sniper,GeneralNPC_Spark_Sniper_ItemGenerator,GeneralNPC_Spark_Sniper_ItemGenerator,[0],"{""SID"":""GeneralNPC_Spark_Sniper_ItemGenerator"",""RefreshTime"":""1d"",""SpecificRewardSound"":""EUISound::SystemNotificationNews""}",[0],WeaponPrimary,"ERank::Newbie, ERank::Experienced",,,{},[2],GeneralNPC_Spark_Sniper_ItemGenerator.ItemGenerator.[0].PossibleItems.[2],GunFora_ST,,weight,100,,,,0,5,0.25,0.5,"{""ItemPrototypeSID"":""GunFora_ST"",""Weight"":""100"",""MinDurability"":""0.25"",""MaxDurability"":""0.5"",""AmmoMinCount"":""0"",""AmmoMaxCount"":""5""}"
vanilla/Stalker2/Content/GameLite/GameData/ItemGeneratorPrototypes.cfg,ordinary role,Spark,Sniper,GeneralNPC_Spark_Sniper_ItemGenerator,GeneralNPC_Spark_Sniper_ItemGenerator,[0],"{""SID"":""GeneralNPC_Spark_Sniper_ItemGenerator"",""RefreshTime"":""1d"",""SpecificRewardSound"":""EUISound::SystemNotificationNews""}",[0],WeaponPrimary,"ERank::Newbie, ERank::Experienced",,,{},[3],GeneralNPC_Spark_Sniper_ItemGenerator.ItemGenerator.[0].PossibleItems.[3],GunGvintar_ST,,weight,100,,,,0,5,0.25,0.5,"{""ItemPrototypeSID"":""GunGvintar_ST"",""Weight"":""100"",""MinDurability"":""0.25"",""MaxDurability"":""0.5"",""AmmoMinCount"":""0"",""AmmoMaxCount"":""5""}"
vanilla/Stalker2/Content/GameLite/GameData/ItemGeneratorPrototypes.cfg,ordinary role,Spark,Sniper,GeneralNPC_Spark_Sniper_ItemGenerator,GeneralNPC_Spark_Sniper_ItemGenerator,[0],"{""SID"":""GeneralNPC_Spark_Sniper_ItemGenerator"",""RefreshTime"":""1d"",""SpecificRewardSound"":""EUISound::SystemNotificationNews""}",[0],WeaponPrimary,"ERank::Newbie, ERank::Experienced",,,{},[4],GeneralNPC_Spark_Sniper_ItemGenerator.ItemGenerator.[0].PossibleItems.[4],GunSVDM_SP,,weight,100,,,,0,5,0.25,0.5,"{""ItemPrototypeSID"":""GunSVDM_SP"",""Weight"":""100"",""MinDurability"":""0.25"",""MaxDurability"":""0.5"",""AmmoMinCount"":""0"",""AmmoMaxCount"":""5""}"
vanilla/Stalker2/Content/GameLite/GameData/ItemGeneratorPrototypes.cfg,ordinary role,Spark,Sniper,GeneralNPC_Spark_Sniper_ItemGenerator,GeneralNPC_Spark_Sniper_ItemGenerator,[0],"{""SID"":""GeneralNPC_Spark_Sniper_ItemGenerator"",""RefreshTime"":""1d"",""SpecificRewardSound"":""EUISound::SystemNotificationNews""}",[0],WeaponPrimary,"ERank::Newbie, ERank::Experienced",,,{},[5],GeneralNPC_Spark_Sniper_ItemGenerator.ItemGenerator.[0].PossibleItems.[5],GunThreeLine_SP,,weight,100,,,,0,7,0.25,0.5,"{""ItemPrototypeSID"":""GunThreeLine_SP"",""Weight"":""100"",""MinDurability"":""0.25"",""MaxDurability"":""0.5"",""AmmoMinCount"":""0"",""AmmoMaxCount"":""7""}"
vanilla/Stalker2/Content/GameLite/GameData/ItemGeneratorPrototypes.cfg,ordinary role,Spark,Sniper,GeneralNPC_Spark_Sniper_ItemGenerator,GeneralNPC_Spark_Sniper_ItemGenerator,[0],"{""SID"":""GeneralNPC_Spark_Sniper_ItemGenerator"",""RefreshTime"":""1d"",""SpecificRewardSound"":""EUISound::SystemNotificationNews""}",[1],WeaponPrimary,ERank::Veteran,,"EGameDifficulty::Easy, EGameDifficulty::Medium, EGameDifficulty::Hard",{},[0],GeneralNPC_Spark_Sniper_ItemGenerator.ItemGenerator.[1].PossibleItems.[0],GunSVDM_SP,,weight,1000,,,,3,5,0.25,0.5,"{""ItemPrototypeSID"":""GunSVDM_SP"",""Weight"":""1000"",""MinDurability"":""0.25"",""MaxDurability"":""0.5"",""AmmoMinCount"":""3"",""AmmoMaxCount"":""5""}"
vanilla/Stalker2/Content/GameLite/GameData/ItemGeneratorPrototypes.cfg,ordinary role,Spark,Sniper,GeneralNPC_Spark_Sniper_ItemGenerator,GeneralNPC_Spark_Sniper_ItemGenerator,[0],"{""SID"":""GeneralNPC_Spark_Sniper_ItemGenerator"",""RefreshTime"":""1d"",""SpecificRewardSound"":""EUISound::SystemNotificationNews""}",[1],WeaponPrimary,ERank::Veteran,,"EGameDifficulty::Easy, EGameDifficulty::Medium, EGameDifficulty::Hard",{},[1],GeneralNPC_Spark_Sniper_ItemGenerator.ItemGenerator.[1].PossibleItems.[1],GunSKP_DMR,,weight,1000,,,,0,5,0.25,0.5,"{""ItemPrototypeSID"":""GunSKP_DMR"",""Weight"":""1000"",""MinDurability"":""0.25"",""MaxDurability"":""0.5"",""AmmoMinCount"":""0"",""AmmoMaxCount"":""5""}"
vanilla/Stalker2/Content/GameLite/GameData/ItemGeneratorPrototypes.cfg,ordinary role,Spark,Sniper,GeneralNPC_Spark_Sniper_ItemGenerator,GeneralNPC_Spark_Sniper_ItemGenerator,[0],"{""SID"":""GeneralNPC_Spark_Sniper_ItemGenerator"",""RefreshTime"":""1d"",""SpecificRewardSound"":""EUISound::SystemNotificationNews""}",[2],WeaponPrimary,ERank::Master,,"EGameDifficulty::Easy, EGameDifficulty::Medium, EGameDifficulty::Hard",{},[0],GeneralNPC_Spark_Sniper_ItemGenerator.ItemGenerator.[2].PossibleItems.[0],GunSVDM_SP,,weight,1000,,,,3,5,0.25,0.5,"{""ItemPrototypeSID"":""GunSVDM_SP"",""Weight"":""1000"",""MinDurability"":""0.25"",""MaxDurability"":""0.5"",""AmmoMinCount"":""3"",""AmmoMaxCount"":""5""}"
vanilla/Stalker2/Content/GameLite/GameData/ItemGeneratorPrototypes.cfg,ordinary role,Spark,Sniper,GeneralNPC_Spark_Sniper_ItemGenerator,GeneralNPC_Spark_Sniper_ItemGenerator,[0],"{""SID"":""GeneralNPC_Spark_Sniper_ItemGenerator"",""RefreshTime"":""1d"",""SpecificRewardSound"":""EUISound::SystemNotificationNews""}",[2],WeaponPrimary,ERank::Master,,"EGameDifficulty::Easy, EGameDifficulty::Medium, EGameDifficulty::Hard",{},[1],GeneralNPC_Spark_Sniper_ItemGenerator.ItemGenerator.[2].PossibleItems.[1],GunSVU_SP,,weight,100,,,,3,5,0.25,0.5,"{""ItemPrototypeSID"":""GunSVU_SP"",""Weight"":""100"",""MinDurability"":""0.25"",""MaxDurability"":""0.5"",""AmmoMinCount"":""3"",""AmmoMaxCount"":""5""}"
vanilla/Stalker2/Content/GameLite/GameData/ItemGeneratorPrototypes.cfg,ordinary role,Spark,Sniper,GeneralNPC_Spark_Sniper_ItemGenerator,GeneralNPC_Spark_Sniper_ItemGenerator,[0],"{""SID"":""GeneralNPC_Spark_Sniper_ItemGenerator"",""RefreshTime"":""1d"",""SpecificRewardSound"":""EUISound::SystemNotificationNews""}",[2],WeaponPrimary,ERank::Master,,"EGameDifficulty::Easy, EGameDifficulty::Medium, EGameDifficulty::Hard",{},[2],GeneralNPC_Spark_Sniper_ItemGenerator.ItemGenerator.[2].PossibleItems.[2],GunSKP_DMR,,weight,500,,,,0,5,0.25,0.5,"{""ItemPrototypeSID"":""GunSKP_DMR"",""Weight"":""500"",""MinDurability"":""0.25"",""MaxDurability"":""0.5"",""AmmoMinCount"":""0"",""AmmoMaxCount"":""5""}"
vanilla/Stalker2/Content/GameLite/GameData/ItemGeneratorPrototypes.cfg,ordinary role,Spark,Sniper,GeneralNPC_Spark_Sniper_ItemGenerator,GeneralNPC_Spark_Sniper_ItemGenerator,[0],"{""SID"":""GeneralNPC_Spark_Sniper_ItemGenerator"",""RefreshTime"":""1d"",""SpecificRewardSound"":""EUISound::SystemNotificationNews""}",[3],WeaponPrimary,ERank::Veteran,,EGameDifficulty::Stalker,{},[0],GeneralNPC_Spark_Sniper_ItemGenerator.ItemGenerator.[3].PossibleItems.[0],GunSVDM_SP,,weight,1000,,,,0,5,0.25,0.5,"{""ItemPrototypeSID"":""GunSVDM_SP"",""Weight"":""1000"",""MinDurability"":""0.25"",""MaxDurability"":""0.5"",""AmmoMinCount"":""0"",""AmmoMaxCount"":""5""}"
vanilla/Stalker2/Content/GameLite/GameData/ItemGeneratorPrototypes.cfg,ordinary role,Spark,Sniper,GeneralNPC_Spark_Sniper_ItemGenerator,GeneralNPC_Spark_Sniper_ItemGenerator,[0],"{""SID"":""GeneralNPC_Spark_Sniper_ItemGenerator"",""RefreshTime"":""1d"",""SpecificRewardSound"":""EUISound::SystemNotificationNews""}",[3],WeaponPrimary,ERank::Veteran,,EGameDifficulty::Stalker,{},[1],GeneralNPC_Spark_Sniper_ItemGenerator.ItemGenerator.[3].PossibleItems.[1],GunSKP_DMR,,weight,1000,,,,0,2,0.25,0.5,"{""ItemPrototypeSID"":""GunSKP_DMR"",""Weight"":""1000"",""MinDurability"":""0.25"",""MaxDurability"":""0.5"",""AmmoMinCount"":""0"",""AmmoMaxCount"":""2""}"
vanilla/Stalker2/Content/GameLite/GameData/ItemGeneratorPrototypes.cfg,ordinary role,Spark,Sniper,GeneralNPC_Spark_Sniper_ItemGenerator,GeneralNPC_Spark_Sniper_ItemGenerator,[0],"{""SID"":""GeneralNPC_Spark_Sniper_ItemGenerator"",""RefreshTime"":""1d"",""SpecificRewardSound"":""EUISound::SystemNotificationNews""}",[4],WeaponPrimary,ERank::Master,,EGameDifficulty::Stalker,{},[0],GeneralNPC_Spark_Sniper_ItemGenerator.ItemGenerator.[4].PossibleItems.[0],GunSVDM_SP,,weight,1000,,,,0,5,0.25,0.5,"{""ItemPrototypeSID"":""GunSVDM_SP"",""Weight"":""1000"",""MinDurability"":""0.25"",""MaxDurability"":""0.5"",""AmmoMinCount"":""0"",""AmmoMaxCount"":""5""}"
vanilla/Stalker2/Content/GameLite/GameData/ItemGeneratorPrototypes.cfg,ordinary role,Spark,Sniper,GeneralNPC_Spark_Sniper_ItemGenerator,GeneralNPC_Spark_Sniper_ItemGenerator,[0],"{""SID"":""GeneralNPC_Spark_Sniper_ItemGenerator"",""RefreshTime"":""1d"",""SpecificRewardSound"":""EUISound::SystemNotificationNews""}",[4],WeaponPrimary,ERank::Master,,EGameDifficulty::Stalker,{},[1],GeneralNPC_Spark_Sniper_ItemGenerator.ItemGenerator.[4].PossibleItems.[1],GunSVU_SP,,weight,100,,,,0,5,0.25,0.5,"{""ItemPrototypeSID"":""GunSVU_SP"",""Weight"":""100"",""MinDurability"":""0.25"",""MaxDurability"":""0.5"",""AmmoMinCount"":""0"",""AmmoMaxCount"":""5""}"
vanilla/Stalker2/Content/GameLite/GameData/ItemGeneratorPrototypes.cfg,ordinary role,Spark,Sniper,GeneralNPC_Spark_Sniper_ItemGenerator,GeneralNPC_Spark_Sniper_ItemGenerator,[0],"{""SID"":""GeneralNPC_Spark_Sniper_ItemGenerator"",""RefreshTime"":""1d"",""SpecificRewardSound"":""EUISound::SystemNotificationNews""}",[4],WeaponPrimary,ERank::Master,,EGameDifficulty::Stalker,{},[2],GeneralNPC_Spark_Sniper_ItemGenerator.ItemGenerator.[4].PossibleItems.[2],GunSKP_DMR,,weight,500,,,,0,2,0.25,0.5,"{""ItemPrototypeSID"":""GunSKP_DMR"",""Weight"":""500"",""MinDurability"":""0.25"",""MaxDurability"":""0.5"",""AmmoMinCount"":""0"",""AmmoMaxCount"":""2""}"
vanilla/Stalker2/Content/GameLite/GameData/ItemGeneratorPrototypes.cfg,ordinary role,Spark,Sniper,GeneralNPC_Spark_Sniper_ItemGenerator,GeneralNPC_Spark_Sniper_ItemGenerator,[0],"{""SID"":""GeneralNPC_Spark_Sniper_ItemGenerator"",""RefreshTime"":""1d"",""SpecificRewardSound"":""EUISound::SystemNotificationNews""}",[5],SubItemGenerator,,,,{},[0],GeneralNPC_Spark_Sniper_ItemGenerator.ItemGenerator.[5].PossibleItems.[0],,GeneralNPC_Spark_WeaponPistol,chance,,0.5,,,,,,,"{""ItemGeneratorPrototypeSID"":""GeneralNPC_Spark_WeaponPistol"",""Chance"":""0.5""}"
vanilla/Stalker2/Content/GameLite/GameData/ItemGeneratorPrototypes.cfg,ordinary role,Spark,Sniper,GeneralNPC_Spark_Sniper_ItemGenerator,GeneralNPC_Spark_Sniper_ItemGenerator,[0],"{""SID"":""GeneralNPC_Spark_Sniper_ItemGenerator"",""RefreshTime"":""1d"",""SpecificRewardSound"":""EUISound::SystemNotificationNews""}",[5],SubItemGenerator,,,,{},[1],GeneralNPC_Spark_Sniper_ItemGenerator.ItemGenerator.[5].PossibleItems.[1],,GeneralNPC_Spark_Armor,chance,,1,,,,,,,"{""ItemGeneratorPrototypeSID"":""GeneralNPC_Spark_Armor"",""Chance"":""1""}"
vanilla/Stalker2/Content/GameLite/GameData/ItemGeneratorPrototypes.cfg,ordinary role,Spark,Sniper,GeneralNPC_Spark_Sniper_ItemGenerator,GeneralNPC_Spark_Sniper_ItemGenerator,[0],"{""SID"":""GeneralNPC_Spark_Sniper_ItemGenerator"",""RefreshTime"":""1d"",""SpecificRewardSound"":""EUISound::SystemNotificationNews""}",[6],SubItemGenerator,,,,{},[0],GeneralNPC_Spark_Sniper_ItemGenerator.ItemGenerator.[6].PossibleItems.[0],,GeneralNPC_Consumables_Sniper,weight,1,,,,,,,,"{""ItemGeneratorPrototypeSID"":""GeneralNPC_Consumables_Sniper"",""Weight"":""1""}"
vanilla/Stalker2/Content/GameLite/GameData/ItemGeneratorPrototypes.cfg,ordinary role,Spark,Sniper,GeneralNPC_Spark_Sniper_ItemGenerator,GeneralNPC_Spark_Sniper_ItemGenerator,[0],"{""SID"":""GeneralNPC_Spark_Sniper_ItemGenerator"",""RefreshTime"":""1d"",""SpecificRewardSound"":""EUISound::SystemNotificationNews""}",[7],Detector,,,,{},[0],GeneralNPC_Spark_Sniper_ItemGenerator.ItemGenerator.[7].PossibleItems.[0],Echo,,chance,,0.05,1,,,,,,"{""ItemPrototypeSID"":""Echo"",""Chance"":""0.05"",""MinCount"":""1""}"
vanilla/Stalker2/Content/GameLite/GameData/ItemGeneratorPrototypes.cfg,ordinary role,Spark,Sniper,GeneralNPC_Spark_Sniper_ItemGenerator,GeneralNPC_Spark_Sniper_ItemGenerator,[0],"{""SID"":""GeneralNPC_Spark_Sniper_ItemGenerator"",""RefreshTime"":""1d"",""SpecificRewardSound"":""EUISound::SystemNotificationNews""}",[8],Artifact,,,,{},[0],GeneralNPC_Spark_Sniper_ItemGenerator.ItemGenerator.[8].PossibleItems.[0],GrenadeF1,,chance,,0.2,1,1,,,,,"{""ItemPrototypeSID"":""GrenadeF1"",""Chance"":""0.2"",""MinCount"":""1"",""MaxCount"":""1""}"
vanilla/Stalker2/Content/GameLite/GameData/ItemGeneratorPrototypes.cfg,ordinary role,Spark,Sniper,GeneralNPC_Spark_Sniper_ItemGenerator,GeneralNPC_Spark_Sniper_ItemGenerator,[0],"{""SID"":""GeneralNPC_Spark_Sniper_ItemGenerator"",""RefreshTime"":""1d"",""SpecificRewardSound"":""EUISound::SystemNotificationNews""}",[9],SubItemGenerator,,,,{},[0],GeneralNPC_Spark_Sniper_ItemGenerator.ItemGenerator.[9].PossibleItems.[0],,GeneralNPC_Spark_NVG,chance,,1,,,,,,,"{""ItemGeneratorPrototypeSID"":""GeneralNPC_Spark_NVG"",""Chance"":""1""}"
vanilla/Stalker2/Content/GameLite/GameData/ItemGeneratorPrototypes.cfg,shared helper,Corpus,Armor,GeneralNPC_Corpus_Armor,GeneralNPC_Corpus_Armor,[0],"{""SID"":""GeneralNPC_Corpus_Armor"",""SpecificRewardSound"":""EUISound::SystemNotificationNews""}",[0],BodyArmor,"ERank::Newbie, ERank::Experienced",,,{},[0],GeneralNPC_Corpus_Armor.ItemGenerator.[0].PossibleItems.[0],NPC_Heavy_Corps_Armor,,weight,1.0,,,,,,,,"{""ItemPrototypeSID"":""NPC_Heavy_Corps_Armor"",""Weight"":""1.0""}"
vanilla/Stalker2/Content/GameLite/GameData/ItemGeneratorPrototypes.cfg,shared helper,Corpus,Armor,GeneralNPC_Corpus_Armor,GeneralNPC_Corpus_Armor,[0],"{""SID"":""GeneralNPC_Corpus_Armor"",""SpecificRewardSound"":""EUISound::SystemNotificationNews""}",[1],BodyArmor,ERank::Veteran,,,{},[0],GeneralNPC_Corpus_Armor.ItemGenerator.[1].PossibleItems.[0],NPC_Heavy_Corps_Armor,,weight,1.0,,,,,,,,"{""ItemPrototypeSID"":""NPC_Heavy_Corps_Armor"",""Weight"":""1.0""}"
vanilla/Stalker2/Content/GameLite/GameData/ItemGeneratorPrototypes.cfg,shared helper,Corpus,Armor,GeneralNPC_Corpus_Armor,GeneralNPC_Corpus_Armor,[0],"{""SID"":""GeneralNPC_Corpus_Armor"",""SpecificRewardSound"":""EUISound::SystemNotificationNews""}",[1],BodyArmor,ERank::Veteran,,,{},[1],GeneralNPC_Corpus_Armor.ItemGenerator.[1].PossibleItems.[1],NPC_Heavy2_Coprs_Armor,,weight,1.0,,,,,,,,"{""ItemPrototypeSID"":""NPC_Heavy2_Coprs_Armor"",""Weight"":""1.0""}"
vanilla/Stalker2/Content/GameLite/GameData/ItemGeneratorPrototypes.cfg,shared helper,Corpus,Armor,GeneralNPC_Corpus_Armor,GeneralNPC_Corpus_Armor,[0],"{""SID"":""GeneralNPC_Corpus_Armor"",""SpecificRewardSound"":""EUISound::SystemNotificationNews""}",[1],BodyArmor,ERank::Veteran,,,{},[2],GeneralNPC_Corpus_Armor.ItemGenerator.[1].PossibleItems.[2],NPC_Heavy3_Corps_Armor,,weight,1.0,,,,,,,,"{""ItemPrototypeSID"":""NPC_Heavy3_Corps_Armor"",""Weight"":""1.0""}"
vanilla/Stalker2/Content/GameLite/GameData/ItemGeneratorPrototypes.cfg,shared helper,Corpus,Armor,GeneralNPC_Corpus_Armor,GeneralNPC_Corpus_Armor,[0],"{""SID"":""GeneralNPC_Corpus_Armor"",""SpecificRewardSound"":""EUISound::SystemNotificationNews""}",[2],BodyArmor,ERank::Master,,,{},[0],GeneralNPC_Corpus_Armor.ItemGenerator.[2].PossibleItems.[0],NPC_Heavy3Exoskeleton_Coprs_Armor,,weight,1.0,,,,,,,,"{""ItemPrototypeSID"":""NPC_Heavy3Exoskeleton_Coprs_Armor"",""Weight"":""1.0""}"
vanilla/Stalker2/Content/GameLite/GameData/ItemGeneratorPrototypes.cfg,shared helper,Corpus,Armor,GeneralNPC_Corpus_Armor,GeneralNPC_Corpus_Armor,[0],"{""SID"":""GeneralNPC_Corpus_Armor"",""SpecificRewardSound"":""EUISound::SystemNotificationNews""}",[2],BodyArmor,ERank::Master,,,{},[1],GeneralNPC_Corpus_Armor.ItemGenerator.[2].PossibleItems.[1],NPC_Exoskeleton_Coprs_Armor,,weight,5.0,,,,,,,,"{""ItemPrototypeSID"":""NPC_Exoskeleton_Coprs_Armor"",""Weight"":""5.0""}"
vanilla/Stalker2/Content/GameLite/GameData/ItemGeneratorPrototypes.cfg,shared helper,Corpus,Armor,GeneralNPC_Corpus_Armor,GeneralNPC_Corpus_Armor,[0],"{""SID"":""GeneralNPC_Corpus_Armor"",""SpecificRewardSound"":""EUISound::SystemNotificationNews""}",[2],BodyArmor,ERank::Master,,,{},[2],GeneralNPC_Corpus_Armor.ItemGenerator.[2].PossibleItems.[2],NPC_Heavy_Corps_Armor,,weight,1.0,,,,,,,,"{""ItemPrototypeSID"":""NPC_Heavy_Corps_Armor"",""Weight"":""1.0""}"
vanilla/Stalker2/Content/GameLite/GameData/ItemGeneratorPrototypes.cfg,shared helper,Corpus,Armor,GeneralNPC_Corpus_Armor,GeneralNPC_Corpus_Armor,[0],"{""SID"":""GeneralNPC_Corpus_Armor"",""SpecificRewardSound"":""EUISound::SystemNotificationNews""}",[2],BodyArmor,ERank::Master,,,{},[3],GeneralNPC_Corpus_Armor.ItemGenerator.[2].PossibleItems.[3],NPC_Heavy2_Coprs_Armor,,weight,1.0,,,,,,,,"{""ItemPrototypeSID"":""NPC_Heavy2_Coprs_Armor"",""Weight"":""1.0""}"
vanilla/Stalker2/Content/GameLite/GameData/ItemGeneratorPrototypes.cfg,shared helper,Corpus,Armor,GeneralNPC_Corpus_Armor,GeneralNPC_Corpus_Armor,[0],"{""SID"":""GeneralNPC_Corpus_Armor"",""SpecificRewardSound"":""EUISound::SystemNotificationNews""}",[2],BodyArmor,ERank::Master,,,{},[4],GeneralNPC_Corpus_Armor.ItemGenerator.[2].PossibleItems.[4],NPC_Heavy3_Corps_Armor,,weight,1.0,,,,,,,,"{""ItemPrototypeSID"":""NPC_Heavy3_Corps_Armor"",""Weight"":""1.0""}"
vanilla/Stalker2/Content/GameLite/GameData/ItemGeneratorPrototypes.cfg,shared helper,Corpus,Armor,GeneralNPC_Corpus_Armor,GeneralNPC_Corpus_Armor,[0],"{""SID"":""GeneralNPC_Corpus_Armor"",""SpecificRewardSound"":""EUISound::SystemNotificationNews""}",[3],Head,"ERank::Newbie, ERank::Experienced",,,{},[0],GeneralNPC_Corpus_Armor.ItemGenerator.[3].PossibleItems.[0],Light_Military_Helmet,,chance,,0.3,,,,,,,"{""ItemPrototypeSID"":""Light_Military_Helmet"",""Chance"":""0.3""}"
vanilla/Stalker2/Content/GameLite/GameData/ItemGeneratorPrototypes.cfg,shared helper,Corpus,Armor,GeneralNPC_Corpus_Armor,GeneralNPC_Corpus_Armor,[0],"{""SID"":""GeneralNPC_Corpus_Armor"",""SpecificRewardSound"":""EUISound::SystemNotificationNews""}",[4],Head,ERank::Veteran,,,{},[0],GeneralNPC_Corpus_Armor.ItemGenerator.[4].PossibleItems.[0],Heavy_Military_Helmet,,chance,,0.3,,,,,,,"{""ItemPrototypeSID"":""Heavy_Military_Helmet"",""Chance"":""0.3""}"
vanilla/Stalker2/Content/GameLite/GameData/ItemGeneratorPrototypes.cfg,ordinary role,Corpus,CloseCombat,GeneralNPC_Corpus_CloseCombat_ItemGenerator,GeneralNPC_Corpus_CloseCombat_ItemGenerator,[0],"{""SID"":""GeneralNPC_Corpus_CloseCombat_ItemGenerator"",""RefreshTime"":""1d"",""SpecificRewardSound"":""EUISound::SystemNotificationNews""}",[0],WeaponPrimary,"ERank::Newbie, ERank::Experienced, ERank::Veteran",,,{},[0],GeneralNPC_Corpus_CloseCombat_ItemGenerator.ItemGenerator.[0].PossibleItems.[0],GunSPSA_SG,,weight,1000,,,,0,5,0.25,0.5,"{""ItemPrototypeSID"":""GunSPSA_SG"",""Weight"":""1000"",""MinDurability"":""0.25"",""MaxDurability"":""0.5"",""AmmoMinCount"":""0"",""AmmoMaxCount"":""5""}"
vanilla/Stalker2/Content/GameLite/GameData/ItemGeneratorPrototypes.cfg,ordinary role,Corpus,CloseCombat,GeneralNPC_Corpus_CloseCombat_ItemGenerator,GeneralNPC_Corpus_CloseCombat_ItemGenerator,[0],"{""SID"":""GeneralNPC_Corpus_CloseCombat_ItemGenerator"",""RefreshTime"":""1d"",""SpecificRewardSound"":""EUISound::SystemNotificationNews""}",[0],WeaponPrimary,"ERank::Newbie, ERank::Experienced, ERank::Veteran",,,{},[1],GeneralNPC_Corpus_CloseCombat_ItemGenerator.ItemGenerator.[0].PossibleItems.[1],GunD12_SG,,weight,100,,,,0,5,0.25,0.5,"{""ItemPrototypeSID"":""GunD12_SG"",""Weight"":""100"",""MinDurability"":""0.25"",""MaxDurability"":""0.5"",""AmmoMinCount"":""0"",""AmmoMaxCount"":""5""}"
vanilla/Stalker2/Content/GameLite/GameData/ItemGeneratorPrototypes.cfg,ordinary role,Corpus,CloseCombat,GeneralNPC_Corpus_CloseCombat_ItemGenerator,GeneralNPC_Corpus_CloseCombat_ItemGenerator,[0],"{""SID"":""GeneralNPC_Corpus_CloseCombat_ItemGenerator"",""RefreshTime"":""1d"",""SpecificRewardSound"":""EUISound::SystemNotificationNews""}",[1],WeaponPrimary,ERank::Master,,,{},[0],GeneralNPC_Corpus_CloseCombat_ItemGenerator.ItemGenerator.[1].PossibleItems.[0],GunSPSA_SG,,weight,400,,,,0,5,0.25,0.5,"{""ItemPrototypeSID"":""GunSPSA_SG"",""Weight"":""400"",""MinDurability"":""0.25"",""MaxDurability"":""0.5"",""AmmoMinCount"":""0"",""AmmoMaxCount"":""5""}"
vanilla/Stalker2/Content/GameLite/GameData/ItemGeneratorPrototypes.cfg,ordinary role,Corpus,CloseCombat,GeneralNPC_Corpus_CloseCombat_ItemGenerator,GeneralNPC_Corpus_CloseCombat_ItemGenerator,[0],"{""SID"":""GeneralNPC_Corpus_CloseCombat_ItemGenerator"",""RefreshTime"":""1d"",""SpecificRewardSound"":""EUISound::SystemNotificationNews""}",[1],WeaponPrimary,ERank::Master,,,{},[1],GeneralNPC_Corpus_CloseCombat_ItemGenerator.ItemGenerator.[1].PossibleItems.[1],GunD12_SG,,weight,1000,,,,0,5,0.25,0.5,"{""ItemPrototypeSID"":""GunD12_SG"",""Weight"":""1000"",""MinDurability"":""0.25"",""MaxDurability"":""0.5"",""AmmoMinCount"":""0"",""AmmoMaxCount"":""5""}"
vanilla/Stalker2/Content/GameLite/GameData/ItemGeneratorPrototypes.cfg,ordinary role,Corpus,CloseCombat,GeneralNPC_Corpus_CloseCombat_ItemGenerator,GeneralNPC_Corpus_CloseCombat_ItemGenerator,[0],"{""SID"":""GeneralNPC_Corpus_CloseCombat_ItemGenerator"",""RefreshTime"":""1d"",""SpecificRewardSound"":""EUISound::SystemNotificationNews""}",[1],WeaponPrimary,ERank::Master,,,{},[2],GeneralNPC_Corpus_CloseCombat_ItemGenerator.ItemGenerator.[1].PossibleItems.[2],GunRam2_SG,,weight,100,,,,0,5,0.25,0.5,"{""ItemPrototypeSID"":""GunRam2_SG"",""Weight"":""100"",""MinDurability"":""0.25"",""MaxDurability"":""0.5"",""AmmoMinCount"":""0"",""AmmoMaxCount"":""5""}"
vanilla/Stalker2/Content/GameLite/GameData/ItemGeneratorPrototypes.cfg,ordinary role,Corpus,CloseCombat,GeneralNPC_Corpus_CloseCombat_ItemGenerator,GeneralNPC_Corpus_CloseCombat_ItemGenerator,[0],"{""SID"":""GeneralNPC_Corpus_CloseCombat_ItemGenerator"",""RefreshTime"":""1d"",""SpecificRewardSound"":""EUISound::SystemNotificationNews""}",[2],SubItemGenerator,,,,{},[0],GeneralNPC_Corpus_CloseCombat_ItemGenerator.ItemGenerator.[2].PossibleItems.[0],,GeneralNPC_Corpus_Armor,chance,,1,,,,,,,"{""ItemGeneratorPrototypeSID"":""GeneralNPC_Corpus_Armor"",""Chance"":""1""}"
vanilla/Stalker2/Content/GameLite/GameData/ItemGeneratorPrototypes.cfg,ordinary role,Corpus,CloseCombat,GeneralNPC_Corpus_CloseCombat_ItemGenerator,GeneralNPC_Corpus_CloseCombat_ItemGenerator,[0],"{""SID"":""GeneralNPC_Corpus_CloseCombat_ItemGenerator"",""RefreshTime"":""1d"",""SpecificRewardSound"":""EUISound::SystemNotificationNews""}",[2],SubItemGenerator,,,,{},[1],GeneralNPC_Corpus_CloseCombat_ItemGenerator.ItemGenerator.[2].PossibleItems.[1],,GeneralNPC_Corpus_WeaponPistol,chance,,0.3,,,,,,,"{""ItemGeneratorPrototypeSID"":""GeneralNPC_Corpus_WeaponPistol"",""Chance"":""0.3""}"
vanilla/Stalker2/Content/GameLite/GameData/ItemGeneratorPrototypes.cfg,ordinary role,Corpus,CloseCombat,GeneralNPC_Corpus_CloseCombat_ItemGenerator,GeneralNPC_Corpus_CloseCombat_ItemGenerator,[0],"{""SID"":""GeneralNPC_Corpus_CloseCombat_ItemGenerator"",""RefreshTime"":""1d"",""SpecificRewardSound"":""EUISound::SystemNotificationNews""}",[3],SubItemGenerator,,,,{},[0],GeneralNPC_Corpus_CloseCombat_ItemGenerator.ItemGenerator.[3].PossibleItems.[0],,GeneralNPC_Consumables_CloseCombat,weight,1,,,,,,,,"{""ItemGeneratorPrototypeSID"":""GeneralNPC_Consumables_CloseCombat"",""Weight"":""1""}"
vanilla/Stalker2/Content/GameLite/GameData/ItemGeneratorPrototypes.cfg,ordinary role,Corpus,CloseCombat,GeneralNPC_Corpus_CloseCombat_ItemGenerator,GeneralNPC_Corpus_CloseCombat_ItemGenerator,[0],"{""SID"":""GeneralNPC_Corpus_CloseCombat_ItemGenerator"",""RefreshTime"":""1d"",""SpecificRewardSound"":""EUISound::SystemNotificationNews""}",[4],Detector,,,,{},[0],GeneralNPC_Corpus_CloseCombat_ItemGenerator.ItemGenerator.[4].PossibleItems.[0],Echo,,chance,,0.05,1,,,,,,"{""ItemPrototypeSID"":""Echo"",""Chance"":""0.05"",""MinCount"":""1""}"
vanilla/Stalker2/Content/GameLite/GameData/ItemGeneratorPrototypes.cfg,ordinary role,Corpus,CloseCombat,GeneralNPC_Corpus_CloseCombat_ItemGenerator,GeneralNPC_Corpus_CloseCombat_ItemGenerator,[0],"{""SID"":""GeneralNPC_Corpus_CloseCombat_ItemGenerator"",""RefreshTime"":""1d"",""SpecificRewardSound"":""EUISound::SystemNotificationNews""}",[5],Artifact,,,,{},[0],GeneralNPC_Corpus_CloseCombat_ItemGenerator.ItemGenerator.[5].PossibleItems.[0],GrenadeRGD5,,chance,,0.2,1,1,,,,,"{""ItemPrototypeSID"":""GrenadeRGD5"",""Chance"":""0.2"",""MinCount"":""1"",""MaxCount"":""1""}"
vanilla/Stalker2/Content/GameLite/GameData/ItemGeneratorPrototypes.cfg,ordinary role,Corpus,CloseCombat,GeneralNPC_Corpus_CloseCombat_ItemGenerator,GeneralNPC_Corpus_CloseCombat_ItemGenerator,[0],"{""SID"":""GeneralNPC_Corpus_CloseCombat_ItemGenerator"",""RefreshTime"":""1d"",""SpecificRewardSound"":""EUISound::SystemNotificationNews""}",[6],SubItemGenerator,,,,{},[0],GeneralNPC_Corpus_CloseCombat_ItemGenerator.ItemGenerator.[6].PossibleItems.[0],,GeneralNPC_Corpus_NVG,chance,,1,,,,,,,"{""ItemGeneratorPrototypeSID"":""GeneralNPC_Corpus_NVG"",""Chance"":""1""}"
vanilla/Stalker2/Content/GameLite/GameData/ItemGeneratorPrototypes.cfg,ordinary role,Corpus,Recon,GeneralNPC_Corpus_Recon_ItemGenerator,GeneralNPC_Corpus_Recon_ItemGenerator,[0],"{""SID"":""GeneralNPC_Corpus_Recon_ItemGenerator"",""RefreshTime"":""1d"",""SpecificRewardSound"":""EUISound::SystemNotificationNews""}",[0],WeaponPrimary,"ERank::Newbie, ERank::Experienced, ERank::Veteran",,,{},[0],GeneralNPC_Corpus_Recon_ItemGenerator.ItemGenerator.[0].PossibleItems.[0],GunBucket_PP,,weight,1000,,,,0,7,0.25,0.5,"{""ItemPrototypeSID"":""GunBucket_PP"",""Weight"":""1000"",""MinDurability"":""0.25"",""MaxDurability"":""0.5"",""AmmoMinCount"":""0"",""AmmoMaxCount"":""7""}"
vanilla/Stalker2/Content/GameLite/GameData/ItemGeneratorPrototypes.cfg,ordinary role,Corpus,Recon,GeneralNPC_Corpus_Recon_ItemGenerator,GeneralNPC_Corpus_Recon_ItemGenerator,[0],"{""SID"":""GeneralNPC_Corpus_Recon_ItemGenerator"",""RefreshTime"":""1d"",""SpecificRewardSound"":""EUISound::SystemNotificationNews""}",[0],WeaponPrimary,"ERank::Newbie, ERank::Experienced, ERank::Veteran",,,{},[1],GeneralNPC_Corpus_Recon_ItemGenerator.ItemGenerator.[0].PossibleItems.[1],GunZubr_PP,,weight,100,,,,0,7,0.25,0.5,"{""ItemPrototypeSID"":""GunZubr_PP"",""Weight"":""100"",""MinDurability"":""0.25"",""MaxDurability"":""0.5"",""AmmoMinCount"":""0"",""AmmoMaxCount"":""7""}"
vanilla/Stalker2/Content/GameLite/GameData/ItemGeneratorPrototypes.cfg,ordinary role,Corpus,Recon,GeneralNPC_Corpus_Recon_ItemGenerator,GeneralNPC_Corpus_Recon_ItemGenerator,[0],"{""SID"":""GeneralNPC_Corpus_Recon_ItemGenerator"",""RefreshTime"":""1d"",""SpecificRewardSound"":""EUISound::SystemNotificationNews""}",[0],WeaponPrimary,"ERank::Newbie, ERank::Experienced, ERank::Veteran",,,{},[2],GeneralNPC_Corpus_Recon_ItemGenerator.ItemGenerator.[0].PossibleItems.[2],GunFora230_PP,,weight,1000,,,,0,7,0.25,0.5,"{""ItemPrototypeSID"":""GunFora230_PP"",""Weight"":""1000"",""MinDurability"":""0.25"",""MaxDurability"":""0.5"",""AmmoMinCount"":""0"",""AmmoMaxCount"":""7""}"
vanilla/Stalker2/Content/GameLite/GameData/ItemGeneratorPrototypes.cfg,ordinary role,Corpus,Recon,GeneralNPC_Corpus_Recon_ItemGenerator,GeneralNPC_Corpus_Recon_ItemGenerator,[0],"{""SID"":""GeneralNPC_Corpus_Recon_ItemGenerator"",""RefreshTime"":""1d"",""SpecificRewardSound"":""EUISound::SystemNotificationNews""}",[1],WeaponPrimary,ERank::Master,,,{},[0],GeneralNPC_Corpus_Recon_ItemGenerator.ItemGenerator.[1].PossibleItems.[0],GunBucket_PP,,weight,500,,,,0,7,0.25,0.5,"{""ItemPrototypeSID"":""GunBucket_PP"",""Weight"":""500"",""MinDurability"":""0.25"",""MaxDurability"":""0.5"",""AmmoMinCount"":""0"",""AmmoMaxCount"":""7""}"
vanilla/Stalker2/Content/GameLite/GameData/ItemGeneratorPrototypes.cfg,ordinary role,Corpus,Recon,GeneralNPC_Corpus_Recon_ItemGenerator,GeneralNPC_Corpus_Recon_ItemGenerator,[0],"{""SID"":""GeneralNPC_Corpus_Recon_ItemGenerator"",""RefreshTime"":""1d"",""SpecificRewardSound"":""EUISound::SystemNotificationNews""}",[1],WeaponPrimary,ERank::Master,,,{},[1],GeneralNPC_Corpus_Recon_ItemGenerator.ItemGenerator.[1].PossibleItems.[1],GunZubr_PP,,weight,1000,,,,0,7,0.25,0.5,"{""ItemPrototypeSID"":""GunZubr_PP"",""Weight"":""1000"",""MinDurability"":""0.25"",""MaxDurability"":""0.5"",""AmmoMinCount"":""0"",""AmmoMaxCount"":""7""}"
vanilla/Stalker2/Content/GameLite/GameData/ItemGeneratorPrototypes.cfg,ordinary role,Corpus,Recon,GeneralNPC_Corpus_Recon_ItemGenerator,GeneralNPC_Corpus_Recon_ItemGenerator,[0],"{""SID"":""GeneralNPC_Corpus_Recon_ItemGenerator"",""RefreshTime"":""1d"",""SpecificRewardSound"":""EUISound::SystemNotificationNews""}",[1],WeaponPrimary,ERank::Master,,,{},[2],GeneralNPC_Corpus_Recon_ItemGenerator.ItemGenerator.[1].PossibleItems.[2],GunFora230_PP,,weight,500,,,,0,7,0.25,0.5,"{""ItemPrototypeSID"":""GunFora230_PP"",""Weight"":""500"",""MinDurability"":""0.25"",""MaxDurability"":""0.5"",""AmmoMinCount"":""0"",""AmmoMaxCount"":""7""}"
vanilla/Stalker2/Content/GameLite/GameData/ItemGeneratorPrototypes.cfg,ordinary role,Corpus,Recon,GeneralNPC_Corpus_Recon_ItemGenerator,GeneralNPC_Corpus_Recon_ItemGenerator,[0],"{""SID"":""GeneralNPC_Corpus_Recon_ItemGenerator"",""RefreshTime"":""1d"",""SpecificRewardSound"":""EUISound::SystemNotificationNews""}",[2],SubItemGenerator,,,,{},[0],GeneralNPC_Corpus_Recon_ItemGenerator.ItemGenerator.[2].PossibleItems.[0],,GeneralNPC_Corpus_Armor,chance,,1,,,,,,,"{""ItemGeneratorPrototypeSID"":""GeneralNPC_Corpus_Armor"",""Chance"":""1""}"
vanilla/Stalker2/Content/GameLite/GameData/ItemGeneratorPrototypes.cfg,ordinary role,Corpus,Recon,GeneralNPC_Corpus_Recon_ItemGenerator,GeneralNPC_Corpus_Recon_ItemGenerator,[0],"{""SID"":""GeneralNPC_Corpus_Recon_ItemGenerator"",""RefreshTime"":""1d"",""SpecificRewardSound"":""EUISound::SystemNotificationNews""}",[2],SubItemGenerator,,,,{},[1],GeneralNPC_Corpus_Recon_ItemGenerator.ItemGenerator.[2].PossibleItems.[1],,GeneralNPC_Corpus_WeaponPistol,chance,,0.25,,,,,,,"{""ItemGeneratorPrototypeSID"":""GeneralNPC_Corpus_WeaponPistol"",""Chance"":""0.25""}"
vanilla/Stalker2/Content/GameLite/GameData/ItemGeneratorPrototypes.cfg,ordinary role,Corpus,Recon,GeneralNPC_Corpus_Recon_ItemGenerator,GeneralNPC_Corpus_Recon_ItemGenerator,[0],"{""SID"":""GeneralNPC_Corpus_Recon_ItemGenerator"",""RefreshTime"":""1d"",""SpecificRewardSound"":""EUISound::SystemNotificationNews""}",[3],SubItemGenerator,,,,{},[0],GeneralNPC_Corpus_Recon_ItemGenerator.ItemGenerator.[3].PossibleItems.[0],,GeneralNPC_Consumables_Recon,weight,1,,,,,,,,"{""ItemGeneratorPrototypeSID"":""GeneralNPC_Consumables_Recon"",""Weight"":""1""}"
vanilla/Stalker2/Content/GameLite/GameData/ItemGeneratorPrototypes.cfg,ordinary role,Corpus,Recon,GeneralNPC_Corpus_Recon_ItemGenerator,GeneralNPC_Corpus_Recon_ItemGenerator,[0],"{""SID"":""GeneralNPC_Corpus_Recon_ItemGenerator"",""RefreshTime"":""1d"",""SpecificRewardSound"":""EUISound::SystemNotificationNews""}",[4],Artifact,,,,{},[0],GeneralNPC_Corpus_Recon_ItemGenerator.ItemGenerator.[4].PossibleItems.[0],GrenadeRGD5,,chance,,0.2,1,1,,,,,"{""ItemPrototypeSID"":""GrenadeRGD5"",""Chance"":""0.2"",""MinCount"":""1"",""MaxCount"":""1""}"
vanilla/Stalker2/Content/GameLite/GameData/ItemGeneratorPrototypes.cfg,ordinary role,Corpus,Recon,GeneralNPC_Corpus_Recon_ItemGenerator,GeneralNPC_Corpus_Recon_ItemGenerator,[0],"{""SID"":""GeneralNPC_Corpus_Recon_ItemGenerator"",""RefreshTime"":""1d"",""SpecificRewardSound"":""EUISound::SystemNotificationNews""}",[5],Detector,,,,{},[0],GeneralNPC_Corpus_Recon_ItemGenerator.ItemGenerator.[5].PossibleItems.[0],Echo,,chance,,0.05,1,,,,,,"{""ItemPrototypeSID"":""Echo"",""Chance"":""0.05"",""MinCount"":""1""}"
vanilla/Stalker2/Content/GameLite/GameData/ItemGeneratorPrototypes.cfg,ordinary role,Corpus,Recon,GeneralNPC_Corpus_Recon_ItemGenerator,GeneralNPC_Corpus_Recon_ItemGenerator,[0],"{""SID"":""GeneralNPC_Corpus_Recon_ItemGenerator"",""RefreshTime"":""1d"",""SpecificRewardSound"":""EUISound::SystemNotificationNews""}",[6],SubItemGenerator,,,,{},[0],GeneralNPC_Corpus_Recon_ItemGenerator.ItemGenerator.[6].PossibleItems.[0],,GeneralNPC_Corpus_NVG,chance,,1,,,,,,,"{""ItemGeneratorPrototypeSID"":""GeneralNPC_Corpus_NVG"",""Chance"":""1""}"
vanilla/Stalker2/Content/GameLite/GameData/ItemGeneratorPrototypes.cfg,ordinary role,Corpus,Stormtrooper,GeneralNPC_Corpus_Stormtrooper_ItemGenerator,GeneralNPC_Corpus_Stormtrooper_ItemGenerator,[0],"{""SID"":""GeneralNPC_Corpus_Stormtrooper_ItemGenerator"",""RefreshTime"":""1d"",""SpecificRewardSound"":""EUISound::SystemNotificationNews""}",[0],WeaponPrimary,"ERank::Newbie, ERank::Experienced, ERank::Veteran",,,{},[0],GeneralNPC_Corpus_Stormtrooper_ItemGenerator.ItemGenerator.[0].PossibleItems.[0],GunGvintar_ST,,weight,1000,,,,0,5,0.25,0.5,"{""ItemPrototypeSID"":""GunGvintar_ST"",""Weight"":""1000"",""MinDurability"":""0.25"",""MaxDurability"":""0.5"",""AmmoMinCount"":""0"",""AmmoMaxCount"":""5""}"
vanilla/Stalker2/Content/GameLite/GameData/ItemGeneratorPrototypes.cfg,ordinary role,Corpus,Stormtrooper,GeneralNPC_Corpus_Stormtrooper_ItemGenerator,GeneralNPC_Corpus_Stormtrooper_ItemGenerator,[0],"{""SID"":""GeneralNPC_Corpus_Stormtrooper_ItemGenerator"",""RefreshTime"":""1d"",""SpecificRewardSound"":""EUISound::SystemNotificationNews""}",[0],WeaponPrimary,"ERank::Newbie, ERank::Experienced, ERank::Veteran",,,{},[1],GeneralNPC_Corpus_Stormtrooper_ItemGenerator.ItemGenerator.[0].PossibleItems.[1],GunGrim_ST,,weight,100,,,,0,5,0.25,0.5,"{""ItemPrototypeSID"":""GunGrim_ST"",""Weight"":""100"",""MinDurability"":""0.25"",""MaxDurability"":""0.5"",""AmmoMinCount"":""0"",""AmmoMaxCount"":""5""}"
vanilla/Stalker2/Content/GameLite/GameData/ItemGeneratorPrototypes.cfg,ordinary role,Corpus,Stormtrooper,GeneralNPC_Corpus_Stormtrooper_ItemGenerator,GeneralNPC_Corpus_Stormtrooper_ItemGenerator,[0],"{""SID"":""GeneralNPC_Corpus_Stormtrooper_ItemGenerator"",""RefreshTime"":""1d"",""SpecificRewardSound"":""EUISound::SystemNotificationNews""}",[1],WeaponPrimary,ERank::Master,,,{},[0],GeneralNPC_Corpus_Stormtrooper_ItemGenerator.ItemGenerator.[1].PossibleItems.[0],GunDnipro_ST,,weight,1000,,,,0,7,0.25,0.5,"{""ItemPrototypeSID"":""GunDnipro_ST"",""Weight"":""1000"",""MinDurability"":""0.25"",""MaxDurability"":""0.5"",""AmmoMinCount"":""0"",""AmmoMaxCount"":""7""}"
vanilla/Stalker2/Content/GameLite/GameData/ItemGeneratorPrototypes.cfg,ordinary role,Corpus,Stormtrooper,GeneralNPC_Corpus_Stormtrooper_ItemGenerator,GeneralNPC_Corpus_Stormtrooper_ItemGenerator,[0],"{""SID"":""GeneralNPC_Corpus_Stormtrooper_ItemGenerator"",""RefreshTime"":""1d"",""SpecificRewardSound"":""EUISound::SystemNotificationNews""}",[1],WeaponPrimary,ERank::Master,,,{},[1],GeneralNPC_Corpus_Stormtrooper_ItemGenerator.ItemGenerator.[1].PossibleItems.[1],GunGrim_ST,,weight,1000,,,,0,7,0.25,0.5,"{""ItemPrototypeSID"":""GunGrim_ST"",""Weight"":""1000"",""MinDurability"":""0.25"",""MaxDurability"":""0.5"",""AmmoMinCount"":""0"",""AmmoMaxCount"":""7""}"
vanilla/Stalker2/Content/GameLite/GameData/ItemGeneratorPrototypes.cfg,ordinary role,Corpus,Stormtrooper,GeneralNPC_Corpus_Stormtrooper_ItemGenerator,GeneralNPC_Corpus_Stormtrooper_ItemGenerator,[0],"{""SID"":""GeneralNPC_Corpus_Stormtrooper_ItemGenerator"",""RefreshTime"":""1d"",""SpecificRewardSound"":""EUISound::SystemNotificationNews""}",[1],WeaponPrimary,ERank::Master,,,{},[2],GeneralNPC_Corpus_Stormtrooper_ItemGenerator.ItemGenerator.[1].PossibleItems.[2],GunLavina_ST,,weight,1000,,,,0,7,0.25,0.5,"{""ItemPrototypeSID"":""GunLavina_ST"",""Weight"":""1000"",""MinDurability"":""0.25"",""MaxDurability"":""0.5"",""AmmoMinCount"":""0"",""AmmoMaxCount"":""7""}"
vanilla/Stalker2/Content/GameLite/GameData/ItemGeneratorPrototypes.cfg,ordinary role,Corpus,Stormtrooper,GeneralNPC_Corpus_Stormtrooper_ItemGenerator,GeneralNPC_Corpus_Stormtrooper_ItemGenerator,[0],"{""SID"":""GeneralNPC_Corpus_Stormtrooper_ItemGenerator"",""RefreshTime"":""1d"",""SpecificRewardSound"":""EUISound::SystemNotificationNews""}",[2],SubItemGenerator,,,,{},[0],GeneralNPC_Corpus_Stormtrooper_ItemGenerator.ItemGenerator.[2].PossibleItems.[0],,GeneralNPC_Corpus_Armor,chance,,1,,,,,,,"{""ItemGeneratorPrototypeSID"":""GeneralNPC_Corpus_Armor"",""Chance"":""1""}"
vanilla/Stalker2/Content/GameLite/GameData/ItemGeneratorPrototypes.cfg,ordinary role,Corpus,Stormtrooper,GeneralNPC_Corpus_Stormtrooper_ItemGenerator,GeneralNPC_Corpus_Stormtrooper_ItemGenerator,[0],"{""SID"":""GeneralNPC_Corpus_Stormtrooper_ItemGenerator"",""RefreshTime"":""1d"",""SpecificRewardSound"":""EUISound::SystemNotificationNews""}",[2],SubItemGenerator,,,,{},[1],GeneralNPC_Corpus_Stormtrooper_ItemGenerator.ItemGenerator.[2].PossibleItems.[1],,GeneralNPC_Corpus_WeaponPistol,chance,,0.4,,,,,,,"{""ItemGeneratorPrototypeSID"":""GeneralNPC_Corpus_WeaponPistol"",""Chance"":""0.4""}"
vanilla/Stalker2/Content/GameLite/GameData/ItemGeneratorPrototypes.cfg,ordinary role,Corpus,Stormtrooper,GeneralNPC_Corpus_Stormtrooper_ItemGenerator,GeneralNPC_Corpus_Stormtrooper_ItemGenerator,[0],"{""SID"":""GeneralNPC_Corpus_Stormtrooper_ItemGenerator"",""RefreshTime"":""1d"",""SpecificRewardSound"":""EUISound::SystemNotificationNews""}",[3],SubItemGenerator,,,,{},[0],GeneralNPC_Corpus_Stormtrooper_ItemGenerator.ItemGenerator.[3].PossibleItems.[0],,GeneralNPC_Consumables_Stormtrooper,weight,1,,,,,,,,"{""ItemGeneratorPrototypeSID"":""GeneralNPC_Consumables_Stormtrooper"",""Weight"":""1""}"
vanilla/Stalker2/Content/GameLite/GameData/ItemGeneratorPrototypes.cfg,ordinary role,Corpus,Stormtrooper,GeneralNPC_Corpus_Stormtrooper_ItemGenerator,GeneralNPC_Corpus_Stormtrooper_ItemGenerator,[0],"{""SID"":""GeneralNPC_Corpus_Stormtrooper_ItemGenerator"",""RefreshTime"":""1d"",""SpecificRewardSound"":""EUISound::SystemNotificationNews""}",[4],Artifact,,,,{},[0],GeneralNPC_Corpus_Stormtrooper_ItemGenerator.ItemGenerator.[4].PossibleItems.[0],GrenadeRGD5,,chance,,0.2,1,1,,,,,"{""ItemPrototypeSID"":""GrenadeRGD5"",""Chance"":""0.2"",""MinCount"":""1"",""MaxCount"":""1""}"
vanilla/Stalker2/Content/GameLite/GameData/ItemGeneratorPrototypes.cfg,ordinary role,Corpus,Stormtrooper,GeneralNPC_Corpus_Stormtrooper_ItemGenerator,GeneralNPC_Corpus_Stormtrooper_ItemGenerator,[0],"{""SID"":""GeneralNPC_Corpus_Stormtrooper_ItemGenerator"",""RefreshTime"":""1d"",""SpecificRewardSound"":""EUISound::SystemNotificationNews""}",[5],Detector,,,,{},[0],GeneralNPC_Corpus_Stormtrooper_ItemGenerator.ItemGenerator.[5].PossibleItems.[0],Echo,,chance,,0.05,1,,,,,,"{""ItemPrototypeSID"":""Echo"",""Chance"":""0.05"",""MinCount"":""1""}"
vanilla/Stalker2/Content/GameLite/GameData/ItemGeneratorPrototypes.cfg,ordinary role,Corpus,Stormtrooper,GeneralNPC_Corpus_Stormtrooper_ItemGenerator,GeneralNPC_Corpus_Stormtrooper_ItemGenerator,[0],"{""SID"":""GeneralNPC_Corpus_Stormtrooper_ItemGenerator"",""RefreshTime"":""1d"",""SpecificRewardSound"":""EUISound::SystemNotificationNews""}",[6],SubItemGenerator,,,,{},[0],GeneralNPC_Corpus_Stormtrooper_ItemGenerator.ItemGenerator.[6].PossibleItems.[0],,GeneralNPC_Corpus_NVG,chance,,1,,,,,,,"{""ItemGeneratorPrototypeSID"":""GeneralNPC_Corpus_NVG"",""Chance"":""1""}"
vanilla/Stalker2/Content/GameLite/GameData/ItemGeneratorPrototypes.cfg,ordinary role,Corpus,Sniper,GeneralNPC_Corpus_Sniper_ItemGenerator,GeneralNPC_Corpus_Sniper_ItemGenerator,[0],"{""SID"":""GeneralNPC_Corpus_Sniper_ItemGenerator"",""RefreshTime"":""1d"",""SpecificRewardSound"":""EUISound::SystemNotificationNews""}",[0],WeaponPrimary,"ERank::Newbie, ERank::Experienced, ERank::Veteran",,,{},[0],GeneralNPC_Corpus_Sniper_ItemGenerator.ItemGenerator.[0].PossibleItems.[0],GunM701_SP,,weight,1000,,,,0,5,0.25,0.5,"{""ItemPrototypeSID"":""GunM701_SP"",""Weight"":""1000"",""MinDurability"":""0.25"",""MaxDurability"":""0.5"",""AmmoMinCount"":""0"",""AmmoMaxCount"":""5""}"
vanilla/Stalker2/Content/GameLite/GameData/ItemGeneratorPrototypes.cfg,ordinary role,Corpus,Sniper,GeneralNPC_Corpus_Sniper_ItemGenerator,GeneralNPC_Corpus_Sniper_ItemGenerator,[0],"{""SID"":""GeneralNPC_Corpus_Sniper_ItemGenerator"",""RefreshTime"":""1d"",""SpecificRewardSound"":""EUISound::SystemNotificationNews""}",[1],WeaponPrimary,ERank::Master,,,{},[0],GeneralNPC_Corpus_Sniper_ItemGenerator.ItemGenerator.[1].PossibleItems.[0],GunSVU_SP,,weight,1000,,,,3,5,0.25,0.5,"{""ItemPrototypeSID"":""GunSVU_SP"",""Weight"":""1000"",""MinDurability"":""0.25"",""MaxDurability"":""0.5"",""AmmoMinCount"":""3"",""AmmoMaxCount"":""5""}"
vanilla/Stalker2/Content/GameLite/GameData/ItemGeneratorPrototypes.cfg,ordinary role,Corpus,Sniper,GeneralNPC_Corpus_Sniper_ItemGenerator,GeneralNPC_Corpus_Sniper_ItemGenerator,[0],"{""SID"":""GeneralNPC_Corpus_Sniper_ItemGenerator"",""RefreshTime"":""1d"",""SpecificRewardSound"":""EUISound::SystemNotificationNews""}",[1],WeaponPrimary,ERank::Master,,,{},[1],GeneralNPC_Corpus_Sniper_ItemGenerator.ItemGenerator.[1].PossibleItems.[1],GunGP3A_DMR,,weight,1000,,,,3,5,0.25,0.5,"{""ItemPrototypeSID"":""GunGP3A_DMR"",""Weight"":""1000"",""MinDurability"":""0.25"",""MaxDurability"":""0.5"",""AmmoMinCount"":""3"",""AmmoMaxCount"":""5""}"
vanilla/Stalker2/Content/GameLite/GameData/ItemGeneratorPrototypes.cfg,ordinary role,Corpus,Sniper,GeneralNPC_Corpus_Sniper_ItemGenerator,GeneralNPC_Corpus_Sniper_ItemGenerator,[0],"{""SID"":""GeneralNPC_Corpus_Sniper_ItemGenerator"",""RefreshTime"":""1d"",""SpecificRewardSound"":""EUISound::SystemNotificationNews""}",[2],SubItemGenerator,,,,{},[0],GeneralNPC_Corpus_Sniper_ItemGenerator.ItemGenerator.[2].PossibleItems.[0],,GeneralNPC_Corpus_Armor,chance,,1,,,,,,,"{""ItemGeneratorPrototypeSID"":""GeneralNPC_Corpus_Armor"",""Chance"":""1""}"
vanilla/Stalker2/Content/GameLite/GameData/ItemGeneratorPrototypes.cfg,ordinary role,Corpus,Sniper,GeneralNPC_Corpus_Sniper_ItemGenerator,GeneralNPC_Corpus_Sniper_ItemGenerator,[0],"{""SID"":""GeneralNPC_Corpus_Sniper_ItemGenerator"",""RefreshTime"":""1d"",""SpecificRewardSound"":""EUISound::SystemNotificationNews""}",[2],SubItemGenerator,,,,{},[1],GeneralNPC_Corpus_Sniper_ItemGenerator.ItemGenerator.[2].PossibleItems.[1],,GeneralNPC_Corpus_WeaponPistol,chance,,0.5,,,,,,,"{""ItemGeneratorPrototypeSID"":""GeneralNPC_Corpus_WeaponPistol"",""Chance"":""0.5""}"
vanilla/Stalker2/Content/GameLite/GameData/ItemGeneratorPrototypes.cfg,ordinary role,Corpus,Sniper,GeneralNPC_Corpus_Sniper_ItemGenerator,GeneralNPC_Corpus_Sniper_ItemGenerator,[0],"{""SID"":""GeneralNPC_Corpus_Sniper_ItemGenerator"",""RefreshTime"":""1d"",""SpecificRewardSound"":""EUISound::SystemNotificationNews""}",[3],SubItemGenerator,,,,{},[0],GeneralNPC_Corpus_Sniper_ItemGenerator.ItemGenerator.[3].PossibleItems.[0],,GeneralNPC_Consumables_Sniper,weight,1,,,,,,,,"{""ItemGeneratorPrototypeSID"":""GeneralNPC_Consumables_Sniper"",""Weight"":""1""}"
vanilla/Stalker2/Content/GameLite/GameData/ItemGeneratorPrototypes.cfg,ordinary role,Corpus,Sniper,GeneralNPC_Corpus_Sniper_ItemGenerator,GeneralNPC_Corpus_Sniper_ItemGenerator,[0],"{""SID"":""GeneralNPC_Corpus_Sniper_ItemGenerator"",""RefreshTime"":""1d"",""SpecificRewardSound"":""EUISound::SystemNotificationNews""}",[4],Detector,,,,{},[0],GeneralNPC_Corpus_Sniper_ItemGenerator.ItemGenerator.[4].PossibleItems.[0],Echo,,chance,,0.05,1,,,,,,"{""ItemPrototypeSID"":""Echo"",""Chance"":""0.05"",""MinCount"":""1""}"
vanilla/Stalker2/Content/GameLite/GameData/ItemGeneratorPrototypes.cfg,ordinary role,Corpus,Sniper,GeneralNPC_Corpus_Sniper_ItemGenerator,GeneralNPC_Corpus_Sniper_ItemGenerator,[0],"{""SID"":""GeneralNPC_Corpus_Sniper_ItemGenerator"",""RefreshTime"":""1d"",""SpecificRewardSound"":""EUISound::SystemNotificationNews""}",[5],Artifact,,,,{},[0],GeneralNPC_Corpus_Sniper_ItemGenerator.ItemGenerator.[5].PossibleItems.[0],GrenadeF1,,chance,,0.2,1,1,,,,,"{""ItemPrototypeSID"":""GrenadeF1"",""Chance"":""0.2"",""MinCount"":""1"",""MaxCount"":""1""}"
vanilla/Stalker2/Content/GameLite/GameData/ItemGeneratorPrototypes.cfg,ordinary role,Corpus,Sniper,GeneralNPC_Corpus_Sniper_ItemGenerator,GeneralNPC_Corpus_Sniper_ItemGenerator,[0],"{""SID"":""GeneralNPC_Corpus_Sniper_ItemGenerator"",""RefreshTime"":""1d"",""SpecificRewardSound"":""EUISound::SystemNotificationNews""}",[6],SubItemGenerator,,,,{},[0],GeneralNPC_Corpus_Sniper_ItemGenerator.ItemGenerator.[6].PossibleItems.[0],,GeneralNPC_Corpus_NVG,chance,,1,,,,,,,"{""ItemGeneratorPrototypeSID"":""GeneralNPC_Corpus_NVG"",""Chance"":""1""}"
vanilla/Stalker2/Content/GameLite/GameData/ItemGeneratorPrototypes.cfg,ordinary role,Corpus,Heavy,GeneralNPC_Corpus_Heavy_ItemGenerator,GeneralNPC_Corpus_Heavy_ItemGenerator,[0],"{""SID"":""GeneralNPC_Corpus_Heavy_ItemGenerator"",""RefreshTime"":""1d"",""SpecificRewardSound"":""EUISound::SystemNotificationNews""}",[0],WeaponPrimary,"ERank::Newbie, ERank::Experienced",,,{},[0],GeneralNPC_Corpus_Heavy_ItemGenerator.ItemGenerator.[0].PossibleItems.[0],GunGvintar_ST,,weight,1000,,,,0,5,0.25,0.5,"{""ItemPrototypeSID"":""GunGvintar_ST"",""Weight"":""1000"",""MinDurability"":""0.25"",""MaxDurability"":""0.5"",""AmmoMinCount"":""0"",""AmmoMaxCount"":""5""}"
vanilla/Stalker2/Content/GameLite/GameData/ItemGeneratorPrototypes.cfg,ordinary role,Corpus,Heavy,GeneralNPC_Corpus_Heavy_ItemGenerator,GeneralNPC_Corpus_Heavy_ItemGenerator,[0],"{""SID"":""GeneralNPC_Corpus_Heavy_ItemGenerator"",""RefreshTime"":""1d"",""SpecificRewardSound"":""EUISound::SystemNotificationNews""}",[0],WeaponPrimary,"ERank::Newbie, ERank::Experienced",,,{},[1],GeneralNPC_Corpus_Heavy_ItemGenerator.ItemGenerator.[0].PossibleItems.[1],GunGrim_ST,,weight,100,,,,0,5,0.25,0.5,"{""ItemPrototypeSID"":""GunGrim_ST"",""Weight"":""100"",""MinDurability"":""0.25"",""MaxDurability"":""0.5"",""AmmoMinCount"":""0"",""AmmoMaxCount"":""5""}"
vanilla/Stalker2/Content/GameLite/GameData/ItemGeneratorPrototypes.cfg,ordinary role,Corpus,Heavy,GeneralNPC_Corpus_Heavy_ItemGenerator,GeneralNPC_Corpus_Heavy_ItemGenerator,[0],"{""SID"":""GeneralNPC_Corpus_Heavy_ItemGenerator"",""RefreshTime"":""1d"",""SpecificRewardSound"":""EUISound::SystemNotificationNews""}",[1],WeaponPrimary,"ERank::Veteran, ERank::Master",,,{},[0],GeneralNPC_Corpus_Heavy_ItemGenerator.ItemGenerator.[1].PossibleItems.[0],GunPKP_MG,,weight,1000,,,,0,20,0.25,0.5,"{""ItemPrototypeSID"":""GunPKP_MG"",""Weight"":""1000"",""MinDurability"":""0.25"",""MaxDurability"":""0.5"",""AmmoMinCount"":""0"",""AmmoMaxCount"":""20""}"
vanilla/Stalker2/Content/GameLite/GameData/ItemGeneratorPrototypes.cfg,ordinary role,Corpus,Heavy,GeneralNPC_Corpus_Heavy_ItemGenerator,GeneralNPC_Corpus_Heavy_ItemGenerator,[0],"{""SID"":""GeneralNPC_Corpus_Heavy_ItemGenerator"",""RefreshTime"":""1d"",""SpecificRewardSound"":""EUISound::SystemNotificationNews""}",[2],SubItemGenerator,,,,{},[0],GeneralNPC_Corpus_Heavy_ItemGenerator.ItemGenerator.[2].PossibleItems.[0],,GeneralNPC_Corpus_Armor,chance,,1,,,,,,,"{""ItemGeneratorPrototypeSID"":""GeneralNPC_Corpus_Armor"",""Chance"":""1""}"
vanilla/Stalker2/Content/GameLite/GameData/ItemGeneratorPrototypes.cfg,ordinary role,Corpus,Heavy,GeneralNPC_Corpus_Heavy_ItemGenerator,GeneralNPC_Corpus_Heavy_ItemGenerator,[0],"{""SID"":""GeneralNPC_Corpus_Heavy_ItemGenerator"",""RefreshTime"":""1d"",""SpecificRewardSound"":""EUISound::SystemNotificationNews""}",[2],SubItemGenerator,,,,{},[1],GeneralNPC_Corpus_Heavy_ItemGenerator.ItemGenerator.[2].PossibleItems.[1],,GeneralNPC_Corpus_WeaponPistol,chance,,0.15,,,,,,,"{""ItemGeneratorPrototypeSID"":""GeneralNPC_Corpus_WeaponPistol"",""Chance"":""0.15""}"
vanilla/Stalker2/Content/GameLite/GameData/ItemGeneratorPrototypes.cfg,ordinary role,Corpus,Heavy,GeneralNPC_Corpus_Heavy_ItemGenerator,GeneralNPC_Corpus_Heavy_ItemGenerator,[0],"{""SID"":""GeneralNPC_Corpus_Heavy_ItemGenerator"",""RefreshTime"":""1d"",""SpecificRewardSound"":""EUISound::SystemNotificationNews""}",[3],SubItemGenerator,,,,{},[0],GeneralNPC_Corpus_Heavy_ItemGenerator.ItemGenerator.[3].PossibleItems.[0],,GeneralNPC_Consumables_Heavy,weight,1,,,,,,,,"{""ItemGeneratorPrototypeSID"":""GeneralNPC_Consumables_Heavy"",""Weight"":""1""}"
vanilla/Stalker2/Content/GameLite/GameData/ItemGeneratorPrototypes.cfg,ordinary role,Corpus,Heavy,GeneralNPC_Corpus_Heavy_ItemGenerator,GeneralNPC_Corpus_Heavy_ItemGenerator,[0],"{""SID"":""GeneralNPC_Corpus_Heavy_ItemGenerator"",""RefreshTime"":""1d"",""SpecificRewardSound"":""EUISound::SystemNotificationNews""}",[4],Detector,,,,{},[0],GeneralNPC_Corpus_Heavy_ItemGenerator.ItemGenerator.[4].PossibleItems.[0],Echo,,chance,,0.05,1,,,,,,"{""ItemPrototypeSID"":""Echo"",""Chance"":""0.05"",""MinCount"":""1""}"
vanilla/Stalker2/Content/GameLite/GameData/ItemGeneratorPrototypes.cfg,ordinary role,Corpus,Heavy,GeneralNPC_Corpus_Heavy_ItemGenerator,GeneralNPC_Corpus_Heavy_ItemGenerator,[0],"{""SID"":""GeneralNPC_Corpus_Heavy_ItemGenerator"",""RefreshTime"":""1d"",""SpecificRewardSound"":""EUISound::SystemNotificationNews""}",[5],Artifact,,,,{},[0],GeneralNPC_Corpus_Heavy_ItemGenerator.ItemGenerator.[5].PossibleItems.[0],GrenadeRGD5,,chance,,0.2,1,1,,,,,"{""ItemPrototypeSID"":""GrenadeRGD5"",""Chance"":""0.2"",""MinCount"":""1"",""MaxCount"":""1""}"
vanilla/Stalker2/Content/GameLite/GameData/ItemGeneratorPrototypes.cfg,ordinary role,Corpus,Heavy,GeneralNPC_Corpus_Heavy_ItemGenerator,GeneralNPC_Corpus_Heavy_ItemGenerator,[0],"{""SID"":""GeneralNPC_Corpus_Heavy_ItemGenerator"",""RefreshTime"":""1d"",""SpecificRewardSound"":""EUISound::SystemNotificationNews""}",[6],SubItemGenerator,,,,{},[0],GeneralNPC_Corpus_Heavy_ItemGenerator.ItemGenerator.[6].PossibleItems.[0],,GeneralNPC_Corpus_NVG,chance,,1,,,,,,,"{""ItemGeneratorPrototypeSID"":""GeneralNPC_Corpus_NVG"",""Chance"":""1""}"
vanilla/Stalker2/Content/GameLite/GameData/ItemGeneratorPrototypes.cfg,shared helper,Neutral,WeaponPistol,GeneralNPC_Neutral_WeaponPistol,GeneralNPC_Neutral_WeaponPistol,[0],"{""SID"":""GeneralNPC_Neutral_WeaponPistol"",""SpecificRewardSound"":""EUISound::SystemNotificationNews""}",[0],WeaponPistol,ERank::Newbie,,,{},[0],GeneralNPC_Neutral_WeaponPistol.ItemGenerator.[0].PossibleItems.[0],GunPM_HG,,weight,1,,,,0,3,0.25,0.5,"{""ItemPrototypeSID"":""GunPM_HG"",""Weight"":""1"",""MinDurability"":""0.25"",""MaxDurability"":""0.5"",""AmmoMinCount"":""0"",""AmmoMaxCount"":""3""}"
vanilla/Stalker2/Content/GameLite/GameData/ItemGeneratorPrototypes.cfg,shared helper,Neutral,WeaponPistol,GeneralNPC_Neutral_WeaponPistol,GeneralNPC_Neutral_WeaponPistol,[0],"{""SID"":""GeneralNPC_Neutral_WeaponPistol"",""SpecificRewardSound"":""EUISound::SystemNotificationNews""}",[1],WeaponPistol,ERank::Experienced,,,{},[0],GeneralNPC_Neutral_WeaponPistol.ItemGenerator.[1].PossibleItems.[0],GunPM_HG,,weight,1,,,,0,7,0.25,0.5,"{""ItemPrototypeSID"":""GunPM_HG"",""Weight"":""1"",""MinDurability"":""0.25"",""MaxDurability"":""0.5"",""AmmoMinCount"":""0"",""AmmoMaxCount"":""7""}"
vanilla/Stalker2/Content/GameLite/GameData/ItemGeneratorPrototypes.cfg,shared helper,Neutral,WeaponPistol,GeneralNPC_Neutral_WeaponPistol,GeneralNPC_Neutral_WeaponPistol,[0],"{""SID"":""GeneralNPC_Neutral_WeaponPistol"",""SpecificRewardSound"":""EUISound::SystemNotificationNews""}",[1],WeaponPistol,ERank::Experienced,,,{},[1],GeneralNPC_Neutral_WeaponPistol.ItemGenerator.[1].PossibleItems.[1],GunUDP_HG,,weight,1,,,,0,7,0.25,0.5,"{""ItemPrototypeSID"":""GunUDP_HG"",""Weight"":""1"",""MinDurability"":""0.25"",""MaxDurability"":""0.5"",""AmmoMinCount"":""0"",""AmmoMaxCount"":""7""}"
vanilla/Stalker2/Content/GameLite/GameData/ItemGeneratorPrototypes.cfg,shared helper,Neutral,WeaponPistol,GeneralNPC_Neutral_WeaponPistol,GeneralNPC_Neutral_WeaponPistol,[0],"{""SID"":""GeneralNPC_Neutral_WeaponPistol"",""SpecificRewardSound"":""EUISound::SystemNotificationNews""}",[1],WeaponPistol,ERank::Experienced,,,{},[2],GeneralNPC_Neutral_WeaponPistol.ItemGenerator.[1].PossibleItems.[2],GunM10_HG,,weight,0.1,,,,0,7,0.25,0.5,"{""ItemPrototypeSID"":""GunM10_HG"",""Weight"":""0.1"",""MinDurability"":""0.25"",""MaxDurability"":""0.5"",""AmmoMinCount"":""0"",""AmmoMaxCount"":""7""}"
vanilla/Stalker2/Content/GameLite/GameData/ItemGeneratorPrototypes.cfg,shared helper,Neutral,WeaponPistol,GeneralNPC_Neutral_WeaponPistol,GeneralNPC_Neutral_WeaponPistol,[0],"{""SID"":""GeneralNPC_Neutral_WeaponPistol"",""SpecificRewardSound"":""EUISound::SystemNotificationNews""}",[1],WeaponPistol,ERank::Experienced,,,{},[3],GeneralNPC_Neutral_WeaponPistol.ItemGenerator.[1].PossibleItems.[3],GunKora_HG,,weight,0.1,,,,0,7,0.25,0.5,"{""ItemPrototypeSID"":""GunKora_HG"",""Weight"":""0.1"",""MinDurability"":""0.25"",""MaxDurability"":""0.5"",""AmmoMinCount"":""0"",""AmmoMaxCount"":""7""}"
vanilla/Stalker2/Content/GameLite/GameData/ItemGeneratorPrototypes.cfg,shared helper,Neutral,WeaponPistol,GeneralNPC_Neutral_WeaponPistol,GeneralNPC_Neutral_WeaponPistol,[0],"{""SID"":""GeneralNPC_Neutral_WeaponPistol"",""SpecificRewardSound"":""EUISound::SystemNotificationNews""}",[2],WeaponPistol,ERank::Veteran,,,{},[0],GeneralNPC_Neutral_WeaponPistol.ItemGenerator.[2].PossibleItems.[0],GunPM_HG,,weight,0.5,,,,0,7,0.25,0.5,"{""ItemPrototypeSID"":""GunPM_HG"",""Weight"":""0.5"",""MinDurability"":""0.25"",""MaxDurability"":""0.5"",""AmmoMinCount"":""0"",""AmmoMaxCount"":""7""}"
vanilla/Stalker2/Content/GameLite/GameData/ItemGeneratorPrototypes.cfg,shared helper,Neutral,WeaponPistol,GeneralNPC_Neutral_WeaponPistol,GeneralNPC_Neutral_WeaponPistol,[0],"{""SID"":""GeneralNPC_Neutral_WeaponPistol"",""SpecificRewardSound"":""EUISound::SystemNotificationNews""}",[2],WeaponPistol,ERank::Veteran,,,{},[1],GeneralNPC_Neutral_WeaponPistol.ItemGenerator.[2].PossibleItems.[1],GunUDP_HG,,weight,1,,,,0,7,0.25,0.5,"{""ItemPrototypeSID"":""GunUDP_HG"",""Weight"":""1"",""MinDurability"":""0.25"",""MaxDurability"":""0.5"",""AmmoMinCount"":""0"",""AmmoMaxCount"":""7""}"
vanilla/Stalker2/Content/GameLite/GameData/ItemGeneratorPrototypes.cfg,shared helper,Neutral,WeaponPistol,GeneralNPC_Neutral_WeaponPistol,GeneralNPC_Neutral_WeaponPistol,[0],"{""SID"":""GeneralNPC_Neutral_WeaponPistol"",""SpecificRewardSound"":""EUISound::SystemNotificationNews""}",[2],WeaponPistol,ERank::Veteran,,,{},[2],GeneralNPC_Neutral_WeaponPistol.ItemGenerator.[2].PossibleItems.[2],GunM10_HG,,weight,1,,,,0,7,0.25,0.5,"{""ItemPrototypeSID"":""GunM10_HG"",""Weight"":""1"",""MinDurability"":""0.25"",""MaxDurability"":""0.5"",""AmmoMinCount"":""0"",""AmmoMaxCount"":""7""}"
vanilla/Stalker2/Content/GameLite/GameData/ItemGeneratorPrototypes.cfg,shared helper,Neutral,WeaponPistol,GeneralNPC_Neutral_WeaponPistol,GeneralNPC_Neutral_WeaponPistol,[0],"{""SID"":""GeneralNPC_Neutral_WeaponPistol"",""SpecificRewardSound"":""EUISound::SystemNotificationNews""}",[2],WeaponPistol,ERank::Veteran,,,{},[3],GeneralNPC_Neutral_WeaponPistol.ItemGenerator.[2].PossibleItems.[3],GunKora_HG,,weight,1,,,,0,7,0.25,0.5,"{""ItemPrototypeSID"":""GunKora_HG"",""Weight"":""1"",""MinDurability"":""0.25"",""MaxDurability"":""0.5"",""AmmoMinCount"":""0"",""AmmoMaxCount"":""7""}"
vanilla/Stalker2/Content/GameLite/GameData/ItemGeneratorPrototypes.cfg,shared helper,Neutral,WeaponPistol,GeneralNPC_Neutral_WeaponPistol,GeneralNPC_Neutral_WeaponPistol,[0],"{""SID"":""GeneralNPC_Neutral_WeaponPistol"",""SpecificRewardSound"":""EUISound::SystemNotificationNews""}",[3],WeaponPistol,ERank::Master,,,{},[0],GeneralNPC_Neutral_WeaponPistol.ItemGenerator.[3].PossibleItems.[0],GunPM_HG,,weight,0.5,,,,0,7,0.25,0.5,"{""ItemPrototypeSID"":""GunPM_HG"",""Weight"":""0.5"",""MinDurability"":""0.25"",""MaxDurability"":""0.5"",""AmmoMinCount"":""0"",""AmmoMaxCount"":""7""}"
vanilla/Stalker2/Content/GameLite/GameData/ItemGeneratorPrototypes.cfg,shared helper,Neutral,WeaponPistol,GeneralNPC_Neutral_WeaponPistol,GeneralNPC_Neutral_WeaponPistol,[0],"{""SID"":""GeneralNPC_Neutral_WeaponPistol"",""SpecificRewardSound"":""EUISound::SystemNotificationNews""}",[3],WeaponPistol,ERank::Master,,,{},[1],GeneralNPC_Neutral_WeaponPistol.ItemGenerator.[3].PossibleItems.[1],GunUDP_HG,,weight,1,,,,0,7,0.25,0.5,"{""ItemPrototypeSID"":""GunUDP_HG"",""Weight"":""1"",""MinDurability"":""0.25"",""MaxDurability"":""0.5"",""AmmoMinCount"":""0"",""AmmoMaxCount"":""7""}"
vanilla/Stalker2/Content/GameLite/GameData/ItemGeneratorPrototypes.cfg,shared helper,Neutral,WeaponPistol,GeneralNPC_Neutral_WeaponPistol,GeneralNPC_Neutral_WeaponPistol,[0],"{""SID"":""GeneralNPC_Neutral_WeaponPistol"",""SpecificRewardSound"":""EUISound::SystemNotificationNews""}",[3],WeaponPistol,ERank::Master,,,{},[2],GeneralNPC_Neutral_WeaponPistol.ItemGenerator.[3].PossibleItems.[2],GunM10_HG,,weight,1,,,,0,7,0.25,0.5,"{""ItemPrototypeSID"":""GunM10_HG"",""Weight"":""1"",""MinDurability"":""0.25"",""MaxDurability"":""0.5"",""AmmoMinCount"":""0"",""AmmoMaxCount"":""7""}"
vanilla/Stalker2/Content/GameLite/GameData/ItemGeneratorPrototypes.cfg,shared helper,Neutral,WeaponPistol,GeneralNPC_Neutral_WeaponPistol,GeneralNPC_Neutral_WeaponPistol,[0],"{""SID"":""GeneralNPC_Neutral_WeaponPistol"",""SpecificRewardSound"":""EUISound::SystemNotificationNews""}",[3],WeaponPistol,ERank::Master,,,{},[3],GeneralNPC_Neutral_WeaponPistol.ItemGenerator.[3].PossibleItems.[3],GunAPB_HG,,weight,0.1,,,,0,7,0.25,0.5,"{""ItemPrototypeSID"":""GunAPB_HG"",""Weight"":""0.1"",""MinDurability"":""0.25"",""MaxDurability"":""0.5"",""AmmoMinCount"":""0"",""AmmoMaxCount"":""7""}"
vanilla/Stalker2/Content/GameLite/GameData/ItemGeneratorPrototypes.cfg,shared helper,Neutral,WeaponPistol,GeneralNPC_Neutral_WeaponPistol,GeneralNPC_Neutral_WeaponPistol,[0],"{""SID"":""GeneralNPC_Neutral_WeaponPistol"",""SpecificRewardSound"":""EUISound::SystemNotificationNews""}",[3],WeaponPistol,ERank::Master,,,{},[4],GeneralNPC_Neutral_WeaponPistol.ItemGenerator.[3].PossibleItems.[4],GunKora_HG,,weight,1,,,,0,7,0.25,0.5,"{""ItemPrototypeSID"":""GunKora_HG"",""Weight"":""1"",""MinDurability"":""0.25"",""MaxDurability"":""0.5"",""AmmoMinCount"":""0"",""AmmoMaxCount"":""7""}"
vanilla/Stalker2/Content/GameLite/GameData/ItemGeneratorPrototypes.cfg,shared helper,Bandit,WeaponPistol,GeneralNPC_Bandit_WeaponPistol,GeneralNPC_Bandit_WeaponPistol,[0],"{""SID"":""GeneralNPC_Bandit_WeaponPistol"",""SpecificRewardSound"":""EUISound::SystemNotificationNews""}",[0],WeaponPistol,ERank::Newbie,,,{},[0],GeneralNPC_Bandit_WeaponPistol.ItemGenerator.[0].PossibleItems.[0],GunPM_HG,,weight,1,,,,0,3,0.25,0.5,"{""ItemPrototypeSID"":""GunPM_HG"",""Weight"":""1"",""MinDurability"":""0.25"",""MaxDurability"":""0.5"",""AmmoMinCount"":""0"",""AmmoMaxCount"":""3""}"
vanilla/Stalker2/Content/GameLite/GameData/ItemGeneratorPrototypes.cfg,shared helper,Bandit,WeaponPistol,GeneralNPC_Bandit_WeaponPistol,GeneralNPC_Bandit_WeaponPistol,[0],"{""SID"":""GeneralNPC_Bandit_WeaponPistol"",""SpecificRewardSound"":""EUISound::SystemNotificationNews""}",[1],WeaponPistol,ERank::Experienced,,,{},[0],GeneralNPC_Bandit_WeaponPistol.ItemGenerator.[1].PossibleItems.[0],GunPM_HG,,weight,1,,,,0,7,0.25,0.5,"{""ItemPrototypeSID"":""GunPM_HG"",""Weight"":""1"",""MinDurability"":""0.25"",""MaxDurability"":""0.5"",""AmmoMinCount"":""0"",""AmmoMaxCount"":""7""}"
vanilla/Stalker2/Content/GameLite/GameData/ItemGeneratorPrototypes.cfg,shared helper,Bandit,WeaponPistol,GeneralNPC_Bandit_WeaponPistol,GeneralNPC_Bandit_WeaponPistol,[0],"{""SID"":""GeneralNPC_Bandit_WeaponPistol"",""SpecificRewardSound"":""EUISound::SystemNotificationNews""}",[2],WeaponPistol,"ERank::Veteran, Master",,,{},[0],GeneralNPC_Bandit_WeaponPistol.ItemGenerator.[2].PossibleItems.[0],GunPM_HG,,weight,1,,,,0,7,0.25,0.5,"{""ItemPrototypeSID"":""GunPM_HG"",""Weight"":""1"",""MinDurability"":""0.25"",""MaxDurability"":""0.5"",""AmmoMinCount"":""0"",""AmmoMaxCount"":""7""}"
vanilla/Stalker2/Content/GameLite/GameData/ItemGeneratorPrototypes.cfg,shared helper,Mercenaries,WeaponPistol,GeneralNPC_Mercenaries_WeaponPistol,GeneralNPC_Mercenaries_WeaponPistol,[0],"{""SID"":""GeneralNPC_Mercenaries_WeaponPistol"",""SpecificRewardSound"":""EUISound::SystemNotificationNews""}",[0],WeaponPistol,ERank::Newbie,,,{},[0],GeneralNPC_Mercenaries_WeaponPistol.ItemGenerator.[0].PossibleItems.[0],GunUDP_HG,,weight,1,,,,0,3,0.25,0.5,"{""ItemPrototypeSID"":""GunUDP_HG"",""Weight"":""1"",""MinDurability"":""0.25"",""MaxDurability"":""0.5"",""AmmoMinCount"":""0"",""AmmoMaxCount"":""3""}"
vanilla/Stalker2/Content/GameLite/GameData/ItemGeneratorPrototypes.cfg,shared helper,Mercenaries,WeaponPistol,GeneralNPC_Mercenaries_WeaponPistol,GeneralNPC_Mercenaries_WeaponPistol,[0],"{""SID"":""GeneralNPC_Mercenaries_WeaponPistol"",""SpecificRewardSound"":""EUISound::SystemNotificationNews""}",[1],WeaponPistol,ERank::Experienced,,,{},[0],GeneralNPC_Mercenaries_WeaponPistol.ItemGenerator.[1].PossibleItems.[0],GunUDP_HG,,weight,1,,,,0,3,0.25,0.5,"{""ItemPrototypeSID"":""GunUDP_HG"",""Weight"":""1"",""MinDurability"":""0.25"",""MaxDurability"":""0.5"",""AmmoMinCount"":""0"",""AmmoMaxCount"":""3""}"
vanilla/Stalker2/Content/GameLite/GameData/ItemGeneratorPrototypes.cfg,shared helper,Mercenaries,WeaponPistol,GeneralNPC_Mercenaries_WeaponPistol,GeneralNPC_Mercenaries_WeaponPistol,[0],"{""SID"":""GeneralNPC_Mercenaries_WeaponPistol"",""SpecificRewardSound"":""EUISound::SystemNotificationNews""}",[1],WeaponPistol,ERank::Experienced,,,{},[1],GeneralNPC_Mercenaries_WeaponPistol.ItemGenerator.[1].PossibleItems.[1],GunKora_HG,,weight,1,,,,0,7,0.25,0.5,"{""ItemPrototypeSID"":""GunKora_HG"",""Weight"":""1"",""MinDurability"":""0.25"",""MaxDurability"":""0.5"",""AmmoMinCount"":""0"",""AmmoMaxCount"":""7""}"
vanilla/Stalker2/Content/GameLite/GameData/ItemGeneratorPrototypes.cfg,shared helper,Mercenaries,WeaponPistol,GeneralNPC_Mercenaries_WeaponPistol,GeneralNPC_Mercenaries_WeaponPistol,[0],"{""SID"":""GeneralNPC_Mercenaries_WeaponPistol"",""SpecificRewardSound"":""EUISound::SystemNotificationNews""}",[2],WeaponPistol,"ERank::Veteran, ERank::Master",,,{},[0],GeneralNPC_Mercenaries_WeaponPistol.ItemGenerator.[2].PossibleItems.[0],GunUDP_HG,,weight,1,,,,2,4,0.25,0.5,"{""ItemPrototypeSID"":""GunUDP_HG"",""Weight"":""1"",""MinDurability"":""0.25"",""MaxDurability"":""0.5"",""AmmoMinCount"":""2"",""AmmoMaxCount"":""4""}"
vanilla/Stalker2/Content/GameLite/GameData/ItemGeneratorPrototypes.cfg,shared helper,Mercenaries,WeaponPistol,GeneralNPC_Mercenaries_WeaponPistol,GeneralNPC_Mercenaries_WeaponPistol,[0],"{""SID"":""GeneralNPC_Mercenaries_WeaponPistol"",""SpecificRewardSound"":""EUISound::SystemNotificationNews""}",[2],WeaponPistol,"ERank::Veteran, ERank::Master",,,{},[1],GeneralNPC_Mercenaries_WeaponPistol.ItemGenerator.[2].PossibleItems.[1],GunM10_HG,,weight,1,,,,2,4,0.25,0.5,"{""ItemPrototypeSID"":""GunM10_HG"",""Weight"":""1"",""MinDurability"":""0.25"",""MaxDurability"":""0.5"",""AmmoMinCount"":""2"",""AmmoMaxCount"":""4""}"
vanilla/Stalker2/Content/GameLite/GameData/ItemGeneratorPrototypes.cfg,shared helper,Mercenaries,WeaponPistol,GeneralNPC_Mercenaries_WeaponPistol,GeneralNPC_Mercenaries_WeaponPistol,[0],"{""SID"":""GeneralNPC_Mercenaries_WeaponPistol"",""SpecificRewardSound"":""EUISound::SystemNotificationNews""}",[2],WeaponPistol,"ERank::Veteran, ERank::Master",,,{},[2],GeneralNPC_Mercenaries_WeaponPistol.ItemGenerator.[2].PossibleItems.[2],GunKora_HG,,weight,1,,,,0,7,0.25,0.5,"{""ItemPrototypeSID"":""GunKora_HG"",""Weight"":""1"",""MinDurability"":""0.25"",""MaxDurability"":""0.5"",""AmmoMinCount"":""0"",""AmmoMaxCount"":""7""}"
vanilla/Stalker2/Content/GameLite/GameData/ItemGeneratorPrototypes.cfg,shared helper,Scientists,WeaponPistol,GeneralNPC_Scientists_WeaponPistol,GeneralNPC_Scientists_WeaponPistol,[0],"{""SID"":""GeneralNPC_Scientists_WeaponPistol"",""SpecificRewardSound"":""EUISound::SystemNotificationNews""}",[0],WeaponPistol,ERank::Newbie,,,{},[0],GeneralNPC_Scientists_WeaponPistol.ItemGenerator.[0].PossibleItems.[0],GunUDP_HG,,weight,1,,,,2,4,0.25,0.5,"{""ItemPrototypeSID"":""GunUDP_HG"",""Weight"":""1"",""MinDurability"":""0.25"",""MaxDurability"":""0.5"",""AmmoMinCount"":""2"",""AmmoMaxCount"":""4""}"
vanilla/Stalker2/Content/GameLite/GameData/ItemGeneratorPrototypes.cfg,shared helper,Scientists,WeaponPistol,GeneralNPC_Scientists_WeaponPistol,GeneralNPC_Scientists_WeaponPistol,[0],"{""SID"":""GeneralNPC_Scientists_WeaponPistol"",""SpecificRewardSound"":""EUISound::SystemNotificationNews""}",[1],WeaponPistol,"ERank::Experienced, ERank::Veteran, ERank::Master",,,{},[0],GeneralNPC_Scientists_WeaponPistol.ItemGenerator.[1].PossibleItems.[0],GunUDP_HG,,weight,1,,,,2,4,0.25,0.5,"{""ItemPrototypeSID"":""GunUDP_HG"",""Weight"":""1"",""MinDurability"":""0.25"",""MaxDurability"":""0.5"",""AmmoMinCount"":""2"",""AmmoMaxCount"":""4""}"
vanilla/Stalker2/Content/GameLite/GameData/ItemGeneratorPrototypes.cfg,shared helper,Scientists,WeaponPistol,GeneralNPC_Scientists_WeaponPistol,GeneralNPC_Scientists_WeaponPistol,[0],"{""SID"":""GeneralNPC_Scientists_WeaponPistol"",""SpecificRewardSound"":""EUISound::SystemNotificationNews""}",[1],WeaponPistol,"ERank::Experienced, ERank::Veteran, ERank::Master",,,{},[1],GeneralNPC_Scientists_WeaponPistol.ItemGenerator.[1].PossibleItems.[1],GunKora_HG,,weight,1,,,,2,4,0.25,0.5,"{""ItemPrototypeSID"":""GunKora_HG"",""Weight"":""1"",""MinDurability"":""0.25"",""MaxDurability"":""0.5"",""AmmoMinCount"":""2"",""AmmoMaxCount"":""4""}"
vanilla/Stalker2/Content/GameLite/GameData/ItemGeneratorPrototypes.cfg,shared helper,Militaries,WeaponPistol,GeneralNPC_Militaries_WeaponPistol,GeneralNPC_Militaries_WeaponPistol,[0],"{""SID"":""GeneralNPC_Militaries_WeaponPistol"",""SpecificRewardSound"":""EUISound::SystemNotificationNews""}",[0],WeaponPistol,"ERank::Newbie, ERank::Experienced",,,{},[0],GeneralNPC_Militaries_WeaponPistol.ItemGenerator.[0].PossibleItems.[0],GunPM_HG,,weight,1,,,,0,3,0.25,0.5,"{""ItemPrototypeSID"":""GunPM_HG"",""Weight"":""1"",""MinDurability"":""0.25"",""MaxDurability"":""0.5"",""AmmoMinCount"":""0"",""AmmoMaxCount"":""3""}"
vanilla/Stalker2/Content/GameLite/GameData/ItemGeneratorPrototypes.cfg,shared helper,Militaries,WeaponPistol,GeneralNPC_Militaries_WeaponPistol,GeneralNPC_Militaries_WeaponPistol,[0],"{""SID"":""GeneralNPC_Militaries_WeaponPistol"",""SpecificRewardSound"":""EUISound::SystemNotificationNews""}",[1],WeaponPistol,ERank::Veteran,,,{},[0],GeneralNPC_Militaries_WeaponPistol.ItemGenerator.[1].PossibleItems.[0],GunPM_HG,,weight,1,,,,0,7,0.25,0.5,"{""ItemPrototypeSID"":""GunPM_HG"",""Weight"":""1"",""MinDurability"":""0.25"",""MaxDurability"":""0.5"",""AmmoMinCount"":""0"",""AmmoMaxCount"":""7""}"
vanilla/Stalker2/Content/GameLite/GameData/ItemGeneratorPrototypes.cfg,shared helper,Militaries,WeaponPistol,GeneralNPC_Militaries_WeaponPistol,GeneralNPC_Militaries_WeaponPistol,[0],"{""SID"":""GeneralNPC_Militaries_WeaponPistol"",""SpecificRewardSound"":""EUISound::SystemNotificationNews""}",[1],WeaponPistol,ERank::Veteran,,,{},[1],GeneralNPC_Militaries_WeaponPistol.ItemGenerator.[1].PossibleItems.[1],GunAPB_HG,,weight,0.1,,,,0,7,0.25,0.5,"{""ItemPrototypeSID"":""GunAPB_HG"",""Weight"":""0.1"",""MinDurability"":""0.25"",""MaxDurability"":""0.5"",""AmmoMinCount"":""0"",""AmmoMaxCount"":""7""}"
vanilla/Stalker2/Content/GameLite/GameData/ItemGeneratorPrototypes.cfg,shared helper,Militaries,WeaponPistol,GeneralNPC_Militaries_WeaponPistol,GeneralNPC_Militaries_WeaponPistol,[0],"{""SID"":""GeneralNPC_Militaries_WeaponPistol"",""SpecificRewardSound"":""EUISound::SystemNotificationNews""}",[2],WeaponPistol,ERank::Master,,,{},[0],GeneralNPC_Militaries_WeaponPistol.ItemGenerator.[2].PossibleItems.[0],GunPM_HG,,weight,1,,,,0,7,0.25,0.5,"{""ItemPrototypeSID"":""GunPM_HG"",""Weight"":""1"",""MinDurability"":""0.25"",""MaxDurability"":""0.5"",""AmmoMinCount"":""0"",""AmmoMaxCount"":""7""}"
vanilla/Stalker2/Content/GameLite/GameData/ItemGeneratorPrototypes.cfg,shared helper,Militaries,WeaponPistol,GeneralNPC_Militaries_WeaponPistol,GeneralNPC_Militaries_WeaponPistol,[0],"{""SID"":""GeneralNPC_Militaries_WeaponPistol"",""SpecificRewardSound"":""EUISound::SystemNotificationNews""}",[2],WeaponPistol,ERank::Master,,,{},[1],GeneralNPC_Militaries_WeaponPistol.ItemGenerator.[2].PossibleItems.[1],GunAPB_HG,,weight,1,,,,0,7,0.25,0.5,"{""ItemPrototypeSID"":""GunAPB_HG"",""Weight"":""1"",""MinDurability"":""0.25"",""MaxDurability"":""0.5"",""AmmoMinCount"":""0"",""AmmoMaxCount"":""7""}"
vanilla/Stalker2/Content/GameLite/GameData/ItemGeneratorPrototypes.cfg,shared helper,Monolith,WeaponPistol,GeneralNPC_Monolith_WeaponPistol,GeneralNPC_Monolith_WeaponPistol,[0],"{""SID"":""GeneralNPC_Monolith_WeaponPistol"",""SpecificRewardSound"":""EUISound::SystemNotificationNews""}",[0],WeaponPistol,"ERank::Newbie, ERank::Experienced",,,{},[0],GeneralNPC_Monolith_WeaponPistol.ItemGenerator.[0].PossibleItems.[0],GunUDP_HG,,weight,1,,,,2,4,0.25,0.5,"{""ItemPrototypeSID"":""GunUDP_HG"",""Weight"":""1"",""MinDurability"":""0.25"",""MaxDurability"":""0.5"",""AmmoMinCount"":""2"",""AmmoMaxCount"":""4""}"
vanilla/Stalker2/Content/GameLite/GameData/ItemGeneratorPrototypes.cfg,shared helper,Monolith,WeaponPistol,GeneralNPC_Monolith_WeaponPistol,GeneralNPC_Monolith_WeaponPistol,[0],"{""SID"":""GeneralNPC_Monolith_WeaponPistol"",""SpecificRewardSound"":""EUISound::SystemNotificationNews""}",[1],WeaponPistol,ERank::Veteran,,,{},[0],GeneralNPC_Monolith_WeaponPistol.ItemGenerator.[1].PossibleItems.[0],GunUDP_HG,,weight,1,,,,0,7,0.25,0.5,"{""ItemPrototypeSID"":""GunUDP_HG"",""Weight"":""1"",""MinDurability"":""0.25"",""MaxDurability"":""0.5"",""AmmoMinCount"":""0"",""AmmoMaxCount"":""7""}"
vanilla/Stalker2/Content/GameLite/GameData/ItemGeneratorPrototypes.cfg,shared helper,Monolith,WeaponPistol,GeneralNPC_Monolith_WeaponPistol,GeneralNPC_Monolith_WeaponPistol,[0],"{""SID"":""GeneralNPC_Monolith_WeaponPistol"",""SpecificRewardSound"":""EUISound::SystemNotificationNews""}",[1],WeaponPistol,ERank::Veteran,,,{},[1],GeneralNPC_Monolith_WeaponPistol.ItemGenerator.[1].PossibleItems.[1],GunAPB_HG,,weight,0.1,,,,0,7,0.25,0.5,"{""ItemPrototypeSID"":""GunAPB_HG"",""Weight"":""0.1"",""MinDurability"":""0.25"",""MaxDurability"":""0.5"",""AmmoMinCount"":""0"",""AmmoMaxCount"":""7""}"
vanilla/Stalker2/Content/GameLite/GameData/ItemGeneratorPrototypes.cfg,shared helper,Monolith,WeaponPistol,GeneralNPC_Monolith_WeaponPistol,GeneralNPC_Monolith_WeaponPistol,[0],"{""SID"":""GeneralNPC_Monolith_WeaponPistol"",""SpecificRewardSound"":""EUISound::SystemNotificationNews""}",[2],WeaponPistol,ERank::Master,,,{},[0],GeneralNPC_Monolith_WeaponPistol.ItemGenerator.[2].PossibleItems.[0],GunUDP_HG,,weight,1,,,,0,7,0.25,0.5,"{""ItemPrototypeSID"":""GunUDP_HG"",""Weight"":""1"",""MinDurability"":""0.25"",""MaxDurability"":""0.5"",""AmmoMinCount"":""0"",""AmmoMaxCount"":""7""}"
vanilla/Stalker2/Content/GameLite/GameData/ItemGeneratorPrototypes.cfg,shared helper,Monolith,WeaponPistol,GeneralNPC_Monolith_WeaponPistol,GeneralNPC_Monolith_WeaponPistol,[0],"{""SID"":""GeneralNPC_Monolith_WeaponPistol"",""SpecificRewardSound"":""EUISound::SystemNotificationNews""}",[2],WeaponPistol,ERank::Master,,,{},[1],GeneralNPC_Monolith_WeaponPistol.ItemGenerator.[2].PossibleItems.[1],GunAPB_HG,,weight,1,,,,0,7,0.25,0.5,"{""ItemPrototypeSID"":""GunAPB_HG"",""Weight"":""1"",""MinDurability"":""0.25"",""MaxDurability"":""0.5"",""AmmoMinCount"":""0"",""AmmoMaxCount"":""7""}"
vanilla/Stalker2/Content/GameLite/GameData/ItemGeneratorPrototypes.cfg,shared helper,Duty,WeaponPistol,GeneralNPC_Duty_WeaponPistol,GeneralNPC_Duty_WeaponPistol,[0],"{""SID"":""GeneralNPC_Duty_WeaponPistol"",""SpecificRewardSound"":""EUISound::SystemNotificationNews""}",[0],WeaponPistol,"ERank::Newbie, ERank::Experienced",,,{},[0],GeneralNPC_Duty_WeaponPistol.ItemGenerator.[0].PossibleItems.[0],GunPM_HG,,weight,1,,,,0,3,0.25,0.5,"{""ItemPrototypeSID"":""GunPM_HG"",""Weight"":""1"",""MinDurability"":""0.25"",""MaxDurability"":""0.5"",""AmmoMinCount"":""0"",""AmmoMaxCount"":""3""}"
vanilla/Stalker2/Content/GameLite/GameData/ItemGeneratorPrototypes.cfg,shared helper,Duty,WeaponPistol,GeneralNPC_Duty_WeaponPistol,GeneralNPC_Duty_WeaponPistol,[0],"{""SID"":""GeneralNPC_Duty_WeaponPistol"",""SpecificRewardSound"":""EUISound::SystemNotificationNews""}",[1],WeaponPistol,ERank::Veteran,,,{},[0],GeneralNPC_Duty_WeaponPistol.ItemGenerator.[1].PossibleItems.[0],GunPM_HG,,weight,1,,,,0,7,0.25,0.5,"{""ItemPrototypeSID"":""GunPM_HG"",""Weight"":""1"",""MinDurability"":""0.25"",""MaxDurability"":""0.5"",""AmmoMinCount"":""0"",""AmmoMaxCount"":""7""}"
vanilla/Stalker2/Content/GameLite/GameData/ItemGeneratorPrototypes.cfg,shared helper,Duty,WeaponPistol,GeneralNPC_Duty_WeaponPistol,GeneralNPC_Duty_WeaponPistol,[0],"{""SID"":""GeneralNPC_Duty_WeaponPistol"",""SpecificRewardSound"":""EUISound::SystemNotificationNews""}",[1],WeaponPistol,ERank::Veteran,,,{},[1],GeneralNPC_Duty_WeaponPistol.ItemGenerator.[1].PossibleItems.[1],GunAPB_HG,,weight,0.1,,,,0,7,0.25,0.5,"{""ItemPrototypeSID"":""GunAPB_HG"",""Weight"":""0.1"",""MinDurability"":""0.25"",""MaxDurability"":""0.5"",""AmmoMinCount"":""0"",""AmmoMaxCount"":""7""}"
vanilla/Stalker2/Content/GameLite/GameData/ItemGeneratorPrototypes.cfg,shared helper,Duty,WeaponPistol,GeneralNPC_Duty_WeaponPistol,GeneralNPC_Duty_WeaponPistol,[0],"{""SID"":""GeneralNPC_Duty_WeaponPistol"",""SpecificRewardSound"":""EUISound::SystemNotificationNews""}",[2],WeaponPistol,ERank::Master,,,{},[0],GeneralNPC_Duty_WeaponPistol.ItemGenerator.[2].PossibleItems.[0],GunPM_HG,,weight,1,,,,0,7,0.25,0.5,"{""ItemPrototypeSID"":""GunPM_HG"",""Weight"":""1"",""MinDurability"":""0.25"",""MaxDurability"":""0.5"",""AmmoMinCount"":""0"",""AmmoMaxCount"":""7""}"
vanilla/Stalker2/Content/GameLite/GameData/ItemGeneratorPrototypes.cfg,shared helper,Duty,WeaponPistol,GeneralNPC_Duty_WeaponPistol,GeneralNPC_Duty_WeaponPistol,[0],"{""SID"":""GeneralNPC_Duty_WeaponPistol"",""SpecificRewardSound"":""EUISound::SystemNotificationNews""}",[2],WeaponPistol,ERank::Master,,,{},[1],GeneralNPC_Duty_WeaponPistol.ItemGenerator.[2].PossibleItems.[1],GunAPB_HG,,weight,1,,,,0,7,0.25,0.5,"{""ItemPrototypeSID"":""GunAPB_HG"",""Weight"":""1"",""MinDurability"":""0.25"",""MaxDurability"":""0.5"",""AmmoMinCount"":""0"",""AmmoMaxCount"":""7""}"
vanilla/Stalker2/Content/GameLite/GameData/ItemGeneratorPrototypes.cfg,shared helper,Freedom,WeaponPistol,GeneralNPC_Freedom_WeaponPistol,GeneralNPC_Freedom_WeaponPistol,[0],"{""SID"":""GeneralNPC_Freedom_WeaponPistol"",""SpecificRewardSound"":""EUISound::SystemNotificationNews""}",[0],WeaponPistol,"ERank::Newbie, ERank::Experienced",,,{},[0],GeneralNPC_Freedom_WeaponPistol.ItemGenerator.[0].PossibleItems.[0],GunUDP_HG,,weight,1,,,,0,3,0.25,0.5,"{""ItemPrototypeSID"":""GunUDP_HG"",""Weight"":""1"",""MinDurability"":""0.25"",""MaxDurability"":""0.5"",""AmmoMinCount"":""0"",""AmmoMaxCount"":""3""}"
vanilla/Stalker2/Content/GameLite/GameData/ItemGeneratorPrototypes.cfg,shared helper,Freedom,WeaponPistol,GeneralNPC_Freedom_WeaponPistol,GeneralNPC_Freedom_WeaponPistol,[0],"{""SID"":""GeneralNPC_Freedom_WeaponPistol"",""SpecificRewardSound"":""EUISound::SystemNotificationNews""}",[1],WeaponPistol,ERank::Veteran,,,{},[0],GeneralNPC_Freedom_WeaponPistol.ItemGenerator.[1].PossibleItems.[0],GunUDP_HG,,weight,1,,,,0,3,0.25,0.5,"{""ItemPrototypeSID"":""GunUDP_HG"",""Weight"":""1"",""MinDurability"":""0.25"",""MaxDurability"":""0.5"",""AmmoMinCount"":""0"",""AmmoMaxCount"":""3""}"
vanilla/Stalker2/Content/GameLite/GameData/ItemGeneratorPrototypes.cfg,shared helper,Freedom,WeaponPistol,GeneralNPC_Freedom_WeaponPistol,GeneralNPC_Freedom_WeaponPistol,[0],"{""SID"":""GeneralNPC_Freedom_WeaponPistol"",""SpecificRewardSound"":""EUISound::SystemNotificationNews""}",[1],WeaponPistol,ERank::Veteran,,,{},[1],GeneralNPC_Freedom_WeaponPistol.ItemGenerator.[1].PossibleItems.[1],GunM10_HG,,weight,0.1,,,,0,3,0.25,0.5,"{""ItemPrototypeSID"":""GunM10_HG"",""Weight"":""0.1"",""MinDurability"":""0.25"",""MaxDurability"":""0.5"",""AmmoMinCount"":""0"",""AmmoMaxCount"":""3""}"
vanilla/Stalker2/Content/GameLite/GameData/ItemGeneratorPrototypes.cfg,shared helper,Freedom,WeaponPistol,GeneralNPC_Freedom_WeaponPistol,GeneralNPC_Freedom_WeaponPistol,[0],"{""SID"":""GeneralNPC_Freedom_WeaponPistol"",""SpecificRewardSound"":""EUISound::SystemNotificationNews""}",[1],WeaponPistol,ERank::Veteran,,,{},[2],GeneralNPC_Freedom_WeaponPistol.ItemGenerator.[1].PossibleItems.[2],GunKora_HG,,weight,0.1,,,,0,3,0.25,0.5,"{""ItemPrototypeSID"":""GunKora_HG"",""Weight"":""0.1"",""MinDurability"":""0.25"",""MaxDurability"":""0.5"",""AmmoMinCount"":""0"",""AmmoMaxCount"":""3""}"
vanilla/Stalker2/Content/GameLite/GameData/ItemGeneratorPrototypes.cfg,shared helper,Freedom,WeaponPistol,GeneralNPC_Freedom_WeaponPistol,GeneralNPC_Freedom_WeaponPistol,[0],"{""SID"":""GeneralNPC_Freedom_WeaponPistol"",""SpecificRewardSound"":""EUISound::SystemNotificationNews""}",[2],WeaponPistol,ERank::Master,,,{},[0],GeneralNPC_Freedom_WeaponPistol.ItemGenerator.[2].PossibleItems.[0],GunUDP_HG,,weight,1,,,,0,3,0.25,0.5,"{""ItemPrototypeSID"":""GunUDP_HG"",""Weight"":""1"",""MinDurability"":""0.25"",""MaxDurability"":""0.5"",""AmmoMinCount"":""0"",""AmmoMaxCount"":""3""}"
vanilla/Stalker2/Content/GameLite/GameData/ItemGeneratorPrototypes.cfg,shared helper,Freedom,WeaponPistol,GeneralNPC_Freedom_WeaponPistol,GeneralNPC_Freedom_WeaponPistol,[0],"{""SID"":""GeneralNPC_Freedom_WeaponPistol"",""SpecificRewardSound"":""EUISound::SystemNotificationNews""}",[2],WeaponPistol,ERank::Master,,,{},[1],GeneralNPC_Freedom_WeaponPistol.ItemGenerator.[2].PossibleItems.[1],GunM10_HG,,weight,1,,,,0,3,0.25,0.5,"{""ItemPrototypeSID"":""GunM10_HG"",""Weight"":""1"",""MinDurability"":""0.25"",""MaxDurability"":""0.5"",""AmmoMinCount"":""0"",""AmmoMaxCount"":""3""}"
vanilla/Stalker2/Content/GameLite/GameData/ItemGeneratorPrototypes.cfg,shared helper,Freedom,WeaponPistol,GeneralNPC_Freedom_WeaponPistol,GeneralNPC_Freedom_WeaponPistol,[0],"{""SID"":""GeneralNPC_Freedom_WeaponPistol"",""SpecificRewardSound"":""EUISound::SystemNotificationNews""}",[2],WeaponPistol,ERank::Master,,,{},[2],GeneralNPC_Freedom_WeaponPistol.ItemGenerator.[2].PossibleItems.[2],GunKora_HG,,weight,1,,,,0,3,0.25,0.5,"{""ItemPrototypeSID"":""GunKora_HG"",""Weight"":""1"",""MinDurability"":""0.25"",""MaxDurability"":""0.5"",""AmmoMinCount"":""0"",""AmmoMaxCount"":""3""}"
vanilla/Stalker2/Content/GameLite/GameData/ItemGeneratorPrototypes.cfg,shared helper,Varta,WeaponPistol,GeneralNPC_Varta_WeaponPistol,GeneralNPC_Varta_WeaponPistol,[0],"{""SID"":""GeneralNPC_Varta_WeaponPistol"",""SpecificRewardSound"":""EUISound::SystemNotificationNews""}",[0],WeaponPistol,ERank::Newbie,,,{},[0],GeneralNPC_Varta_WeaponPistol.ItemGenerator.[0].PossibleItems.[0],GunPM_HG,,weight,1,,,,2,4,0.25,0.5,"{""ItemPrototypeSID"":""GunPM_HG"",""Weight"":""1"",""MinDurability"":""0.25"",""MaxDurability"":""0.5"",""AmmoMinCount"":""2"",""AmmoMaxCount"":""4""}"
vanilla/Stalker2/Content/GameLite/GameData/ItemGeneratorPrototypes.cfg,shared helper,Varta,WeaponPistol,GeneralNPC_Varta_WeaponPistol,GeneralNPC_Varta_WeaponPistol,[0],"{""SID"":""GeneralNPC_Varta_WeaponPistol"",""SpecificRewardSound"":""EUISound::SystemNotificationNews""}",[0],WeaponPistol,ERank::Newbie,,,{},[1],GeneralNPC_Varta_WeaponPistol.ItemGenerator.[0].PossibleItems.[1],GunUDP_HG,,weight,0.1,,,,2,4,0.25,0.5,"{""ItemPrototypeSID"":""GunUDP_HG"",""Weight"":""0.1"",""MinDurability"":""0.25"",""MaxDurability"":""0.5"",""AmmoMinCount"":""2"",""AmmoMaxCount"":""4""}"
vanilla/Stalker2/Content/GameLite/GameData/ItemGeneratorPrototypes.cfg,shared helper,Varta,WeaponPistol,GeneralNPC_Varta_WeaponPistol,GeneralNPC_Varta_WeaponPistol,[0],"{""SID"":""GeneralNPC_Varta_WeaponPistol"",""SpecificRewardSound"":""EUISound::SystemNotificationNews""}",[1],WeaponPistol,ERank::Experienced,,,{},[0],GeneralNPC_Varta_WeaponPistol.ItemGenerator.[1].PossibleItems.[0],GunUDP_HG,,weight,1,,,,0,3,0.25,0.5,"{""ItemPrototypeSID"":""GunUDP_HG"",""Weight"":""1"",""MinDurability"":""0.25"",""MaxDurability"":""0.5"",""AmmoMinCount"":""0"",""AmmoMaxCount"":""3""}"
vanilla/Stalker2/Content/GameLite/GameData/ItemGeneratorPrototypes.cfg,shared helper,Varta,WeaponPistol,GeneralNPC_Varta_WeaponPistol,GeneralNPC_Varta_WeaponPistol,[0],"{""SID"":""GeneralNPC_Varta_WeaponPistol"",""SpecificRewardSound"":""EUISound::SystemNotificationNews""}",[1],WeaponPistol,ERank::Experienced,,,{},[1],GeneralNPC_Varta_WeaponPistol.ItemGenerator.[1].PossibleItems.[1],GunPM_HG,,weight,1,,,,0,3,0.25,0.5,"{""ItemPrototypeSID"":""GunPM_HG"",""Weight"":""1"",""MinDurability"":""0.25"",""MaxDurability"":""0.5"",""AmmoMinCount"":""0"",""AmmoMaxCount"":""3""}"
vanilla/Stalker2/Content/GameLite/GameData/ItemGeneratorPrototypes.cfg,shared helper,Varta,WeaponPistol,GeneralNPC_Varta_WeaponPistol,GeneralNPC_Varta_WeaponPistol,[0],"{""SID"":""GeneralNPC_Varta_WeaponPistol"",""SpecificRewardSound"":""EUISound::SystemNotificationNews""}",[2],WeaponPistol,ERank::Veteran,,,{},[0],GeneralNPC_Varta_WeaponPistol.ItemGenerator.[2].PossibleItems.[0],GunUDP_HG,,weight,1,,,,0,3,0.25,0.5,"{""ItemPrototypeSID"":""GunUDP_HG"",""Weight"":""1"",""MinDurability"":""0.25"",""MaxDurability"":""0.5"",""AmmoMinCount"":""0"",""AmmoMaxCount"":""3""}"
vanilla/Stalker2/Content/GameLite/GameData/ItemGeneratorPrototypes.cfg,shared helper,Varta,WeaponPistol,GeneralNPC_Varta_WeaponPistol,GeneralNPC_Varta_WeaponPistol,[0],"{""SID"":""GeneralNPC_Varta_WeaponPistol"",""SpecificRewardSound"":""EUISound::SystemNotificationNews""}",[2],WeaponPistol,ERank::Veteran,,,{},[1],GeneralNPC_Varta_WeaponPistol.ItemGenerator.[2].PossibleItems.[1],GunAPB_HG,,weight,0.1,,,,0,3,0.25,0.5,"{""ItemPrototypeSID"":""GunAPB_HG"",""Weight"":""0.1"",""MinDurability"":""0.25"",""MaxDurability"":""0.5"",""AmmoMinCount"":""0"",""AmmoMaxCount"":""3""}"
vanilla/Stalker2/Content/GameLite/GameData/ItemGeneratorPrototypes.cfg,shared helper,Varta,WeaponPistol,GeneralNPC_Varta_WeaponPistol,GeneralNPC_Varta_WeaponPistol,[0],"{""SID"":""GeneralNPC_Varta_WeaponPistol"",""SpecificRewardSound"":""EUISound::SystemNotificationNews""}",[3],WeaponPistol,ERank::Master,,,{},[0],GeneralNPC_Varta_WeaponPistol.ItemGenerator.[3].PossibleItems.[0],GunUDP_HG,,weight,1,,,,0,3,0.25,0.5,"{""ItemPrototypeSID"":""GunUDP_HG"",""Weight"":""1"",""MinDurability"":""0.25"",""MaxDurability"":""0.5"",""AmmoMinCount"":""0"",""AmmoMaxCount"":""3""}"
vanilla/Stalker2/Content/GameLite/GameData/ItemGeneratorPrototypes.cfg,shared helper,Varta,WeaponPistol,GeneralNPC_Varta_WeaponPistol,GeneralNPC_Varta_WeaponPistol,[0],"{""SID"":""GeneralNPC_Varta_WeaponPistol"",""SpecificRewardSound"":""EUISound::SystemNotificationNews""}",[3],WeaponPistol,ERank::Master,,,{},[1],GeneralNPC_Varta_WeaponPistol.ItemGenerator.[3].PossibleItems.[1],GunAPB_HG,,weight,1,,,,0,3,0.25,0.5,"{""ItemPrototypeSID"":""GunAPB_HG"",""Weight"":""1"",""MinDurability"":""0.25"",""MaxDurability"":""0.5"",""AmmoMinCount"":""0"",""AmmoMaxCount"":""3""}"
vanilla/Stalker2/Content/GameLite/GameData/ItemGeneratorPrototypes.cfg,shared helper,Noon,WeaponPistol,GeneralNPC_Noon_WeaponPistol,GeneralNPC_Noon_WeaponPistol,[0],"{""SID"":""GeneralNPC_Noon_WeaponPistol"",""SpecificRewardSound"":""EUISound::SystemNotificationNews""}",[0],WeaponPistol,ERank::Newbie,,,{},[0],GeneralNPC_Noon_WeaponPistol.ItemGenerator.[0].PossibleItems.[0],GunUDP_HG,,weight,0.1,,,,2,4,0.25,0.5,"{""ItemPrototypeSID"":""GunUDP_HG"",""Weight"":""0.1"",""MinDurability"":""0.25"",""MaxDurability"":""0.5"",""AmmoMinCount"":""2"",""AmmoMaxCount"":""4""}"
vanilla/Stalker2/Content/GameLite/GameData/ItemGeneratorPrototypes.cfg,shared helper,Noon,WeaponPistol,GeneralNPC_Noon_WeaponPistol,GeneralNPC_Noon_WeaponPistol,[0],"{""SID"":""GeneralNPC_Noon_WeaponPistol"",""SpecificRewardSound"":""EUISound::SystemNotificationNews""}",[0],WeaponPistol,ERank::Newbie,,,{},[1],GeneralNPC_Noon_WeaponPistol.ItemGenerator.[0].PossibleItems.[1],GunPM_HG,,weight,1,,,,2,4,0.25,0.5,"{""ItemPrototypeSID"":""GunPM_HG"",""Weight"":""1"",""MinDurability"":""0.25"",""MaxDurability"":""0.5"",""AmmoMinCount"":""2"",""AmmoMaxCount"":""4""}"
vanilla/Stalker2/Content/GameLite/GameData/ItemGeneratorPrototypes.cfg,shared helper,Noon,WeaponPistol,GeneralNPC_Noon_WeaponPistol,GeneralNPC_Noon_WeaponPistol,[0],"{""SID"":""GeneralNPC_Noon_WeaponPistol"",""SpecificRewardSound"":""EUISound::SystemNotificationNews""}",[1],WeaponPistol,"ERank::Experienced, ERank::Veteran, ERank::Master",,,{},[0],GeneralNPC_Noon_WeaponPistol.ItemGenerator.[1].PossibleItems.[0],GunUDP_HG,,weight,1,,,,2,4,0.25,0.5,"{""ItemPrototypeSID"":""GunUDP_HG"",""Weight"":""1"",""MinDurability"":""0.25"",""MaxDurability"":""0.5"",""AmmoMinCount"":""2"",""AmmoMaxCount"":""4""}"
vanilla/Stalker2/Content/GameLite/GameData/ItemGeneratorPrototypes.cfg,shared helper,Noon,WeaponPistol,GeneralNPC_Noon_WeaponPistol,GeneralNPC_Noon_WeaponPistol,[0],"{""SID"":""GeneralNPC_Noon_WeaponPistol"",""SpecificRewardSound"":""EUISound::SystemNotificationNews""}",[1],WeaponPistol,"ERank::Experienced, ERank::Veteran, ERank::Master",,,{},[1],GeneralNPC_Noon_WeaponPistol.ItemGenerator.[1].PossibleItems.[1],GunKora_HG,,weight,1,,,,2,4,0.25,0.5,"{""ItemPrototypeSID"":""GunKora_HG"",""Weight"":""1"",""MinDurability"":""0.25"",""MaxDurability"":""0.5"",""AmmoMinCount"":""2"",""AmmoMaxCount"":""4""}"
vanilla/Stalker2/Content/GameLite/GameData/ItemGeneratorPrototypes.cfg,shared helper,Spark,WeaponPistol,GeneralNPC_Spark_WeaponPistol,GeneralNPC_Spark_WeaponPistol,[0],"{""SID"":""GeneralNPC_Spark_WeaponPistol"",""SpecificRewardSound"":""EUISound::SystemNotificationNews""}",[0],WeaponPistol,"ERank::Newbie, ERank::Experienced",,,{},[0],GeneralNPC_Spark_WeaponPistol.ItemGenerator.[0].PossibleItems.[0],GunUDP_HG,,weight,1,,,,2,4,0.25,0.5,"{""ItemPrototypeSID"":""GunUDP_HG"",""Weight"":""1"",""MinDurability"":""0.25"",""MaxDurability"":""0.5"",""AmmoMinCount"":""2"",""AmmoMaxCount"":""4""}"
vanilla/Stalker2/Content/GameLite/GameData/ItemGeneratorPrototypes.cfg,shared helper,Spark,WeaponPistol,GeneralNPC_Spark_WeaponPistol,GeneralNPC_Spark_WeaponPistol,[0],"{""SID"":""GeneralNPC_Spark_WeaponPistol"",""SpecificRewardSound"":""EUISound::SystemNotificationNews""}",[0],WeaponPistol,"ERank::Newbie, ERank::Experienced",,,{},[1],GeneralNPC_Spark_WeaponPistol.ItemGenerator.[0].PossibleItems.[1],GunM10_HG,,weight,0.1,,,,2,4,0.25,0.5,"{""ItemPrototypeSID"":""GunM10_HG"",""Weight"":""0.1"",""MinDurability"":""0.25"",""MaxDurability"":""0.5"",""AmmoMinCount"":""2"",""AmmoMaxCount"":""4""}"
vanilla/Stalker2/Content/GameLite/GameData/ItemGeneratorPrototypes.cfg,shared helper,Spark,WeaponPistol,GeneralNPC_Spark_WeaponPistol,GeneralNPC_Spark_WeaponPistol,[0],"{""SID"":""GeneralNPC_Spark_WeaponPistol"",""SpecificRewardSound"":""EUISound::SystemNotificationNews""}",[0],WeaponPistol,"ERank::Newbie, ERank::Experienced",,,{},[2],GeneralNPC_Spark_WeaponPistol.ItemGenerator.[0].PossibleItems.[2],GunKora_HG,,weight,0.1,,,,2,4,0.25,0.5,"{""ItemPrototypeSID"":""GunKora_HG"",""Weight"":""0.1"",""MinDurability"":""0.25"",""MaxDurability"":""0.5"",""AmmoMinCount"":""2"",""AmmoMaxCount"":""4""}"
vanilla/Stalker2/Content/GameLite/GameData/ItemGeneratorPrototypes.cfg,shared helper,Spark,WeaponPistol,GeneralNPC_Spark_WeaponPistol,GeneralNPC_Spark_WeaponPistol,[0],"{""SID"":""GeneralNPC_Spark_WeaponPistol"",""SpecificRewardSound"":""EUISound::SystemNotificationNews""}",[1],WeaponPistol,"ERank::Veteran, ERank::Master",,,{},[0],GeneralNPC_Spark_WeaponPistol.ItemGenerator.[1].PossibleItems.[0],GunUDP_HG,,weight,1,,,,4,8,0.25,0.5,"{""ItemPrototypeSID"":""GunUDP_HG"",""Weight"":""1"",""MinDurability"":""0.25"",""MaxDurability"":""0.5"",""AmmoMinCount"":""4"",""AmmoMaxCount"":""8""}"
vanilla/Stalker2/Content/GameLite/GameData/ItemGeneratorPrototypes.cfg,shared helper,Spark,WeaponPistol,GeneralNPC_Spark_WeaponPistol,GeneralNPC_Spark_WeaponPistol,[0],"{""SID"":""GeneralNPC_Spark_WeaponPistol"",""SpecificRewardSound"":""EUISound::SystemNotificationNews""}",[1],WeaponPistol,"ERank::Veteran, ERank::Master",,,{},[1],GeneralNPC_Spark_WeaponPistol.ItemGenerator.[1].PossibleItems.[1],GunM10_HG,,weight,1,,,,4,8,0.25,0.5,"{""ItemPrototypeSID"":""GunM10_HG"",""Weight"":""1"",""MinDurability"":""0.25"",""MaxDurability"":""0.5"",""AmmoMinCount"":""4"",""AmmoMaxCount"":""8""}"
vanilla/Stalker2/Content/GameLite/GameData/ItemGeneratorPrototypes.cfg,shared helper,Spark,WeaponPistol,GeneralNPC_Spark_WeaponPistol,GeneralNPC_Spark_WeaponPistol,[0],"{""SID"":""GeneralNPC_Spark_WeaponPistol"",""SpecificRewardSound"":""EUISound::SystemNotificationNews""}",[1],WeaponPistol,"ERank::Veteran, ERank::Master",,,{},[2],GeneralNPC_Spark_WeaponPistol.ItemGenerator.[1].PossibleItems.[2],GunAPB_HG,,weight,0.1,,,,4,8,0.25,0.5,"{""ItemPrototypeSID"":""GunAPB_HG"",""Weight"":""0.1"",""MinDurability"":""0.25"",""MaxDurability"":""0.5"",""AmmoMinCount"":""4"",""AmmoMaxCount"":""8""}"
vanilla/Stalker2/Content/GameLite/GameData/ItemGeneratorPrototypes.cfg,shared helper,Spark,WeaponPistol,GeneralNPC_Spark_WeaponPistol,GeneralNPC_Spark_WeaponPistol,[0],"{""SID"":""GeneralNPC_Spark_WeaponPistol"",""SpecificRewardSound"":""EUISound::SystemNotificationNews""}",[1],WeaponPistol,"ERank::Veteran, ERank::Master",,,{},[3],GeneralNPC_Spark_WeaponPistol.ItemGenerator.[1].PossibleItems.[3],GunKora_HG,,weight,0.1,,,,4,8,0.25,0.5,"{""ItemPrototypeSID"":""GunKora_HG"",""Weight"":""0.1"",""MinDurability"":""0.25"",""MaxDurability"":""0.5"",""AmmoMinCount"":""4"",""AmmoMaxCount"":""8""}"
vanilla/Stalker2/Content/GameLite/GameData/ItemGeneratorPrototypes.cfg,shared helper,Corpus,WeaponPistol,GeneralNPC_Corpus_WeaponPistol,GeneralNPC_Corpus_WeaponPistol,[0],"{""SID"":""GeneralNPC_Corpus_WeaponPistol"",""SpecificRewardSound"":""EUISound::SystemNotificationNews""}",[0],WeaponPistol,"ERank::Newbie, ERank::Experienced, ERank::Veteran",,,{},[0],GeneralNPC_Corpus_WeaponPistol.ItemGenerator.[0].PossibleItems.[0],GunPM_HG,,weight,1,,,,0,3,0.25,0.5,"{""ItemPrototypeSID"":""GunPM_HG"",""Weight"":""1"",""MinDurability"":""0.25"",""MaxDurability"":""0.5"",""AmmoMinCount"":""0"",""AmmoMaxCount"":""3""}"
vanilla/Stalker2/Content/GameLite/GameData/ItemGeneratorPrototypes.cfg,shared helper,Corpus,WeaponPistol,GeneralNPC_Corpus_WeaponPistol,GeneralNPC_Corpus_WeaponPistol,[0],"{""SID"":""GeneralNPC_Corpus_WeaponPistol"",""SpecificRewardSound"":""EUISound::SystemNotificationNews""}",[0],WeaponPistol,"ERank::Newbie, ERank::Experienced, ERank::Veteran",,,{},[1],GeneralNPC_Corpus_WeaponPistol.ItemGenerator.[0].PossibleItems.[1],GunAPB_HG,,weight,0.1,,,,0,3,0.25,0.5,"{""ItemPrototypeSID"":""GunAPB_HG"",""Weight"":""0.1"",""MinDurability"":""0.25"",""MaxDurability"":""0.5"",""AmmoMinCount"":""0"",""AmmoMaxCount"":""3""}"
vanilla/Stalker2/Content/GameLite/GameData/ItemGeneratorPrototypes.cfg,shared helper,Corpus,WeaponPistol,GeneralNPC_Corpus_WeaponPistol,GeneralNPC_Corpus_WeaponPistol,[0],"{""SID"":""GeneralNPC_Corpus_WeaponPistol"",""SpecificRewardSound"":""EUISound::SystemNotificationNews""}",[1],WeaponPistol,ERank::Master,,,{},[0],GeneralNPC_Corpus_WeaponPistol.ItemGenerator.[1].PossibleItems.[0],GunPM_HG,,weight,1,,,,0,7,0.25,0.5,"{""ItemPrototypeSID"":""GunPM_HG"",""Weight"":""1"",""MinDurability"":""0.25"",""MaxDurability"":""0.5"",""AmmoMinCount"":""0"",""AmmoMaxCount"":""7""}"
vanilla/Stalker2/Content/GameLite/GameData/ItemGeneratorPrototypes.cfg,shared helper,Corpus,WeaponPistol,GeneralNPC_Corpus_WeaponPistol,GeneralNPC_Corpus_WeaponPistol,[0],"{""SID"":""GeneralNPC_Corpus_WeaponPistol"",""SpecificRewardSound"":""EUISound::SystemNotificationNews""}",[1],WeaponPistol,ERank::Master,,,{},[1],GeneralNPC_Corpus_WeaponPistol.ItemGenerator.[1].PossibleItems.[1],GunAPB_HG,,weight,1,,,,0,7,0.25,0.5,"{""ItemPrototypeSID"":""GunAPB_HG"",""Weight"":""1"",""MinDurability"":""0.25"",""MaxDurability"":""0.5"",""AmmoMinCount"":""0"",""AmmoMaxCount"":""7""}"
vanilla/Stalker2/Content/GameLite/GameData/ItemGeneratorPrototypes.cfg,shared helper,Neutral,NVG,GeneralNPC_Neutral_NVG,GeneralNPC_Neutral_NVG,[0],"{""SID"":""GeneralNPC_Neutral_NVG"",""SpecificRewardSound"":""EUISound::SystemNotificationNews""}",[0],NightVision,ERank::Experienced,,,"{""bAllowSameCategoryGeneration"":""false""}",[0],GeneralNPC_Neutral_NVG.ItemGenerator.[0].PossibleItems.[0],NVG_NPC_Gen1,,chance,,0.7,,,,,,,"{""ItemPrototypeSID"":""NVG_NPC_Gen1"",""Chance"":""0.7""}"
vanilla/Stalker2/Content/GameLite/GameData/ItemGeneratorPrototypes.cfg,shared helper,Neutral,NVG,GeneralNPC_Neutral_NVG,GeneralNPC_Neutral_NVG,[0],"{""SID"":""GeneralNPC_Neutral_NVG"",""SpecificRewardSound"":""EUISound::SystemNotificationNews""}",[1],NightVision,ERank::Veteran,,,"{""bAllowSameCategoryGeneration"":""false""}",[0],GeneralNPC_Neutral_NVG.ItemGenerator.[1].PossibleItems.[0],NVG_NPC_Gen1,,chance,,0.5,,,,,,,"{""ItemPrototypeSID"":""NVG_NPC_Gen1"",""Chance"":""0.5""}"
vanilla/Stalker2/Content/GameLite/GameData/ItemGeneratorPrototypes.cfg,shared helper,Neutral,NVG,GeneralNPC_Neutral_NVG,GeneralNPC_Neutral_NVG,[0],"{""SID"":""GeneralNPC_Neutral_NVG"",""SpecificRewardSound"":""EUISound::SystemNotificationNews""}",[1],NightVision,ERank::Veteran,,,"{""bAllowSameCategoryGeneration"":""false""}",[1],GeneralNPC_Neutral_NVG.ItemGenerator.[1].PossibleItems.[1],NVG_NPC_Gen2,,chance,,0.2,,,,,,,"{""ItemPrototypeSID"":""NVG_NPC_Gen2"",""Chance"":""0.2""}"
vanilla/Stalker2/Content/GameLite/GameData/ItemGeneratorPrototypes.cfg,shared helper,Neutral,NVG,GeneralNPC_Neutral_NVG,GeneralNPC_Neutral_NVG,[0],"{""SID"":""GeneralNPC_Neutral_NVG"",""SpecificRewardSound"":""EUISound::SystemNotificationNews""}",[2],NightVision,ERank::Master,,,"{""bAllowSameCategoryGeneration"":""false""}",[0],GeneralNPC_Neutral_NVG.ItemGenerator.[2].PossibleItems.[0],NVG_NPC_Gen1,,chance,,0.2,,,,,,,"{""ItemPrototypeSID"":""NVG_NPC_Gen1"",""Chance"":""0.2""}"
vanilla/Stalker2/Content/GameLite/GameData/ItemGeneratorPrototypes.cfg,shared helper,Neutral,NVG,GeneralNPC_Neutral_NVG,GeneralNPC_Neutral_NVG,[0],"{""SID"":""GeneralNPC_Neutral_NVG"",""SpecificRewardSound"":""EUISound::SystemNotificationNews""}",[2],NightVision,ERank::Master,,,"{""bAllowSameCategoryGeneration"":""false""}",[1],GeneralNPC_Neutral_NVG.ItemGenerator.[2].PossibleItems.[1],NVG_NPC_Gen2,,chance,,0.6,,,,,,,"{""ItemPrototypeSID"":""NVG_NPC_Gen2"",""Chance"":""0.6""}"
vanilla/Stalker2/Content/GameLite/GameData/ItemGeneratorPrototypes.cfg,shared helper,Bandit,NVG,GeneralNPC_Bandit_NVG,GeneralNPC_Bandit_NVG,[0],"{""SID"":""GeneralNPC_Bandit_NVG"",""SpecificRewardSound"":""EUISound::SystemNotificationNews""}",[0],NightVision,ERank::Master,,,"{""bAllowSameCategoryGeneration"":""false""}",[0],GeneralNPC_Bandit_NVG.ItemGenerator.[0].PossibleItems.[0],NVG_NPC_Gen1,,chance,,0.8,,,,,,,"{""ItemPrototypeSID"":""NVG_NPC_Gen1"",""Chance"":""0.8""}"
vanilla/Stalker2/Content/GameLite/GameData/ItemGeneratorPrototypes.cfg,shared helper,Bandit,NVG,GeneralNPC_Bandit_NVG,GeneralNPC_Bandit_NVG,[0],"{""SID"":""GeneralNPC_Bandit_NVG"",""SpecificRewardSound"":""EUISound::SystemNotificationNews""}",[0],NightVision,ERank::Master,,,"{""bAllowSameCategoryGeneration"":""false""}",[1],GeneralNPC_Bandit_NVG.ItemGenerator.[0].PossibleItems.[1],NVG_NPC_Gen2,,chance,,0.2,,,,,,,"{""ItemPrototypeSID"":""NVG_NPC_Gen2"",""Chance"":""0.2""}"
vanilla/Stalker2/Content/GameLite/GameData/ItemGeneratorPrototypes.cfg,shared helper,Mercenaries,NVG,GeneralNPC_Mercenaries_NVG,GeneralNPC_Mercenaries_NVG,[0],"{""SID"":""GeneralNPC_Mercenaries_NVG"",""SpecificRewardSound"":""EUISound::SystemNotificationNews""}",[0],NightVision,ERank::Experienced,,,"{""bAllowSameCategoryGeneration"":""false""}",[0],GeneralNPC_Mercenaries_NVG.ItemGenerator.[0].PossibleItems.[0],NVG_NPC_Gen1,,chance,,0.3,,,,,,,"{""ItemPrototypeSID"":""NVG_NPC_Gen1"",""Chance"":""0.3""}"
vanilla/Stalker2/Content/GameLite/GameData/ItemGeneratorPrototypes.cfg,shared helper,Mercenaries,NVG,GeneralNPC_Mercenaries_NVG,GeneralNPC_Mercenaries_NVG,[0],"{""SID"":""GeneralNPC_Mercenaries_NVG"",""SpecificRewardSound"":""EUISound::SystemNotificationNews""}",[1],NightVision,ERank::Veteran,,,"{""bAllowSameCategoryGeneration"":""false""}",[0],GeneralNPC_Mercenaries_NVG.ItemGenerator.[1].PossibleItems.[0],NVG_NPC_Gen1,,chance,,0.4,,,,,,,"{""ItemPrototypeSID"":""NVG_NPC_Gen1"",""Chance"":""0.4""}"
vanilla/Stalker2/Content/GameLite/GameData/ItemGeneratorPrototypes.cfg,shared helper,Mercenaries,NVG,GeneralNPC_Mercenaries_NVG,GeneralNPC_Mercenaries_NVG,[0],"{""SID"":""GeneralNPC_Mercenaries_NVG"",""SpecificRewardSound"":""EUISound::SystemNotificationNews""}",[1],NightVision,ERank::Veteran,,,"{""bAllowSameCategoryGeneration"":""false""}",[1],GeneralNPC_Mercenaries_NVG.ItemGenerator.[1].PossibleItems.[1],NVG_NPC_Gen2,,chance,,0.1,,,,,,,"{""ItemPrototypeSID"":""NVG_NPC_Gen2"",""Chance"":""0.1""}"
vanilla/Stalker2/Content/GameLite/GameData/ItemGeneratorPrototypes.cfg,shared helper,Mercenaries,NVG,GeneralNPC_Mercenaries_NVG,GeneralNPC_Mercenaries_NVG,[0],"{""SID"":""GeneralNPC_Mercenaries_NVG"",""SpecificRewardSound"":""EUISound::SystemNotificationNews""}",[2],NightVision,ERank::Master,,,"{""bAllowSameCategoryGeneration"":""false""}",[0],GeneralNPC_Mercenaries_NVG.ItemGenerator.[2].PossibleItems.[0],NVG_NPC_Gen2,,chance,,0.5,,,,,,,"{""ItemPrototypeSID"":""NVG_NPC_Gen2"",""Chance"":""0.5""}"
vanilla/Stalker2/Content/GameLite/GameData/ItemGeneratorPrototypes.cfg,shared helper,Mercenaries,NVG,GeneralNPC_Mercenaries_NVG,GeneralNPC_Mercenaries_NVG,[0],"{""SID"":""GeneralNPC_Mercenaries_NVG"",""SpecificRewardSound"":""EUISound::SystemNotificationNews""}",[2],NightVision,ERank::Master,,,"{""bAllowSameCategoryGeneration"":""false""}",[1],GeneralNPC_Mercenaries_NVG.ItemGenerator.[2].PossibleItems.[1],NVG_NPC_Gen3,,chance,,0.2,,,,,,,"{""ItemPrototypeSID"":""NVG_NPC_Gen3"",""Chance"":""0.2""}"
vanilla/Stalker2/Content/GameLite/GameData/ItemGeneratorPrototypes.cfg,shared helper,Militaries,NVG,GeneralNPC_Militaries_NVG,GeneralNPC_Militaries_NVG,[0],"{""SID"":""GeneralNPC_Militaries_NVG"",""SpecificRewardSound"":""EUISound::SystemNotificationNews""}",[0],NightVision,ERank::Experienced,,,"{""bAllowSameCategoryGeneration"":""false""}",[0],GeneralNPC_Militaries_NVG.ItemGenerator.[0].PossibleItems.[0],NVG_NPC_Gen1,,chance,,0.3,,,,,,,"{""ItemPrototypeSID"":""NVG_NPC_Gen1"",""Chance"":""0.3""}"
vanilla/Stalker2/Content/GameLite/GameData/ItemGeneratorPrototypes.cfg,shared helper,Militaries,NVG,GeneralNPC_Militaries_NVG,GeneralNPC_Militaries_NVG,[0],"{""SID"":""GeneralNPC_Militaries_NVG"",""SpecificRewardSound"":""EUISound::SystemNotificationNews""}",[1],NightVision,ERank::Veteran,,,"{""bAllowSameCategoryGeneration"":""false""}",[0],GeneralNPC_Militaries_NVG.ItemGenerator.[1].PossibleItems.[0],NVG_NPC_Gen1,,chance,,0.4,,,,,,,"{""ItemPrototypeSID"":""NVG_NPC_Gen1"",""Chance"":""0.4""}"
vanilla/Stalker2/Content/GameLite/GameData/ItemGeneratorPrototypes.cfg,shared helper,Militaries,NVG,GeneralNPC_Militaries_NVG,GeneralNPC_Militaries_NVG,[0],"{""SID"":""GeneralNPC_Militaries_NVG"",""SpecificRewardSound"":""EUISound::SystemNotificationNews""}",[1],NightVision,ERank::Veteran,,,"{""bAllowSameCategoryGeneration"":""false""}",[1],GeneralNPC_Militaries_NVG.ItemGenerator.[1].PossibleItems.[1],NVG_NPC_Gen2,,chance,,0.1,,,,,,,"{""ItemPrototypeSID"":""NVG_NPC_Gen2"",""Chance"":""0.1""}"
vanilla/Stalker2/Content/GameLite/GameData/ItemGeneratorPrototypes.cfg,shared helper,Militaries,NVG,GeneralNPC_Militaries_NVG,GeneralNPC_Militaries_NVG,[0],"{""SID"":""GeneralNPC_Militaries_NVG"",""SpecificRewardSound"":""EUISound::SystemNotificationNews""}",[2],NightVision,ERank::Master,,,"{""bAllowSameCategoryGeneration"":""false""}",[0],GeneralNPC_Militaries_NVG.ItemGenerator.[2].PossibleItems.[0],NVG_NPC_Gen2,,chance,,0.5,,,,,,,"{""ItemPrototypeSID"":""NVG_NPC_Gen2"",""Chance"":""0.5""}"
vanilla/Stalker2/Content/GameLite/GameData/ItemGeneratorPrototypes.cfg,shared helper,Militaries,NVG,GeneralNPC_Militaries_NVG,GeneralNPC_Militaries_NVG,[0],"{""SID"":""GeneralNPC_Militaries_NVG"",""SpecificRewardSound"":""EUISound::SystemNotificationNews""}",[2],NightVision,ERank::Master,,,"{""bAllowSameCategoryGeneration"":""false""}",[1],GeneralNPC_Militaries_NVG.ItemGenerator.[2].PossibleItems.[1],NVG_NPC_Gen3,,chance,,0.2,,,,,,,"{""ItemPrototypeSID"":""NVG_NPC_Gen3"",""Chance"":""0.2""}"
vanilla/Stalker2/Content/GameLite/GameData/ItemGeneratorPrototypes.cfg,shared helper,Monolith,NVG,GeneralNPC_Monolith_NVG,GeneralNPC_Monolith_NVG,[0],"{""SID"":""GeneralNPC_Monolith_NVG"",""SpecificRewardSound"":""EUISound::SystemNotificationNews""}",[0],NightVision,ERank::Veteran,,,"{""bAllowSameCategoryGeneration"":""false""}",[0],GeneralNPC_Monolith_NVG.ItemGenerator.[0].PossibleItems.[0],NVG_NPC_Gen1,,chance,,0.3,,,,,,,"{""ItemPrototypeSID"":""NVG_NPC_Gen1"",""Chance"":""0.3""}"
vanilla/Stalker2/Content/GameLite/GameData/ItemGeneratorPrototypes.cfg,shared helper,Monolith,NVG,GeneralNPC_Monolith_NVG,GeneralNPC_Monolith_NVG,[0],"{""SID"":""GeneralNPC_Monolith_NVG"",""SpecificRewardSound"":""EUISound::SystemNotificationNews""}",[0],NightVision,ERank::Veteran,,,"{""bAllowSameCategoryGeneration"":""false""}",[1],GeneralNPC_Monolith_NVG.ItemGenerator.[0].PossibleItems.[1],NVG_NPC_Gen2,,chance,,0.5,,,,,,,"{""ItemPrototypeSID"":""NVG_NPC_Gen2"",""Chance"":""0.5""}"
vanilla/Stalker2/Content/GameLite/GameData/ItemGeneratorPrototypes.cfg,shared helper,Monolith,NVG,GeneralNPC_Monolith_NVG,GeneralNPC_Monolith_NVG,[0],"{""SID"":""GeneralNPC_Monolith_NVG"",""SpecificRewardSound"":""EUISound::SystemNotificationNews""}",[1],NightVision,ERank::Master,,,"{""bAllowSameCategoryGeneration"":""false""}",[0],GeneralNPC_Monolith_NVG.ItemGenerator.[1].PossibleItems.[0],NVG_NPC_Gen2,,chance,,0.3,,,,,,,"{""ItemPrototypeSID"":""NVG_NPC_Gen2"",""Chance"":""0.3""}"
vanilla/Stalker2/Content/GameLite/GameData/ItemGeneratorPrototypes.cfg,shared helper,Monolith,NVG,GeneralNPC_Monolith_NVG,GeneralNPC_Monolith_NVG,[0],"{""SID"":""GeneralNPC_Monolith_NVG"",""SpecificRewardSound"":""EUISound::SystemNotificationNews""}",[1],NightVision,ERank::Master,,,"{""bAllowSameCategoryGeneration"":""false""}",[1],GeneralNPC_Monolith_NVG.ItemGenerator.[1].PossibleItems.[1],NVG_NPC_Gen3,,chance,,0.7,,,,,,,"{""ItemPrototypeSID"":""NVG_NPC_Gen3"",""Chance"":""0.7""}"
vanilla/Stalker2/Content/GameLite/GameData/ItemGeneratorPrototypes.cfg,shared helper,Duty,NVG,GeneralNPC_Duty_NVG,GeneralNPC_Duty_NVG,[0],"{""SID"":""GeneralNPC_Duty_NVG"",""SpecificRewardSound"":""EUISound::SystemNotificationNews""}",[0],NightVision,ERank::Experienced,,,"{""bAllowSameCategoryGeneration"":""false""}",[0],GeneralNPC_Duty_NVG.ItemGenerator.[0].PossibleItems.[0],NVG_NPC_Gen1,,chance,,0.3,,,,,,,"{""ItemPrototypeSID"":""NVG_NPC_Gen1"",""Chance"":""0.3""}"
vanilla/Stalker2/Content/GameLite/GameData/ItemGeneratorPrototypes.cfg,shared helper,Duty,NVG,GeneralNPC_Duty_NVG,GeneralNPC_Duty_NVG,[0],"{""SID"":""GeneralNPC_Duty_NVG"",""SpecificRewardSound"":""EUISound::SystemNotificationNews""}",[1],NightVision,ERank::Veteran,,,"{""bAllowSameCategoryGeneration"":""false""}",[0],GeneralNPC_Duty_NVG.ItemGenerator.[1].PossibleItems.[0],NVG_NPC_Gen1,,chance,,0.4,,,,,,,"{""ItemPrototypeSID"":""NVG_NPC_Gen1"",""Chance"":""0.4""}"
vanilla/Stalker2/Content/GameLite/GameData/ItemGeneratorPrototypes.cfg,shared helper,Duty,NVG,GeneralNPC_Duty_NVG,GeneralNPC_Duty_NVG,[0],"{""SID"":""GeneralNPC_Duty_NVG"",""SpecificRewardSound"":""EUISound::SystemNotificationNews""}",[1],NightVision,ERank::Veteran,,,"{""bAllowSameCategoryGeneration"":""false""}",[1],GeneralNPC_Duty_NVG.ItemGenerator.[1].PossibleItems.[1],NVG_NPC_Gen2,,chance,,0.1,,,,,,,"{""ItemPrototypeSID"":""NVG_NPC_Gen2"",""Chance"":""0.1""}"
vanilla/Stalker2/Content/GameLite/GameData/ItemGeneratorPrototypes.cfg,shared helper,Duty,NVG,GeneralNPC_Duty_NVG,GeneralNPC_Duty_NVG,[0],"{""SID"":""GeneralNPC_Duty_NVG"",""SpecificRewardSound"":""EUISound::SystemNotificationNews""}",[2],NightVision,ERank::Master,,,"{""bAllowSameCategoryGeneration"":""false""}",[0],GeneralNPC_Duty_NVG.ItemGenerator.[2].PossibleItems.[0],NVG_NPC_Gen2,,chance,,0.5,,,,,,,"{""ItemPrototypeSID"":""NVG_NPC_Gen2"",""Chance"":""0.5""}"
vanilla/Stalker2/Content/GameLite/GameData/ItemGeneratorPrototypes.cfg,shared helper,Duty,NVG,GeneralNPC_Duty_NVG,GeneralNPC_Duty_NVG,[0],"{""SID"":""GeneralNPC_Duty_NVG"",""SpecificRewardSound"":""EUISound::SystemNotificationNews""}",[2],NightVision,ERank::Master,,,"{""bAllowSameCategoryGeneration"":""false""}",[1],GeneralNPC_Duty_NVG.ItemGenerator.[2].PossibleItems.[1],NVG_NPC_Gen3,,chance,,0.2,,,,,,,"{""ItemPrototypeSID"":""NVG_NPC_Gen3"",""Chance"":""0.2""}"
vanilla/Stalker2/Content/GameLite/GameData/ItemGeneratorPrototypes.cfg,shared helper,Freedom,NVG,GeneralNPC_Freedom_NVG,GeneralNPC_Freedom_NVG,[0],"{""SID"":""GeneralNPC_Freedom_NVG"",""SpecificRewardSound"":""EUISound::SystemNotificationNews""}",[0],NightVision,ERank::Experienced,,,"{""bAllowSameCategoryGeneration"":""false""}",[0],GeneralNPC_Freedom_NVG.ItemGenerator.[0].PossibleItems.[0],NVG_NPC_Gen1,,chance,,0.3,,,,,,,"{""ItemPrototypeSID"":""NVG_NPC_Gen1"",""Chance"":""0.3""}"
vanilla/Stalker2/Content/GameLite/GameData/ItemGeneratorPrototypes.cfg,shared helper,Freedom,NVG,GeneralNPC_Freedom_NVG,GeneralNPC_Freedom_NVG,[0],"{""SID"":""GeneralNPC_Freedom_NVG"",""SpecificRewardSound"":""EUISound::SystemNotificationNews""}",[1],NightVision,ERank::Veteran,,,"{""bAllowSameCategoryGeneration"":""false""}",[0],GeneralNPC_Freedom_NVG.ItemGenerator.[1].PossibleItems.[0],NVG_NPC_Gen1,,chance,,0.4,,,,,,,"{""ItemPrototypeSID"":""NVG_NPC_Gen1"",""Chance"":""0.4""}"
vanilla/Stalker2/Content/GameLite/GameData/ItemGeneratorPrototypes.cfg,shared helper,Freedom,NVG,GeneralNPC_Freedom_NVG,GeneralNPC_Freedom_NVG,[0],"{""SID"":""GeneralNPC_Freedom_NVG"",""SpecificRewardSound"":""EUISound::SystemNotificationNews""}",[1],NightVision,ERank::Veteran,,,"{""bAllowSameCategoryGeneration"":""false""}",[1],GeneralNPC_Freedom_NVG.ItemGenerator.[1].PossibleItems.[1],NVG_NPC_Gen2,,chance,,0.1,,,,,,,"{""ItemPrototypeSID"":""NVG_NPC_Gen2"",""Chance"":""0.1""}"
vanilla/Stalker2/Content/GameLite/GameData/ItemGeneratorPrototypes.cfg,shared helper,Freedom,NVG,GeneralNPC_Freedom_NVG,GeneralNPC_Freedom_NVG,[0],"{""SID"":""GeneralNPC_Freedom_NVG"",""SpecificRewardSound"":""EUISound::SystemNotificationNews""}",[2],NightVision,ERank::Master,,,"{""bAllowSameCategoryGeneration"":""false""}",[0],GeneralNPC_Freedom_NVG.ItemGenerator.[2].PossibleItems.[0],NVG_NPC_Gen2,,chance,,0.5,,,,,,,"{""ItemPrototypeSID"":""NVG_NPC_Gen2"",""Chance"":""0.5""}"
vanilla/Stalker2/Content/GameLite/GameData/ItemGeneratorPrototypes.cfg,shared helper,Freedom,NVG,GeneralNPC_Freedom_NVG,GeneralNPC_Freedom_NVG,[0],"{""SID"":""GeneralNPC_Freedom_NVG"",""SpecificRewardSound"":""EUISound::SystemNotificationNews""}",[2],NightVision,ERank::Master,,,"{""bAllowSameCategoryGeneration"":""false""}",[1],GeneralNPC_Freedom_NVG.ItemGenerator.[2].PossibleItems.[1],NVG_NPC_Gen3,,chance,,0.2,,,,,,,"{""ItemPrototypeSID"":""NVG_NPC_Gen3"",""Chance"":""0.2""}"
vanilla/Stalker2/Content/GameLite/GameData/ItemGeneratorPrototypes.cfg,shared helper,Varta,NVG,GeneralNPC_Varta_NVG,GeneralNPC_Varta_NVG,[0],"{""SID"":""GeneralNPC_Varta_NVG"",""SpecificRewardSound"":""EUISound::SystemNotificationNews""}",[0],NightVision,ERank::Experienced,,,"{""bAllowSameCategoryGeneration"":""false""}",[0],GeneralNPC_Varta_NVG.ItemGenerator.[0].PossibleItems.[0],NVG_NPC_Gen1,,chance,,0.5,,,,,,,"{""ItemPrototypeSID"":""NVG_NPC_Gen1"",""Chance"":""0.5""}"
vanilla/Stalker2/Content/GameLite/GameData/ItemGeneratorPrototypes.cfg,shared helper,Varta,NVG,GeneralNPC_Varta_NVG,GeneralNPC_Varta_NVG,[0],"{""SID"":""GeneralNPC_Varta_NVG"",""SpecificRewardSound"":""EUISound::SystemNotificationNews""}",[1],NightVision,ERank::Veteran,,,"{""bAllowSameCategoryGeneration"":""false""}",[0],GeneralNPC_Varta_NVG.ItemGenerator.[1].PossibleItems.[0],NVG_NPC_Gen1,,chance,,0.3,,,,,,,"{""ItemPrototypeSID"":""NVG_NPC_Gen1"",""Chance"":""0.3""}"
vanilla/Stalker2/Content/GameLite/GameData/ItemGeneratorPrototypes.cfg,shared helper,Varta,NVG,GeneralNPC_Varta_NVG,GeneralNPC_Varta_NVG,[0],"{""SID"":""GeneralNPC_Varta_NVG"",""SpecificRewardSound"":""EUISound::SystemNotificationNews""}",[1],NightVision,ERank::Veteran,,,"{""bAllowSameCategoryGeneration"":""false""}",[1],GeneralNPC_Varta_NVG.ItemGenerator.[1].PossibleItems.[1],NVG_NPC_Gen2,,chance,,0.5,,,,,,,"{""ItemPrototypeSID"":""NVG_NPC_Gen2"",""Chance"":""0.5""}"
vanilla/Stalker2/Content/GameLite/GameData/ItemGeneratorPrototypes.cfg,shared helper,Varta,NVG,GeneralNPC_Varta_NVG,GeneralNPC_Varta_NVG,[0],"{""SID"":""GeneralNPC_Varta_NVG"",""SpecificRewardSound"":""EUISound::SystemNotificationNews""}",[2],NightVision,ERank::Master,,,"{""bAllowSameCategoryGeneration"":""false""}",[0],GeneralNPC_Varta_NVG.ItemGenerator.[2].PossibleItems.[0],NVG_NPC_Gen2,,chance,,0.3,,,,,,,"{""ItemPrototypeSID"":""NVG_NPC_Gen2"",""Chance"":""0.3""}"
vanilla/Stalker2/Content/GameLite/GameData/ItemGeneratorPrototypes.cfg,shared helper,Varta,NVG,GeneralNPC_Varta_NVG,GeneralNPC_Varta_NVG,[0],"{""SID"":""GeneralNPC_Varta_NVG"",""SpecificRewardSound"":""EUISound::SystemNotificationNews""}",[2],NightVision,ERank::Master,,,"{""bAllowSameCategoryGeneration"":""false""}",[1],GeneralNPC_Varta_NVG.ItemGenerator.[2].PossibleItems.[1],NVG_NPC_Gen3,,chance,,0.7,,,,,,,"{""ItemPrototypeSID"":""NVG_NPC_Gen3"",""Chance"":""0.7""}"
vanilla/Stalker2/Content/GameLite/GameData/ItemGeneratorPrototypes.cfg,shared helper,Spark,NVG,GeneralNPC_Spark_NVG,GeneralNPC_Spark_NVG,[0],"{""SID"":""GeneralNPC_Spark_NVG"",""SpecificRewardSound"":""EUISound::SystemNotificationNews""}",[0],NightVision,ERank::Experienced,,,"{""bAllowSameCategoryGeneration"":""false""}",[0],GeneralNPC_Spark_NVG.ItemGenerator.[0].PossibleItems.[0],NVG_NPC_Gen1,,chance,,1.0,,,,,,,"{""ItemPrototypeSID"":""NVG_NPC_Gen1"",""Chance"":""1.0""}"
vanilla/Stalker2/Content/GameLite/GameData/ItemGeneratorPrototypes.cfg,shared helper,Spark,NVG,GeneralNPC_Spark_NVG,GeneralNPC_Spark_NVG,[0],"{""SID"":""GeneralNPC_Spark_NVG"",""SpecificRewardSound"":""EUISound::SystemNotificationNews""}",[1],NightVision,ERank::Veteran,,,"{""bAllowSameCategoryGeneration"":""false""}",[0],GeneralNPC_Spark_NVG.ItemGenerator.[1].PossibleItems.[0],NVG_NPC_Gen1,,chance,,0.8,,,,,,,"{""ItemPrototypeSID"":""NVG_NPC_Gen1"",""Chance"":""0.8""}"
vanilla/Stalker2/Content/GameLite/GameData/ItemGeneratorPrototypes.cfg,shared helper,Spark,NVG,GeneralNPC_Spark_NVG,GeneralNPC_Spark_NVG,[0],"{""SID"":""GeneralNPC_Spark_NVG"",""SpecificRewardSound"":""EUISound::SystemNotificationNews""}",[1],NightVision,ERank::Veteran,,,"{""bAllowSameCategoryGeneration"":""false""}",[1],GeneralNPC_Spark_NVG.ItemGenerator.[1].PossibleItems.[1],NVG_NPC_Gen2,,chance,,0.2,,,,,,,"{""ItemPrototypeSID"":""NVG_NPC_Gen2"",""Chance"":""0.2""}"
vanilla/Stalker2/Content/GameLite/GameData/ItemGeneratorPrototypes.cfg,shared helper,Spark,NVG,GeneralNPC_Spark_NVG,GeneralNPC_Spark_NVG,[0],"{""SID"":""GeneralNPC_Spark_NVG"",""SpecificRewardSound"":""EUISound::SystemNotificationNews""}",[2],NightVision,ERank::Master,,,"{""bAllowSameCategoryGeneration"":""false""}",[0],GeneralNPC_Spark_NVG.ItemGenerator.[2].PossibleItems.[0],NVG_NPC_Gen1,,chance,,0.1,,,,,,,"{""ItemPrototypeSID"":""NVG_NPC_Gen1"",""Chance"":""0.1""}"
vanilla/Stalker2/Content/GameLite/GameData/ItemGeneratorPrototypes.cfg,shared helper,Spark,NVG,GeneralNPC_Spark_NVG,GeneralNPC_Spark_NVG,[0],"{""SID"":""GeneralNPC_Spark_NVG"",""SpecificRewardSound"":""EUISound::SystemNotificationNews""}",[2],NightVision,ERank::Master,,,"{""bAllowSameCategoryGeneration"":""false""}",[1],GeneralNPC_Spark_NVG.ItemGenerator.[2].PossibleItems.[1],NVG_NPC_Gen2,,chance,,0.5,,,,,,,"{""ItemPrototypeSID"":""NVG_NPC_Gen2"",""Chance"":""0.5""}"
vanilla/Stalker2/Content/GameLite/GameData/ItemGeneratorPrototypes.cfg,shared helper,Spark,NVG,GeneralNPC_Spark_NVG,GeneralNPC_Spark_NVG,[0],"{""SID"":""GeneralNPC_Spark_NVG"",""SpecificRewardSound"":""EUISound::SystemNotificationNews""}",[2],NightVision,ERank::Master,,,"{""bAllowSameCategoryGeneration"":""false""}",[2],GeneralNPC_Spark_NVG.ItemGenerator.[2].PossibleItems.[2],NVG_NPC_Gen3,,chance,,0.1,,,,,,,"{""ItemPrototypeSID"":""NVG_NPC_Gen3"",""Chance"":""0.1""}"
vanilla/Stalker2/Content/GameLite/GameData/ItemGeneratorPrototypes.cfg,shared helper,Corpus,NVG,GeneralNPC_Corpus_NVG,GeneralNPC_Corpus_NVG,[0],"{""SID"":""GeneralNPC_Corpus_NVG"",""SpecificRewardSound"":""EUISound::SystemNotificationNews""}",[0],NightVision,ERank::Experienced,,,"{""bAllowSameCategoryGeneration"":""false""}",[0],GeneralNPC_Corpus_NVG.ItemGenerator.[0].PossibleItems.[0],NVG_NPC_Gen1,,chance,,0.5,,,,,,,"{""ItemPrototypeSID"":""NVG_NPC_Gen1"",""Chance"":""0.5""}"
vanilla/Stalker2/Content/GameLite/GameData/ItemGeneratorPrototypes.cfg,shared helper,Corpus,NVG,GeneralNPC_Corpus_NVG,GeneralNPC_Corpus_NVG,[0],"{""SID"":""GeneralNPC_Corpus_NVG"",""SpecificRewardSound"":""EUISound::SystemNotificationNews""}",[1],NightVision,ERank::Veteran,,,"{""bAllowSameCategoryGeneration"":""false""}",[0],GeneralNPC_Corpus_NVG.ItemGenerator.[1].PossibleItems.[0],NVG_NPC_Gen1,,chance,,0.3,,,,,,,"{""ItemPrototypeSID"":""NVG_NPC_Gen1"",""Chance"":""0.3""}"
vanilla/Stalker2/Content/GameLite/GameData/ItemGeneratorPrototypes.cfg,shared helper,Corpus,NVG,GeneralNPC_Corpus_NVG,GeneralNPC_Corpus_NVG,[0],"{""SID"":""GeneralNPC_Corpus_NVG"",""SpecificRewardSound"":""EUISound::SystemNotificationNews""}",[1],NightVision,ERank::Veteran,,,"{""bAllowSameCategoryGeneration"":""false""}",[1],GeneralNPC_Corpus_NVG.ItemGenerator.[1].PossibleItems.[1],NVG_NPC_Gen2,,chance,,0.5,,,,,,,"{""ItemPrototypeSID"":""NVG_NPC_Gen2"",""Chance"":""0.5""}"
vanilla/Stalker2/Content/GameLite/GameData/ItemGeneratorPrototypes.cfg,shared helper,Corpus,NVG,GeneralNPC_Corpus_NVG,GeneralNPC_Corpus_NVG,[0],"{""SID"":""GeneralNPC_Corpus_NVG"",""SpecificRewardSound"":""EUISound::SystemNotificationNews""}",[2],NightVision,ERank::Master,,,"{""bAllowSameCategoryGeneration"":""false""}",[0],GeneralNPC_Corpus_NVG.ItemGenerator.[2].PossibleItems.[0],NVG_NPC_Gen2,,chance,,0.3,,,,,,,"{""ItemPrototypeSID"":""NVG_NPC_Gen2"",""Chance"":""0.3""}"
vanilla/Stalker2/Content/GameLite/GameData/ItemGeneratorPrototypes.cfg,shared helper,Corpus,NVG,GeneralNPC_Corpus_NVG,GeneralNPC_Corpus_NVG,[0],"{""SID"":""GeneralNPC_Corpus_NVG"",""SpecificRewardSound"":""EUISound::SystemNotificationNews""}",[2],NightVision,ERank::Master,,,"{""bAllowSameCategoryGeneration"":""false""}",[1],GeneralNPC_Corpus_NVG.ItemGenerator.[2].PossibleItems.[1],NVG_NPC_Gen3,,chance,,0.7,,,,,,,"{""ItemPrototypeSID"":""NVG_NPC_Gen3"",""Chance"":""0.7""}"
vanilla/Stalker2/Content/GameLite/GameData/ItemGeneratorPrototypes.cfg,prologue,Bandit,Recon_ItemGenerator_Prolog_Obrez,GeneralNPC_Bandit_Recon_ItemGenerator_Prolog_Obrez,GeneralNPC_Bandit_Recon_ItemGenerator_Prolog_Obrez,[0],"{""SID"":""GeneralNPC_Bandit_Recon_ItemGenerator_Prolog_Obrez"",""RefreshTime"":""1d"",""SpecificRewardSound"":""EUISound::SystemNotificationNews""}",[0],SubItemGenerator,,,,{},[0],GeneralNPC_Bandit_Recon_ItemGenerator_Prolog_Obrez.ItemGenerator.[0].PossibleItems.[0],,GeneralNPC_Bandit_WeaponPistol,weight,1,,,,,,,,"{""ItemGeneratorPrototypeSID"":""GeneralNPC_Bandit_WeaponPistol"",""Weight"":""1""}"
vanilla/Stalker2/Content/GameLite/GameData/ItemGeneratorPrototypes.cfg,prologue,Bandit,Recon_ItemGenerator_Prolog_Obrez,GeneralNPC_Bandit_Recon_ItemGenerator_Prolog_Obrez,GeneralNPC_Bandit_Recon_ItemGenerator_Prolog_Obrez,[0],"{""SID"":""GeneralNPC_Bandit_Recon_ItemGenerator_Prolog_Obrez"",""RefreshTime"":""1d"",""SpecificRewardSound"":""EUISound::SystemNotificationNews""}",[1],WeaponPrimary,ERank::Newbie,,,{},[0],GeneralNPC_Bandit_Recon_ItemGenerator_Prolog_Obrez.ItemGenerator.[1].PossibleItems.[0],GunObrez_SG,,weight,1000,,,,0,2,0.25,0.5,"{""ItemPrototypeSID"":""GunObrez_SG"",""Weight"":""1000"",""MinDurability"":""0.25"",""MaxDurability"":""0.5"",""AmmoMinCount"":""0"",""AmmoMaxCount"":""2""}"
vanilla/Stalker2/Content/GameLite/GameData/ItemGeneratorPrototypes.cfg,prologue,Bandit,Recon_ItemGenerator_Prolog_Obrez,GeneralNPC_Bandit_Recon_ItemGenerator_Prolog_Obrez,GeneralNPC_Bandit_Recon_ItemGenerator_Prolog_Obrez,[0],"{""SID"":""GeneralNPC_Bandit_Recon_ItemGenerator_Prolog_Obrez"",""RefreshTime"":""1d"",""SpecificRewardSound"":""EUISound::SystemNotificationNews""}",[2],WeaponPrimary,"ERank::Experienced, ERank::Veteran, ERank::Master",,,{},[0],GeneralNPC_Bandit_Recon_ItemGenerator_Prolog_Obrez.ItemGenerator.[2].PossibleItems.[0],GunObrez_SG,,weight,1000,,,,0,7,0.25,0.5,"{""ItemPrototypeSID"":""GunObrez_SG"",""Weight"":""1000"",""MinDurability"":""0.25"",""MaxDurability"":""0.5"",""AmmoMinCount"":""0"",""AmmoMaxCount"":""7""}"
vanilla/Stalker2/Content/GameLite/GameData/ItemGeneratorPrototypes.cfg,prologue,Bandit,Recon_ItemGenerator_Prolog_Obrez,GeneralNPC_Bandit_Recon_ItemGenerator_Prolog_Obrez,GeneralNPC_Bandit_Recon_ItemGenerator_Prolog_Obrez,[0],"{""SID"":""GeneralNPC_Bandit_Recon_ItemGenerator_Prolog_Obrez"",""RefreshTime"":""1d"",""SpecificRewardSound"":""EUISound::SystemNotificationNews""}",[3],SubItemGenerator,,,,{},[0],GeneralNPC_Bandit_Recon_ItemGenerator_Prolog_Obrez.ItemGenerator.[3].PossibleItems.[0],,GeneralNPC_Bandit_Armor,weight,1,,,,,,,,"{""ItemGeneratorPrototypeSID"":""GeneralNPC_Bandit_Armor"",""Weight"":""1""}"
vanilla/Stalker2/Content/GameLite/GameData/ItemGeneratorPrototypes.cfg,prologue,Bandit,Recon_ItemGenerator_Prolog_Obrez,GeneralNPC_Bandit_Recon_ItemGenerator_Prolog_Obrez,GeneralNPC_Bandit_Recon_ItemGenerator_Prolog_Obrez,[0],"{""SID"":""GeneralNPC_Bandit_Recon_ItemGenerator_Prolog_Obrez"",""RefreshTime"":""1d"",""SpecificRewardSound"":""EUISound::SystemNotificationNews""}",[4],SubItemGenerator,,,,{},[0],GeneralNPC_Bandit_Recon_ItemGenerator_Prolog_Obrez.ItemGenerator.[4].PossibleItems.[0],,GeneralNPC_Consumables_Recon,chance,,0,,,,,,,"{""ItemGeneratorPrototypeSID"":""GeneralNPC_Consumables_Recon"",""Chance"":""0""}"
vanilla/Stalker2/Content/GameLite/GameData/ItemGeneratorPrototypes.cfg,prologue,Bandit,Recon_ItemGenerator_Prolog_Obrez,GeneralNPC_Bandit_Recon_ItemGenerator_Prolog_Obrez,GeneralNPC_Bandit_Recon_ItemGenerator_Prolog_Obrez,[0],"{""SID"":""GeneralNPC_Bandit_Recon_ItemGenerator_Prolog_Obrez"",""RefreshTime"":""1d"",""SpecificRewardSound"":""EUISound::SystemNotificationNews""}",[5],Artifact,"ERank::Experienced, ERank::Veteran",,,{},[0],GeneralNPC_Bandit_Recon_ItemGenerator_Prolog_Obrez.ItemGenerator.[5].PossibleItems.[0],GrenadeRGD5,,chance,,0,,,0,1,0.45,0.45,"{""ItemPrototypeSID"":""GrenadeRGD5"",""Chance"":""0"",""MinDurability"":""0.45"",""MaxDurability"":""0.45"",""AmmoMinCount"":""0"",""AmmoMaxCount"":""1""}"
vanilla/Stalker2/Content/GameLite/GameData/ItemGeneratorPrototypes.cfg,prologue,Bandit,Recon_ItemGenerator_Prolog_Obrez,GeneralNPC_Bandit_Recon_ItemGenerator_Prolog_Obrez,GeneralNPC_Bandit_Recon_ItemGenerator_Prolog_Obrez,[0],"{""SID"":""GeneralNPC_Bandit_Recon_ItemGenerator_Prolog_Obrez"",""RefreshTime"":""1d"",""SpecificRewardSound"":""EUISound::SystemNotificationNews""}",[6],Artifact,ERank::Master,,,{},[0],GeneralNPC_Bandit_Recon_ItemGenerator_Prolog_Obrez.ItemGenerator.[6].PossibleItems.[0],GrenadeRGD5,,chance,,0,,,0,1,0.45,0.45,"{""ItemPrototypeSID"":""GrenadeRGD5"",""Chance"":""0"",""MinDurability"":""0.45"",""MaxDurability"":""0.45"",""AmmoMinCount"":""0"",""AmmoMaxCount"":""1""}"
vanilla/Stalker2/Content/GameLite/GameData/ItemGeneratorPrototypes.cfg,prologue,Bandit,Recon_ItemGenerator_Prolog_Obrez,GeneralNPC_Bandit_Recon_ItemGenerator_Prolog_Obrez,GeneralNPC_Bandit_Recon_ItemGenerator_Prolog_Obrez,[0],"{""SID"":""GeneralNPC_Bandit_Recon_ItemGenerator_Prolog_Obrez"",""RefreshTime"":""1d"",""SpecificRewardSound"":""EUISound::SystemNotificationNews""}",[6],Artifact,ERank::Master,,,{},[1],GeneralNPC_Bandit_Recon_ItemGenerator_Prolog_Obrez.ItemGenerator.[6].PossibleItems.[1],GrenadeF1,,chance,,0,,,0,1,0.45,0.45,"{""ItemPrototypeSID"":""GrenadeF1"",""Chance"":""0"",""MinDurability"":""0.45"",""MaxDurability"":""0.45"",""AmmoMinCount"":""0"",""AmmoMaxCount"":""1""}"
vanilla/Stalker2/Content/GameLite/GameData/ItemGeneratorPrototypes.cfg,prologue,Bandit,Recon_ItemGenerator_Prolog_AKU,GeneralNPC_Bandit_Recon_ItemGenerator_Prolog_AKU,GeneralNPC_Bandit_Recon_ItemGenerator_Prolog_AKU,[0],"{""SID"":""GeneralNPC_Bandit_Recon_ItemGenerator_Prolog_AKU"",""RefreshTime"":""1d"",""SpecificRewardSound"":""EUISound::SystemNotificationNews""}",[0],SubItemGenerator,,,,{},[0],GeneralNPC_Bandit_Recon_ItemGenerator_Prolog_AKU.ItemGenerator.[0].PossibleItems.[0],,GeneralNPC_Bandit_WeaponPistol,weight,1,,,,,,,,"{""ItemGeneratorPrototypeSID"":""GeneralNPC_Bandit_WeaponPistol"",""Weight"":""1""}"
vanilla/Stalker2/Content/GameLite/GameData/ItemGeneratorPrototypes.cfg,prologue,Bandit,Recon_ItemGenerator_Prolog_AKU,GeneralNPC_Bandit_Recon_ItemGenerator_Prolog_AKU,GeneralNPC_Bandit_Recon_ItemGenerator_Prolog_AKU,[0],"{""SID"":""GeneralNPC_Bandit_Recon_ItemGenerator_Prolog_AKU"",""RefreshTime"":""1d"",""SpecificRewardSound"":""EUISound::SystemNotificationNews""}",[1],WeaponPrimary,ERank::Newbie,,,{},[0],GeneralNPC_Bandit_Recon_ItemGenerator_Prolog_AKU.ItemGenerator.[1].PossibleItems.[0],GunAKU_PP,,weight,1000,,,,0,5,0.25,0.5,"{""ItemPrototypeSID"":""GunAKU_PP"",""Weight"":""1000"",""MinDurability"":""0.25"",""MaxDurability"":""0.5"",""AmmoMinCount"":""0"",""AmmoMaxCount"":""5""}"
vanilla/Stalker2/Content/GameLite/GameData/ItemGeneratorPrototypes.cfg,prologue,Bandit,Recon_ItemGenerator_Prolog_AKU,GeneralNPC_Bandit_Recon_ItemGenerator_Prolog_AKU,GeneralNPC_Bandit_Recon_ItemGenerator_Prolog_AKU,[0],"{""SID"":""GeneralNPC_Bandit_Recon_ItemGenerator_Prolog_AKU"",""RefreshTime"":""1d"",""SpecificRewardSound"":""EUISound::SystemNotificationNews""}",[2],WeaponPrimary,"ERank::Experienced, ERank::Veteran, ERank::Master",,,{},[0],GeneralNPC_Bandit_Recon_ItemGenerator_Prolog_AKU.ItemGenerator.[2].PossibleItems.[0],GunAKU_PP,,weight,3,,,,0,7,0.25,0.5,"{""ItemPrototypeSID"":""GunAKU_PP"",""Weight"":""3"",""MinDurability"":""0.25"",""MaxDurability"":""0.5"",""AmmoMinCount"":""0"",""AmmoMaxCount"":""7""}"
vanilla/Stalker2/Content/GameLite/GameData/ItemGeneratorPrototypes.cfg,prologue,Bandit,Recon_ItemGenerator_Prolog_AKU,GeneralNPC_Bandit_Recon_ItemGenerator_Prolog_AKU,GeneralNPC_Bandit_Recon_ItemGenerator_Prolog_AKU,[0],"{""SID"":""GeneralNPC_Bandit_Recon_ItemGenerator_Prolog_AKU"",""RefreshTime"":""1d"",""SpecificRewardSound"":""EUISound::SystemNotificationNews""}",[3],SubItemGenerator,,,,{},[0],GeneralNPC_Bandit_Recon_ItemGenerator_Prolog_AKU.ItemGenerator.[3].PossibleItems.[0],,GeneralNPC_Bandit_Armor,weight,1,,,,,,,,"{""ItemGeneratorPrototypeSID"":""GeneralNPC_Bandit_Armor"",""Weight"":""1""}"
vanilla/Stalker2/Content/GameLite/GameData/ItemGeneratorPrototypes.cfg,prologue,Bandit,Recon_ItemGenerator_Prolog_AKU,GeneralNPC_Bandit_Recon_ItemGenerator_Prolog_AKU,GeneralNPC_Bandit_Recon_ItemGenerator_Prolog_AKU,[0],"{""SID"":""GeneralNPC_Bandit_Recon_ItemGenerator_Prolog_AKU"",""RefreshTime"":""1d"",""SpecificRewardSound"":""EUISound::SystemNotificationNews""}",[4],SubItemGenerator,,,,{},[0],GeneralNPC_Bandit_Recon_ItemGenerator_Prolog_AKU.ItemGenerator.[4].PossibleItems.[0],,GeneralNPC_Consumables_CloseCombat,chance,,0,,,,,,,"{""ItemGeneratorPrototypeSID"":""GeneralNPC_Consumables_CloseCombat"",""Chance"":""0""}"
vanilla/Stalker2/Content/GameLite/GameData/ItemGeneratorPrototypes.cfg,prologue,Bandit,Recon_ItemGenerator_Prolog_AKU,GeneralNPC_Bandit_Recon_ItemGenerator_Prolog_AKU,GeneralNPC_Bandit_Recon_ItemGenerator_Prolog_AKU,[0],"{""SID"":""GeneralNPC_Bandit_Recon_ItemGenerator_Prolog_AKU"",""RefreshTime"":""1d"",""SpecificRewardSound"":""EUISound::SystemNotificationNews""}",[5],Artifact,"ERank::Experienced, ERank::Veteran",,,{},[0],GeneralNPC_Bandit_Recon_ItemGenerator_Prolog_AKU.ItemGenerator.[5].PossibleItems.[0],GrenadeRGD5,,chance,,0,,,0,1,0.45,0.45,"{""ItemPrototypeSID"":""GrenadeRGD5"",""Chance"":""0"",""MinDurability"":""0.45"",""MaxDurability"":""0.45"",""AmmoMinCount"":""0"",""AmmoMaxCount"":""1""}"
vanilla/Stalker2/Content/GameLite/GameData/ItemGeneratorPrototypes.cfg,prologue,Bandit,Recon_ItemGenerator_Prolog_AKU,GeneralNPC_Bandit_Recon_ItemGenerator_Prolog_AKU,GeneralNPC_Bandit_Recon_ItemGenerator_Prolog_AKU,[0],"{""SID"":""GeneralNPC_Bandit_Recon_ItemGenerator_Prolog_AKU"",""RefreshTime"":""1d"",""SpecificRewardSound"":""EUISound::SystemNotificationNews""}",[6],Artifact,ERank::Master,,,{},[0],GeneralNPC_Bandit_Recon_ItemGenerator_Prolog_AKU.ItemGenerator.[6].PossibleItems.[0],GrenadeRGD5,,chance,,0,,,0,1,0.45,0.45,"{""ItemPrototypeSID"":""GrenadeRGD5"",""Chance"":""0"",""MinDurability"":""0.45"",""MaxDurability"":""0.45"",""AmmoMinCount"":""0"",""AmmoMaxCount"":""1""}"
vanilla/Stalker2/Content/GameLite/GameData/ItemGeneratorPrototypes.cfg,prologue,Bandit,Recon_ItemGenerator_Prolog_AKU,GeneralNPC_Bandit_Recon_ItemGenerator_Prolog_AKU,GeneralNPC_Bandit_Recon_ItemGenerator_Prolog_AKU,[0],"{""SID"":""GeneralNPC_Bandit_Recon_ItemGenerator_Prolog_AKU"",""RefreshTime"":""1d"",""SpecificRewardSound"":""EUISound::SystemNotificationNews""}",[6],Artifact,ERank::Master,,,{},[1],GeneralNPC_Bandit_Recon_ItemGenerator_Prolog_AKU.ItemGenerator.[6].PossibleItems.[1],GrenadeF1,,chance,,0,,,0,1,0.45,0.45,"{""ItemPrototypeSID"":""GrenadeF1"",""Chance"":""0"",""MinDurability"":""0.45"",""MaxDurability"":""0.45"",""AmmoMinCount"":""0"",""AmmoMaxCount"":""1""}"
vanilla/Stalker2/Content/GameLite/GameData/ItemGeneratorPrototypes.cfg,trade,,TradeItemGenerator,GeneralNPC_TradeItemGenerator,GeneralNPC_TradeItemGenerator,[0],"{""SID"":""GeneralNPC_TradeItemGenerator"",""SpecificRewardSound"":""EUISound::SystemNotificationNews""}",[0],Consumable,,,,{},[0],GeneralNPC_TradeItemGenerator.ItemGenerator.[0].PossibleItems.[0],Bandage,,chance,,0.65,1,2,,,,,"{""ItemPrototypeSID"":""Bandage"",""Chance"":""0.65"",""MinCount"":""1"",""MaxCount"":""2""}"
vanilla/Stalker2/Content/GameLite/GameData/ItemGeneratorPrototypes.cfg,trade,,TradeItemGenerator,GeneralNPC_TradeItemGenerator,GeneralNPC_TradeItemGenerator,[0],"{""SID"":""GeneralNPC_TradeItemGenerator"",""SpecificRewardSound"":""EUISound::SystemNotificationNews""}",[0],Consumable,,,,{},[1],GeneralNPC_TradeItemGenerator.ItemGenerator.[0].PossibleItems.[1],Bread,,chance,,0.5,1,2,,,,,"{""ItemPrototypeSID"":""Bread"",""Chance"":""0.5"",""MinCount"":""1"",""MaxCount"":""2""}"
vanilla/Stalker2/Content/GameLite/GameData/ItemGeneratorPrototypes.cfg,trade,,TradeItemGenerator,GeneralNPC_TradeItemGenerator,GeneralNPC_TradeItemGenerator,[0],"{""SID"":""GeneralNPC_TradeItemGenerator"",""SpecificRewardSound"":""EUISound::SystemNotificationNews""}",[0],Consumable,,,,{},[2],GeneralNPC_TradeItemGenerator.ItemGenerator.[0].PossibleItems.[2],Sausage,,chance,,0.5,1,2,,,,,"{""ItemPrototypeSID"":""Sausage"",""Chance"":""0.5"",""MinCount"":""1"",""MaxCount"":""2""}"
vanilla/Stalker2/Content/GameLite/GameData/ItemGeneratorPrototypes.cfg,trade,,TradeItemGenerator,GeneralNPC_TradeItemGenerator,GeneralNPC_TradeItemGenerator,[0],"{""SID"":""GeneralNPC_TradeItemGenerator"",""SpecificRewardSound"":""EUISound::SystemNotificationNews""}",[0],Consumable,,,,{},[3],GeneralNPC_TradeItemGenerator.ItemGenerator.[0].PossibleItems.[3],Vodka,,chance,,0.5,1,1,,,,,"{""ItemPrototypeSID"":""Vodka"",""Chance"":""0.5"",""MinCount"":""1"",""MaxCount"":""1""}"
vanilla/Stalker2/Content/GameLite/GameData/ItemGeneratorPrototypes.cfg,trade,,TradeItemGenerator,GeneralNPC_TradeItemGenerator,GeneralNPC_TradeItemGenerator,[0],"{""SID"":""GeneralNPC_TradeItemGenerator"",""SpecificRewardSound"":""EUISound::SystemNotificationNews""}",[0],Consumable,,,,{},[4],GeneralNPC_TradeItemGenerator.ItemGenerator.[0].PossibleItems.[4],Energetic,,chance,,0.5,1,1,,,,,"{""ItemPrototypeSID"":""Energetic"",""Chance"":""0.5"",""MinCount"":""1"",""MaxCount"":""1""}"
vanilla/Stalker2/Content/GameLite/GameData/ItemGeneratorPrototypes.cfg,trade,,TradeItemGenerator,GeneralNPC_TradeItemGenerator,GeneralNPC_TradeItemGenerator,[0],"{""SID"":""GeneralNPC_TradeItemGenerator"",""SpecificRewardSound"":""EUISound::SystemNotificationNews""}",[0],Consumable,,,,{},[5],GeneralNPC_TradeItemGenerator.ItemGenerator.[0].PossibleItems.[5],Medkit,,chance,,0.75,1,1,,,,,"{""ItemPrototypeSID"":""Medkit"",""Chance"":""0.75"",""MinCount"":""1"",""MaxCount"":""1""}"
vanilla/Stalker2/Content/GameLite/GameData/ItemGeneratorPrototypes.cfg,trade,,TradeItemGenerator,GeneralNPC_TradeItemGenerator,GeneralNPC_TradeItemGenerator,[0],"{""SID"":""GeneralNPC_TradeItemGenerator"",""SpecificRewardSound"":""EUISound::SystemNotificationNews""}",[1],Ammo,,,,{},[0],GeneralNPC_TradeItemGenerator.ItemGenerator.[1].PossibleItems.[0],A918D,,chance,,0.65,1,1,,,,,"{""ItemPrototypeSID"":""A918D"",""Chance"":""0.65"",""MinCount"":""1"",""MaxCount"":""1""}"
vanilla/Stalker2/Content/GameLite/GameData/ItemGeneratorPrototypes.cfg,trade,,TradeItemGenerator_Duty,GeneralNPC_TradeItemGenerator_Duty,GeneralNPC_TradeItemGenerator_Duty,[0],"{""SID"":""GeneralNPC_TradeItemGenerator_Duty"",""SpecificRewardSound"":""EUISound::SystemNotificationNews""}",[0],Consumable,,,,{},[0],GeneralNPC_TradeItemGenerator_Duty.ItemGenerator.[0].PossibleItems.[0],Bandage,,chance,,0.65,1,2,,,,,"{""ItemPrototypeSID"":""Bandage"",""Chance"":""0.65"",""MinCount"":""1"",""MaxCount"":""2""}"
vanilla/Stalker2/Content/GameLite/GameData/ItemGeneratorPrototypes.cfg,trade,,TradeItemGenerator_Duty,GeneralNPC_TradeItemGenerator_Duty,GeneralNPC_TradeItemGenerator_Duty,[0],"{""SID"":""GeneralNPC_TradeItemGenerator_Duty"",""SpecificRewardSound"":""EUISound::SystemNotificationNews""}",[0],Consumable,,,,{},[1],GeneralNPC_TradeItemGenerator_Duty.ItemGenerator.[0].PossibleItems.[1],Bread,,chance,,0.5,1,2,,,,,"{""ItemPrototypeSID"":""Bread"",""Chance"":""0.5"",""MinCount"":""1"",""MaxCount"":""2""}"
vanilla/Stalker2/Content/GameLite/GameData/ItemGeneratorPrototypes.cfg,trade,,TradeItemGenerator_Duty,GeneralNPC_TradeItemGenerator_Duty,GeneralNPC_TradeItemGenerator_Duty,[0],"{""SID"":""GeneralNPC_TradeItemGenerator_Duty"",""SpecificRewardSound"":""EUISound::SystemNotificationNews""}",[0],Consumable,,,,{},[2],GeneralNPC_TradeItemGenerator_Duty.ItemGenerator.[0].PossibleItems.[2],Sausage,,chance,,0.5,1,2,,,,,"{""ItemPrototypeSID"":""Sausage"",""Chance"":""0.5"",""MinCount"":""1"",""MaxCount"":""2""}"
vanilla/Stalker2/Content/GameLite/GameData/ItemGeneratorPrototypes.cfg,trade,,TradeItemGenerator_Duty,GeneralNPC_TradeItemGenerator_Duty,GeneralNPC_TradeItemGenerator_Duty,[0],"{""SID"":""GeneralNPC_TradeItemGenerator_Duty"",""SpecificRewardSound"":""EUISound::SystemNotificationNews""}",[0],Consumable,,,,{},[3],GeneralNPC_TradeItemGenerator_Duty.ItemGenerator.[0].PossibleItems.[3],Milk,,chance,,0.5,1,1,,,,,"{""ItemPrototypeSID"":""Milk"",""Chance"":""0.5"",""MinCount"":""1"",""MaxCount"":""1""}"
vanilla/Stalker2/Content/GameLite/GameData/ItemGeneratorPrototypes.cfg,trade,,TradeItemGenerator_Duty,GeneralNPC_TradeItemGenerator_Duty,GeneralNPC_TradeItemGenerator_Duty,[0],"{""SID"":""GeneralNPC_TradeItemGenerator_Duty"",""SpecificRewardSound"":""EUISound::SystemNotificationNews""}",[0],Consumable,,,,{},[4],GeneralNPC_TradeItemGenerator_Duty.ItemGenerator.[0].PossibleItems.[4],Medkit,,chance,,0.75,1,1,,,,,"{""ItemPrototypeSID"":""Medkit"",""Chance"":""0.75"",""MinCount"":""1"",""MaxCount"":""1""}"
vanilla/Stalker2/Content/GameLite/GameData/ItemGeneratorPrototypes.cfg,trade,,TradeItemGenerator_Duty,GeneralNPC_TradeItemGenerator_Duty,GeneralNPC_TradeItemGenerator_Duty,[0],"{""SID"":""GeneralNPC_TradeItemGenerator_Duty"",""SpecificRewardSound"":""EUISound::SystemNotificationNews""}",[1],Ammo,,,,{},[0],GeneralNPC_TradeItemGenerator_Duty.ItemGenerator.[1].PossibleItems.[0],A919D,,chance,,0.6,1,1,,,,,"{""ItemPrototypeSID"":""A919D"",""Chance"":""0.6"",""MinCount"":""1"",""MaxCount"":""1""}"
vanilla/Stalker2/Content/GameLite/GameData/ItemGeneratorPrototypes.cfg,trade,,TradeItemGenerator_Freedom,GeneralNPC_TradeItemGenerator_Freedom,GeneralNPC_TradeItemGenerator_Freedom,[0],"{""SID"":""GeneralNPC_TradeItemGenerator_Freedom"",""SpecificRewardSound"":""EUISound::SystemNotificationNews""}",[0],Consumable,,,,{},[0],GeneralNPC_TradeItemGenerator_Freedom.ItemGenerator.[0].PossibleItems.[0],Bandage,,chance,,0.65,1,2,,,,,"{""ItemPrototypeSID"":""Bandage"",""Chance"":""0.65"",""MinCount"":""1"",""MaxCount"":""2""}"
vanilla/Stalker2/Content/GameLite/GameData/ItemGeneratorPrototypes.cfg,trade,,TradeItemGenerator_Freedom,GeneralNPC_TradeItemGenerator_Freedom,GeneralNPC_TradeItemGenerator_Freedom,[0],"{""SID"":""GeneralNPC_TradeItemGenerator_Freedom"",""SpecificRewardSound"":""EUISound::SystemNotificationNews""}",[0],Consumable,,,,{},[1],GeneralNPC_TradeItemGenerator_Freedom.ItemGenerator.[0].PossibleItems.[1],Bread,,chance,,0.5,1,2,,,,,"{""ItemPrototypeSID"":""Bread"",""Chance"":""0.5"",""MinCount"":""1"",""MaxCount"":""2""}"
vanilla/Stalker2/Content/GameLite/GameData/ItemGeneratorPrototypes.cfg,trade,,TradeItemGenerator_Freedom,GeneralNPC_TradeItemGenerator_Freedom,GeneralNPC_TradeItemGenerator_Freedom,[0],"{""SID"":""GeneralNPC_TradeItemGenerator_Freedom"",""SpecificRewardSound"":""EUISound::SystemNotificationNews""}",[0],Consumable,,,,{},[2],GeneralNPC_TradeItemGenerator_Freedom.ItemGenerator.[0].PossibleItems.[2],Sausage,,chance,,0.5,1,2,,,,,"{""ItemPrototypeSID"":""Sausage"",""Chance"":""0.5"",""MinCount"":""1"",""MaxCount"":""2""}"
vanilla/Stalker2/Content/GameLite/GameData/ItemGeneratorPrototypes.cfg,trade,,TradeItemGenerator_Freedom,GeneralNPC_TradeItemGenerator_Freedom,GeneralNPC_TradeItemGenerator_Freedom,[0],"{""SID"":""GeneralNPC_TradeItemGenerator_Freedom"",""SpecificRewardSound"":""EUISound::SystemNotificationNews""}",[0],Consumable,,,,{},[3],GeneralNPC_TradeItemGenerator_Freedom.ItemGenerator.[0].PossibleItems.[3],Vodka,,chance,,0.5,1,1,,,,,"{""ItemPrototypeSID"":""Vodka"",""Chance"":""0.5"",""MinCount"":""1"",""MaxCount"":""1""}"
vanilla/Stalker2/Content/GameLite/GameData/ItemGeneratorPrototypes.cfg,trade,,TradeItemGenerator_Freedom,GeneralNPC_TradeItemGenerator_Freedom,GeneralNPC_TradeItemGenerator_Freedom,[0],"{""SID"":""GeneralNPC_TradeItemGenerator_Freedom"",""SpecificRewardSound"":""EUISound::SystemNotificationNews""}",[0],Consumable,,,,{},[4],GeneralNPC_TradeItemGenerator_Freedom.ItemGenerator.[0].PossibleItems.[4],Beer,,chance,,0.5,1,1,,,,,"{""ItemPrototypeSID"":""Beer"",""Chance"":""0.5"",""MinCount"":""1"",""MaxCount"":""1""}"
vanilla/Stalker2/Content/GameLite/GameData/ItemGeneratorPrototypes.cfg,trade,,TradeItemGenerator_Freedom,GeneralNPC_TradeItemGenerator_Freedom,GeneralNPC_TradeItemGenerator_Freedom,[0],"{""SID"":""GeneralNPC_TradeItemGenerator_Freedom"",""SpecificRewardSound"":""EUISound::SystemNotificationNews""}",[0],Consumable,,,,{},[5],GeneralNPC_TradeItemGenerator_Freedom.ItemGenerator.[0].PossibleItems.[5],Energetic,,chance,,0.5,1,1,,,,,"{""ItemPrototypeSID"":""Energetic"",""Chance"":""0.5"",""MinCount"":""1"",""MaxCount"":""1""}"
vanilla/Stalker2/Content/GameLite/GameData/ItemGeneratorPrototypes.cfg,trade,,TradeItemGenerator_Freedom,GeneralNPC_TradeItemGenerator_Freedom,GeneralNPC_TradeItemGenerator_Freedom,[0],"{""SID"":""GeneralNPC_TradeItemGenerator_Freedom"",""SpecificRewardSound"":""EUISound::SystemNotificationNews""}",[0],Consumable,,,,{},[6],GeneralNPC_TradeItemGenerator_Freedom.ItemGenerator.[0].PossibleItems.[6],Medkit,,chance,,0.75,1,1,,,,,"{""ItemPrototypeSID"":""Medkit"",""Chance"":""0.75"",""MinCount"":""1"",""MaxCount"":""1""}"
vanilla/Stalker2/Content/GameLite/GameData/ItemGeneratorPrototypes.cfg,trade,,TradeItemGenerator_Freedom,GeneralNPC_TradeItemGenerator_Freedom,GeneralNPC_TradeItemGenerator_Freedom,[0],"{""SID"":""GeneralNPC_TradeItemGenerator_Freedom"",""SpecificRewardSound"":""EUISound::SystemNotificationNews""}",[0],Consumable,,,,{},[7],GeneralNPC_TradeItemGenerator_Freedom.ItemGenerator.[0].PossibleItems.[7],AntiRad,,chance,,0.5,1,1,,,,,"{""ItemPrototypeSID"":""AntiRad"",""Chance"":""0.5"",""MinCount"":""1"",""MaxCount"":""1""}"
vanilla/Stalker2/Content/GameLite/GameData/ItemGeneratorPrototypes.cfg,trade,,TradeItemGenerator_Freedom,GeneralNPC_TradeItemGenerator_Freedom,GeneralNPC_TradeItemGenerator_Freedom,[0],"{""SID"":""GeneralNPC_TradeItemGenerator_Freedom"",""SpecificRewardSound"":""EUISound::SystemNotificationNews""}",[1],Ammo,,,,{},[0],GeneralNPC_TradeItemGenerator_Freedom.ItemGenerator.[1].PossibleItems.[0],A545D,,chance,,0.45,1,1,,,,,"{""ItemPrototypeSID"":""A545D"",""Chance"":""0.45"",""MinCount"":""1"",""MaxCount"":""1""}"
vanilla/Stalker2/Content/GameLite/GameData/ItemGeneratorPrototypes.cfg,trade,,TradeItemGenerator_Mercenary,GeneralNPC_TradeItemGenerator_Mercenary,GeneralNPC_TradeItemGenerator_Mercenary,[0],"{""SID"":""GeneralNPC_TradeItemGenerator_Mercenary"",""SpecificRewardSound"":""EUISound::SystemNotificationNews""}",[0],Consumable,,,,{},[0],GeneralNPC_TradeItemGenerator_Mercenary.ItemGenerator.[0].PossibleItems.[0],Bandage,,chance,,0.65,1,2,,,,,"{""ItemPrototypeSID"":""Bandage"",""Chance"":""0.65"",""MinCount"":""1"",""MaxCount"":""2""}"
vanilla/Stalker2/Content/GameLite/GameData/ItemGeneratorPrototypes.cfg,trade,,TradeItemGenerator_Mercenary,GeneralNPC_TradeItemGenerator_Mercenary,GeneralNPC_TradeItemGenerator_Mercenary,[0],"{""SID"":""GeneralNPC_TradeItemGenerator_Mercenary"",""SpecificRewardSound"":""EUISound::SystemNotificationNews""}",[0],Consumable,,,,{},[1],GeneralNPC_TradeItemGenerator_Mercenary.ItemGenerator.[0].PossibleItems.[1],Vodka,,chance,,0.5,1,1,,,,,"{""ItemPrototypeSID"":""Vodka"",""Chance"":""0.5"",""MinCount"":""1"",""MaxCount"":""1""}"
vanilla/Stalker2/Content/GameLite/GameData/ItemGeneratorPrototypes.cfg,trade,,TradeItemGenerator_Mercenary,GeneralNPC_TradeItemGenerator_Mercenary,GeneralNPC_TradeItemGenerator_Mercenary,[0],"{""SID"":""GeneralNPC_TradeItemGenerator_Mercenary"",""SpecificRewardSound"":""EUISound::SystemNotificationNews""}",[0],Consumable,,,,{},[2],GeneralNPC_TradeItemGenerator_Mercenary.ItemGenerator.[0].PossibleItems.[2],Energetic,,chance,,0.5,1,1,,,,,"{""ItemPrototypeSID"":""Energetic"",""Chance"":""0.5"",""MinCount"":""1"",""MaxCount"":""1""}"
vanilla/Stalker2/Content/GameLite/GameData/ItemGeneratorPrototypes.cfg,trade,,TradeItemGenerator_Mercenary,GeneralNPC_TradeItemGenerator_Mercenary,GeneralNPC_TradeItemGenerator_Mercenary,[0],"{""SID"":""GeneralNPC_TradeItemGenerator_Mercenary"",""SpecificRewardSound"":""EUISound::SystemNotificationNews""}",[0],Consumable,,,,{},[3],GeneralNPC_TradeItemGenerator_Mercenary.ItemGenerator.[0].PossibleItems.[3],Medkit,,chance,,0.75,1,1,,,,,"{""ItemPrototypeSID"":""Medkit"",""Chance"":""0.75"",""MinCount"":""1"",""MaxCount"":""1""}"
vanilla/Stalker2/Content/GameLite/GameData/ItemGeneratorPrototypes.cfg,trade,,TradeItemGenerator_Mercenary,GeneralNPC_TradeItemGenerator_Mercenary,GeneralNPC_TradeItemGenerator_Mercenary,[0],"{""SID"":""GeneralNPC_TradeItemGenerator_Mercenary"",""SpecificRewardSound"":""EUISound::SystemNotificationNews""}",[0],Consumable,,,,{},[4],GeneralNPC_TradeItemGenerator_Mercenary.ItemGenerator.[0].PossibleItems.[4],ArmyMedkit,,chance,,0.75,1,1,,,,,"{""ItemPrototypeSID"":""ArmyMedkit"",""Chance"":""0.75"",""MinCount"":""1"",""MaxCount"":""1""}"
vanilla/Stalker2/Content/GameLite/GameData/ItemGeneratorPrototypes.cfg,trade,,TradeItemGenerator_Mercenary,GeneralNPC_TradeItemGenerator_Mercenary,GeneralNPC_TradeItemGenerator_Mercenary,[0],"{""SID"":""GeneralNPC_TradeItemGenerator_Mercenary"",""SpecificRewardSound"":""EUISound::SystemNotificationNews""}",[1],Artifact,,,,{},[0],GeneralNPC_TradeItemGenerator_Mercenary.ItemGenerator.[1].PossibleItems.[0],GrenadeRGD5,,chance,,1,0,1,,,,,"{""ItemPrototypeSID"":""GrenadeRGD5"",""Chance"":""1"",""MinCount"":""0"",""MaxCount"":""1""}"
vanilla/Stalker2/Content/GameLite/GameData/ItemGeneratorPrototypes.cfg,trade,,TradeItemGenerator_Mercenary,GeneralNPC_TradeItemGenerator_Mercenary,GeneralNPC_TradeItemGenerator_Mercenary,[0],"{""SID"":""GeneralNPC_TradeItemGenerator_Mercenary"",""SpecificRewardSound"":""EUISound::SystemNotificationNews""}",[1],Artifact,,,,{},[1],GeneralNPC_TradeItemGenerator_Mercenary.ItemGenerator.[1].PossibleItems.[1],GrenadeF1,,chance,,0.5,1,1,,,,,"{""ItemPrototypeSID"":""GrenadeF1"",""Chance"":""0.5"",""MinCount"":""1"",""MaxCount"":""1""}"
vanilla/Stalker2/Content/GameLite/GameData/ItemGeneratorPrototypes.cfg,trade,,TradeItemGenerator_Militaries,GeneralNPC_TradeItemGenerator_Militaries,GeneralNPC_TradeItemGenerator_Militaries,[0],"{""SID"":""GeneralNPC_TradeItemGenerator_Militaries"",""SpecificRewardSound"":""EUISound::SystemNotificationNews""}",[0],Consumable,,,,{},[0],GeneralNPC_TradeItemGenerator_Militaries.ItemGenerator.[0].PossibleItems.[0],Bandage,,chance,,0.65,1,2,,,,,"{""ItemPrototypeSID"":""Bandage"",""Chance"":""0.65"",""MinCount"":""1"",""MaxCount"":""2""}"
vanilla/Stalker2/Content/GameLite/GameData/ItemGeneratorPrototypes.cfg,trade,,TradeItemGenerator_Militaries,GeneralNPC_TradeItemGenerator_Militaries,GeneralNPC_TradeItemGenerator_Militaries,[0],"{""SID"":""GeneralNPC_TradeItemGenerator_Militaries"",""SpecificRewardSound"":""EUISound::SystemNotificationNews""}",[0],Consumable,,,,{},[1],GeneralNPC_TradeItemGenerator_Militaries.ItemGenerator.[0].PossibleItems.[1],Bread,,chance,,0.5,1,2,,,,,"{""ItemPrototypeSID"":""Bread"",""Chance"":""0.5"",""MinCount"":""1"",""MaxCount"":""2""}"
vanilla/Stalker2/Content/GameLite/GameData/ItemGeneratorPrototypes.cfg,trade,,TradeItemGenerator_Militaries,GeneralNPC_TradeItemGenerator_Militaries,GeneralNPC_TradeItemGenerator_Militaries,[0],"{""SID"":""GeneralNPC_TradeItemGenerator_Militaries"",""SpecificRewardSound"":""EUISound::SystemNotificationNews""}",[0],Consumable,,,,{},[2],GeneralNPC_TradeItemGenerator_Militaries.ItemGenerator.[0].PossibleItems.[2],Sausage,,chance,,0.5,1,2,,,,,"{""ItemPrototypeSID"":""Sausage"",""Chance"":""0.5"",""MinCount"":""1"",""MaxCount"":""2""}"
vanilla/Stalker2/Content/GameLite/GameData/ItemGeneratorPrototypes.cfg,trade,,TradeItemGenerator_Militaries,GeneralNPC_TradeItemGenerator_Militaries,GeneralNPC_TradeItemGenerator_Militaries,[0],"{""SID"":""GeneralNPC_TradeItemGenerator_Militaries"",""SpecificRewardSound"":""EUISound::SystemNotificationNews""}",[0],Consumable,,,,{},[3],GeneralNPC_TradeItemGenerator_Militaries.ItemGenerator.[0].PossibleItems.[3],Vodka,,chance,,0.5,1,1,,,,,"{""ItemPrototypeSID"":""Vodka"",""Chance"":""0.5"",""MinCount"":""1"",""MaxCount"":""1""}"
vanilla/Stalker2/Content/GameLite/GameData/ItemGeneratorPrototypes.cfg,trade,,TradeItemGenerator_Militaries,GeneralNPC_TradeItemGenerator_Militaries,GeneralNPC_TradeItemGenerator_Militaries,[0],"{""SID"":""GeneralNPC_TradeItemGenerator_Militaries"",""SpecificRewardSound"":""EUISound::SystemNotificationNews""}",[0],Consumable,,,,{},[4],GeneralNPC_TradeItemGenerator_Militaries.ItemGenerator.[0].PossibleItems.[4],Energetic,,chance,,0.5,1,1,,,,,"{""ItemPrototypeSID"":""Energetic"",""Chance"":""0.5"",""MinCount"":""1"",""MaxCount"":""1""}"
vanilla/Stalker2/Content/GameLite/GameData/ItemGeneratorPrototypes.cfg,trade,,TradeItemGenerator_Militaries,GeneralNPC_TradeItemGenerator_Militaries,GeneralNPC_TradeItemGenerator_Militaries,[0],"{""SID"":""GeneralNPC_TradeItemGenerator_Militaries"",""SpecificRewardSound"":""EUISound::SystemNotificationNews""}",[0],Consumable,,,,{},[5],GeneralNPC_TradeItemGenerator_Militaries.ItemGenerator.[0].PossibleItems.[5],Medkit,,chance,,0.75,1,1,,,,,"{""ItemPrototypeSID"":""Medkit"",""Chance"":""0.75"",""MinCount"":""1"",""MaxCount"":""1""}"
vanilla/Stalker2/Content/GameLite/GameData/ItemGeneratorPrototypes.cfg,trade,,TradeItemGenerator_Militaries,GeneralNPC_TradeItemGenerator_Militaries,GeneralNPC_TradeItemGenerator_Militaries,[0],"{""SID"":""GeneralNPC_TradeItemGenerator_Militaries"",""SpecificRewardSound"":""EUISound::SystemNotificationNews""}",[0],Consumable,,,,{},[6],GeneralNPC_TradeItemGenerator_Militaries.ItemGenerator.[0].PossibleItems.[6],ArmyMedkit,,chance,,0.75,1,1,,,,,"{""ItemPrototypeSID"":""ArmyMedkit"",""Chance"":""0.75"",""MinCount"":""1"",""MaxCount"":""1""}"
vanilla/Stalker2/Content/GameLite/GameData/ItemGeneratorPrototypes.cfg,trade,,TradeItemGenerator_Militaries,GeneralNPC_TradeItemGenerator_Militaries,GeneralNPC_TradeItemGenerator_Militaries,[0],"{""SID"":""GeneralNPC_TradeItemGenerator_Militaries"",""SpecificRewardSound"":""EUISound::SystemNotificationNews""}",[1],Artifact,,,,{},[0],GeneralNPC_TradeItemGenerator_Militaries.ItemGenerator.[1].PossibleItems.[0],GrenadeRGD5,,chance,,1,0,1,,,,,"{""ItemPrototypeSID"":""GrenadeRGD5"",""Chance"":""1"",""MinCount"":""0"",""MaxCount"":""1""}"
vanilla/Stalker2/Content/GameLite/GameData/ItemGeneratorPrototypes.cfg,trade,,TradeItemGenerator_Bandit,GeneralNPC_TradeItemGenerator_Bandit,GeneralNPC_TradeItemGenerator_Bandit,[0],"{""SID"":""GeneralNPC_TradeItemGenerator_Bandit"",""SpecificRewardSound"":""EUISound::SystemNotificationNews""}",[0],Consumable,,,,{},[0],GeneralNPC_TradeItemGenerator_Bandit.ItemGenerator.[0].PossibleItems.[0],Bandage,,chance,,0.65,1,2,,,,,"{""ItemPrototypeSID"":""Bandage"",""Chance"":""0.65"",""MinCount"":""1"",""MaxCount"":""2""}"
vanilla/Stalker2/Content/GameLite/GameData/ItemGeneratorPrototypes.cfg,trade,,TradeItemGenerator_Bandit,GeneralNPC_TradeItemGenerator_Bandit,GeneralNPC_TradeItemGenerator_Bandit,[0],"{""SID"":""GeneralNPC_TradeItemGenerator_Bandit"",""SpecificRewardSound"":""EUISound::SystemNotificationNews""}",[0],Consumable,,,,{},[1],GeneralNPC_TradeItemGenerator_Bandit.ItemGenerator.[0].PossibleItems.[1],Bread,,chance,,0.5,1,2,,,,,"{""ItemPrototypeSID"":""Bread"",""Chance"":""0.5"",""MinCount"":""1"",""MaxCount"":""2""}"
vanilla/Stalker2/Content/GameLite/GameData/ItemGeneratorPrototypes.cfg,trade,,TradeItemGenerator_Bandit,GeneralNPC_TradeItemGenerator_Bandit,GeneralNPC_TradeItemGenerator_Bandit,[0],"{""SID"":""GeneralNPC_TradeItemGenerator_Bandit"",""SpecificRewardSound"":""EUISound::SystemNotificationNews""}",[0],Consumable,,,,{},[2],GeneralNPC_TradeItemGenerator_Bandit.ItemGenerator.[0].PossibleItems.[2],Sausage,,chance,,0.5,1,2,,,,,"{""ItemPrototypeSID"":""Sausage"",""Chance"":""0.5"",""MinCount"":""1"",""MaxCount"":""2""}"
vanilla/Stalker2/Content/GameLite/GameData/ItemGeneratorPrototypes.cfg,trade,,TradeItemGenerator_Bandit,GeneralNPC_TradeItemGenerator_Bandit,GeneralNPC_TradeItemGenerator_Bandit,[0],"{""SID"":""GeneralNPC_TradeItemGenerator_Bandit"",""SpecificRewardSound"":""EUISound::SystemNotificationNews""}",[0],Consumable,,,,{},[3],GeneralNPC_TradeItemGenerator_Bandit.ItemGenerator.[0].PossibleItems.[3],Vodka,,chance,,0.5,1,1,,,,,"{""ItemPrototypeSID"":""Vodka"",""Chance"":""0.5"",""MinCount"":""1"",""MaxCount"":""1""}"
vanilla/Stalker2/Content/GameLite/GameData/ItemGeneratorPrototypes.cfg,trade,,TradeItemGenerator_Bandit,GeneralNPC_TradeItemGenerator_Bandit,GeneralNPC_TradeItemGenerator_Bandit,[0],"{""SID"":""GeneralNPC_TradeItemGenerator_Bandit"",""SpecificRewardSound"":""EUISound::SystemNotificationNews""}",[0],Consumable,,,,{},[4],GeneralNPC_TradeItemGenerator_Bandit.ItemGenerator.[0].PossibleItems.[4],Beer,,chance,,0.5,1,1,,,,,"{""ItemPrototypeSID"":""Beer"",""Chance"":""0.5"",""MinCount"":""1"",""MaxCount"":""1""}"
vanilla/Stalker2/Content/GameLite/GameData/ItemGeneratorPrototypes.cfg,trade,,TradeItemGenerator_Bandit,GeneralNPC_TradeItemGenerator_Bandit,GeneralNPC_TradeItemGenerator_Bandit,[0],"{""SID"":""GeneralNPC_TradeItemGenerator_Bandit"",""SpecificRewardSound"":""EUISound::SystemNotificationNews""}",[0],Consumable,,,,{},[5],GeneralNPC_TradeItemGenerator_Bandit.ItemGenerator.[0].PossibleItems.[5],Energetic,,chance,,0.5,1,1,,,,,"{""ItemPrototypeSID"":""Energetic"",""Chance"":""0.5"",""MinCount"":""1"",""MaxCount"":""1""}"
vanilla/Stalker2/Content/GameLite/GameData/ItemGeneratorPrototypes.cfg,trade,,TradeItemGenerator_Bandit,GeneralNPC_TradeItemGenerator_Bandit,GeneralNPC_TradeItemGenerator_Bandit,[0],"{""SID"":""GeneralNPC_TradeItemGenerator_Bandit"",""SpecificRewardSound"":""EUISound::SystemNotificationNews""}",[0],Consumable,,,,{},[6],GeneralNPC_TradeItemGenerator_Bandit.ItemGenerator.[0].PossibleItems.[6],Medkit,,chance,,0.75,1,1,,,,,"{""ItemPrototypeSID"":""Medkit"",""Chance"":""0.75"",""MinCount"":""1"",""MaxCount"":""1""}"
vanilla/Stalker2/Content/GameLite/GameData/ItemGeneratorPrototypes.cfg,trade,,TradeItemGenerator_Bandit,GeneralNPC_TradeItemGenerator_Bandit,GeneralNPC_TradeItemGenerator_Bandit,[0],"{""SID"":""GeneralNPC_TradeItemGenerator_Bandit"",""SpecificRewardSound"":""EUISound::SystemNotificationNews""}",[0],Consumable,,,,{},[7],GeneralNPC_TradeItemGenerator_Bandit.ItemGenerator.[0].PossibleItems.[7],AntiRad,,chance,,0.5,1,1,,,,,"{""ItemPrototypeSID"":""AntiRad"",""Chance"":""0.5"",""MinCount"":""1"",""MaxCount"":""1""}"
vanilla/Stalker2/Content/GameLite/GameData/ItemGeneratorPrototypes.cfg,trade,,TradeItemGenerator_Bandit,GeneralNPC_TradeItemGenerator_Bandit,GeneralNPC_TradeItemGenerator_Bandit,[0],"{""SID"":""GeneralNPC_TradeItemGenerator_Bandit"",""SpecificRewardSound"":""EUISound::SystemNotificationNews""}",[1],Ammo,,,,{},[0],GeneralNPC_TradeItemGenerator_Bandit.ItemGenerator.[1].PossibleItems.[0],A919D,,chance,,0.5,1,1,,,,,"{""ItemPrototypeSID"":""A919D"",""Chance"":""0.5"",""MinCount"":""1"",""MaxCount"":""1""}"
vanilla/Stalker2/Content/GameLite/GameData/ItemGeneratorPrototypes.cfg,trade,,TradeItemGenerator_Scientists,GeneralNPC_TradeItemGenerator_Scientists,GeneralNPC_TradeItemGenerator_Scientists,[0],"{""SID"":""GeneralNPC_TradeItemGenerator_Scientists"",""SpecificRewardSound"":""EUISound::SystemNotificationNews""}",[0],Consumable,,,,{},[0],GeneralNPC_TradeItemGenerator_Scientists.ItemGenerator.[0].PossibleItems.[0],Bandage,,chance,,0.65,1,2,,,,,"{""ItemPrototypeSID"":""Bandage"",""Chance"":""0.65"",""MinCount"":""1"",""MaxCount"":""2""}"
vanilla/Stalker2/Content/GameLite/GameData/ItemGeneratorPrototypes.cfg,trade,,TradeItemGenerator_Scientists,GeneralNPC_TradeItemGenerator_Scientists,GeneralNPC_TradeItemGenerator_Scientists,[0],"{""SID"":""GeneralNPC_TradeItemGenerator_Scientists"",""SpecificRewardSound"":""EUISound::SystemNotificationNews""}",[0],Consumable,,,,{},[1],GeneralNPC_TradeItemGenerator_Scientists.ItemGenerator.[0].PossibleItems.[1],Sausage,,chance,,0.5,1,2,,,,,"{""ItemPrototypeSID"":""Sausage"",""Chance"":""0.5"",""MinCount"":""1"",""MaxCount"":""2""}"
vanilla/Stalker2/Content/GameLite/GameData/ItemGeneratorPrototypes.cfg,trade,,TradeItemGenerator_Scientists,GeneralNPC_TradeItemGenerator_Scientists,GeneralNPC_TradeItemGenerator_Scientists,[0],"{""SID"":""GeneralNPC_TradeItemGenerator_Scientists"",""SpecificRewardSound"":""EUISound::SystemNotificationNews""}",[0],Consumable,,,,{},[2],GeneralNPC_TradeItemGenerator_Scientists.ItemGenerator.[0].PossibleItems.[2],Bread,,chance,,0.5,1,2,,,,,"{""ItemPrototypeSID"":""Bread"",""Chance"":""0.5"",""MinCount"":""1"",""MaxCount"":""2""}"
vanilla/Stalker2/Content/GameLite/GameData/ItemGeneratorPrototypes.cfg,trade,,TradeItemGenerator_Scientists,GeneralNPC_TradeItemGenerator_Scientists,GeneralNPC_TradeItemGenerator_Scientists,[0],"{""SID"":""GeneralNPC_TradeItemGenerator_Scientists"",""SpecificRewardSound"":""EUISound::SystemNotificationNews""}",[0],Consumable,,,,{},[3],GeneralNPC_TradeItemGenerator_Scientists.ItemGenerator.[0].PossibleItems.[3],Milk,,chance,,0.5,1,1,,,,,"{""ItemPrototypeSID"":""Milk"",""Chance"":""0.5"",""MinCount"":""1"",""MaxCount"":""1""}"
vanilla/Stalker2/Content/GameLite/GameData/ItemGeneratorPrototypes.cfg,trade,,TradeItemGenerator_Scientists,GeneralNPC_TradeItemGenerator_Scientists,GeneralNPC_TradeItemGenerator_Scientists,[0],"{""SID"":""GeneralNPC_TradeItemGenerator_Scientists"",""SpecificRewardSound"":""EUISound::SystemNotificationNews""}",[0],Consumable,,,,{},[4],GeneralNPC_TradeItemGenerator_Scientists.ItemGenerator.[0].PossibleItems.[4],Energetic,,chance,,0.5,1,1,,,,,"{""ItemPrototypeSID"":""Energetic"",""Chance"":""0.5"",""MinCount"":""1"",""MaxCount"":""1""}"
vanilla/Stalker2/Content/GameLite/GameData/ItemGeneratorPrototypes.cfg,trade,,TradeItemGenerator_Scientists,GeneralNPC_TradeItemGenerator_Scientists,GeneralNPC_TradeItemGenerator_Scientists,[0],"{""SID"":""GeneralNPC_TradeItemGenerator_Scientists"",""SpecificRewardSound"":""EUISound::SystemNotificationNews""}",[0],Consumable,,,,{},[5],GeneralNPC_TradeItemGenerator_Scientists.ItemGenerator.[0].PossibleItems.[5],Medkit,,chance,,0.5,1,1,,,,,"{""ItemPrototypeSID"":""Medkit"",""Chance"":""0.5"",""MinCount"":""1"",""MaxCount"":""1""}"
vanilla/Stalker2/Content/GameLite/GameData/ItemGeneratorPrototypes.cfg,trade,,TradeItemGenerator_Scientists,GeneralNPC_TradeItemGenerator_Scientists,GeneralNPC_TradeItemGenerator_Scientists,[0],"{""SID"":""GeneralNPC_TradeItemGenerator_Scientists"",""SpecificRewardSound"":""EUISound::SystemNotificationNews""}",[0],Consumable,,,,{},[6],GeneralNPC_TradeItemGenerator_Scientists.ItemGenerator.[0].PossibleItems.[6],EcoMedkit,,chance,,0.4,1,1,,,,,"{""ItemPrototypeSID"":""EcoMedkit"",""Chance"":""0.4"",""MinCount"":""1"",""MaxCount"":""1""}"
vanilla/Stalker2/Content/GameLite/GameData/ItemGeneratorPrototypes.cfg,trade,,TradeItemGenerator_Scientists,GeneralNPC_TradeItemGenerator_Scientists,GeneralNPC_TradeItemGenerator_Scientists,[0],"{""SID"":""GeneralNPC_TradeItemGenerator_Scientists"",""SpecificRewardSound"":""EUISound::SystemNotificationNews""}",[0],Consumable,,,,{},[7],GeneralNPC_TradeItemGenerator_Scientists.ItemGenerator.[0].PossibleItems.[7],AntiRad,,chance,,0.5,1,1,,,,,"{""ItemPrototypeSID"":""AntiRad"",""Chance"":""0.5"",""MinCount"":""1"",""MaxCount"":""1""}"
vanilla/Stalker2/Content/GameLite/GameData/ItemGeneratorPrototypes.cfg,trade,,TradeItemGenerator_Spark,GeneralNPC_TradeItemGenerator_Spark,GeneralNPC_TradeItemGenerator_Spark,[0],"{""SID"":""GeneralNPC_TradeItemGenerator_Spark"",""SpecificRewardSound"":""EUISound::SystemNotificationNews""}",[0],Consumable,,,,{},[0],GeneralNPC_TradeItemGenerator_Spark.ItemGenerator.[0].PossibleItems.[0],Bandage,,chance,,0.65,1,2,,,,,"{""ItemPrototypeSID"":""Bandage"",""Chance"":""0.65"",""MinCount"":""1"",""MaxCount"":""2""}"
vanilla/Stalker2/Content/GameLite/GameData/ItemGeneratorPrototypes.cfg,trade,,TradeItemGenerator_Spark,GeneralNPC_TradeItemGenerator_Spark,GeneralNPC_TradeItemGenerator_Spark,[0],"{""SID"":""GeneralNPC_TradeItemGenerator_Spark"",""SpecificRewardSound"":""EUISound::SystemNotificationNews""}",[0],Consumable,,,,{},[1],GeneralNPC_TradeItemGenerator_Spark.ItemGenerator.[0].PossibleItems.[1],Sausage,,chance,,0.5,1,2,,,,,"{""ItemPrototypeSID"":""Sausage"",""Chance"":""0.5"",""MinCount"":""1"",""MaxCount"":""2""}"
vanilla/Stalker2/Content/GameLite/GameData/ItemGeneratorPrototypes.cfg,trade,,TradeItemGenerator_Spark,GeneralNPC_TradeItemGenerator_Spark,GeneralNPC_TradeItemGenerator_Spark,[0],"{""SID"":""GeneralNPC_TradeItemGenerator_Spark"",""SpecificRewardSound"":""EUISound::SystemNotificationNews""}",[0],Consumable,,,,{},[2],GeneralNPC_TradeItemGenerator_Spark.ItemGenerator.[0].PossibleItems.[2],Water,,chance,,0.5,1,1,,,,,"{""ItemPrototypeSID"":""Water"",""Chance"":""0.5"",""MinCount"":""1"",""MaxCount"":""1""}"
vanilla/Stalker2/Content/GameLite/GameData/ItemGeneratorPrototypes.cfg,trade,,TradeItemGenerator_Spark,GeneralNPC_TradeItemGenerator_Spark,GeneralNPC_TradeItemGenerator_Spark,[0],"{""SID"":""GeneralNPC_TradeItemGenerator_Spark"",""SpecificRewardSound"":""EUISound::SystemNotificationNews""}",[0],Consumable,,,,{},[3],GeneralNPC_TradeItemGenerator_Spark.ItemGenerator.[0].PossibleItems.[3],Energetic,,chance,,0.5,1,1,,,,,"{""ItemPrototypeSID"":""Energetic"",""Chance"":""0.5"",""MinCount"":""1"",""MaxCount"":""1""}"
vanilla/Stalker2/Content/GameLite/GameData/ItemGeneratorPrototypes.cfg,trade,,TradeItemGenerator_Spark,GeneralNPC_TradeItemGenerator_Spark,GeneralNPC_TradeItemGenerator_Spark,[0],"{""SID"":""GeneralNPC_TradeItemGenerator_Spark"",""SpecificRewardSound"":""EUISound::SystemNotificationNews""}",[0],Consumable,,,,{},[4],GeneralNPC_TradeItemGenerator_Spark.ItemGenerator.[0].PossibleItems.[4],Medkit,,chance,,0.5,1,1,,,,,"{""ItemPrototypeSID"":""Medkit"",""Chance"":""0.5"",""MinCount"":""1"",""MaxCount"":""1""}"
vanilla/Stalker2/Content/GameLite/GameData/ItemGeneratorPrototypes.cfg,trade,,TradeItemGenerator_Spark,GeneralNPC_TradeItemGenerator_Spark,GeneralNPC_TradeItemGenerator_Spark,[0],"{""SID"":""GeneralNPC_TradeItemGenerator_Spark"",""SpecificRewardSound"":""EUISound::SystemNotificationNews""}",[0],Consumable,,,,{},[5],GeneralNPC_TradeItemGenerator_Spark.ItemGenerator.[0].PossibleItems.[5],EcoMedkit,,chance,,0.4,1,1,,,,,"{""ItemPrototypeSID"":""EcoMedkit"",""Chance"":""0.4"",""MinCount"":""1"",""MaxCount"":""1""}"
vanilla/Stalker2/Content/GameLite/GameData/ItemGeneratorPrototypes.cfg,trade,,TradeItemGenerator_Spark,GeneralNPC_TradeItemGenerator_Spark,GeneralNPC_TradeItemGenerator_Spark,[0],"{""SID"":""GeneralNPC_TradeItemGenerator_Spark"",""SpecificRewardSound"":""EUISound::SystemNotificationNews""}",[0],Consumable,,,,{},[6],GeneralNPC_TradeItemGenerator_Spark.ItemGenerator.[0].PossibleItems.[6],AntiRad,,chance,,0.5,1,1,,,,,"{""ItemPrototypeSID"":""AntiRad"",""Chance"":""0.5"",""MinCount"":""1"",""MaxCount"":""1""}"
vanilla/Stalker2/Content/GameLite/GameData/ItemGeneratorPrototypes.cfg,trade,,TradeItemGenerator_Corpus,GeneralNPC_TradeItemGenerator_Corpus,GeneralNPC_TradeItemGenerator_Corpus,[0],"{""SID"":""GeneralNPC_TradeItemGenerator_Corpus"",""SpecificRewardSound"":""EUISound::SystemNotificationNews""}",[0],Consumable,,,,{},[0],GeneralNPC_TradeItemGenerator_Corpus.ItemGenerator.[0].PossibleItems.[0],Bandage,,chance,,0.65,1,2,,,,,"{""ItemPrototypeSID"":""Bandage"",""Chance"":""0.65"",""MinCount"":""1"",""MaxCount"":""2""}"
vanilla/Stalker2/Content/GameLite/GameData/ItemGeneratorPrototypes.cfg,trade,,TradeItemGenerator_Corpus,GeneralNPC_TradeItemGenerator_Corpus,GeneralNPC_TradeItemGenerator_Corpus,[0],"{""SID"":""GeneralNPC_TradeItemGenerator_Corpus"",""SpecificRewardSound"":""EUISound::SystemNotificationNews""}",[0],Consumable,,,,{},[1],GeneralNPC_TradeItemGenerator_Corpus.ItemGenerator.[0].PossibleItems.[1],Sausage,,chance,,0.5,1,2,,,,,"{""ItemPrototypeSID"":""Sausage"",""Chance"":""0.5"",""MinCount"":""1"",""MaxCount"":""2""}"
vanilla/Stalker2/Content/GameLite/GameData/ItemGeneratorPrototypes.cfg,trade,,TradeItemGenerator_Corpus,GeneralNPC_TradeItemGenerator_Corpus,GeneralNPC_TradeItemGenerator_Corpus,[0],"{""SID"":""GeneralNPC_TradeItemGenerator_Corpus"",""SpecificRewardSound"":""EUISound::SystemNotificationNews""}",[0],Consumable,,,,{},[2],GeneralNPC_TradeItemGenerator_Corpus.ItemGenerator.[0].PossibleItems.[2],Water,,chance,,0.5,1,1,,,,,"{""ItemPrototypeSID"":""Water"",""Chance"":""0.5"",""MinCount"":""1"",""MaxCount"":""1""}"
vanilla/Stalker2/Content/GameLite/GameData/ItemGeneratorPrototypes.cfg,trade,,TradeItemGenerator_Corpus,GeneralNPC_TradeItemGenerator_Corpus,GeneralNPC_TradeItemGenerator_Corpus,[0],"{""SID"":""GeneralNPC_TradeItemGenerator_Corpus"",""SpecificRewardSound"":""EUISound::SystemNotificationNews""}",[0],Consumable,,,,{},[3],GeneralNPC_TradeItemGenerator_Corpus.ItemGenerator.[0].PossibleItems.[3],Energetic,,chance,,0.5,1,1,,,,,"{""ItemPrototypeSID"":""Energetic"",""Chance"":""0.5"",""MinCount"":""1"",""MaxCount"":""1""}"
vanilla/Stalker2/Content/GameLite/GameData/ItemGeneratorPrototypes.cfg,trade,,TradeItemGenerator_Corpus,GeneralNPC_TradeItemGenerator_Corpus,GeneralNPC_TradeItemGenerator_Corpus,[0],"{""SID"":""GeneralNPC_TradeItemGenerator_Corpus"",""SpecificRewardSound"":""EUISound::SystemNotificationNews""}",[0],Consumable,,,,{},[4],GeneralNPC_TradeItemGenerator_Corpus.ItemGenerator.[0].PossibleItems.[4],Beer,,chance,,0.5,1,1,,,,,"{""ItemPrototypeSID"":""Beer"",""Chance"":""0.5"",""MinCount"":""1"",""MaxCount"":""1""}"
vanilla/Stalker2/Content/GameLite/GameData/ItemGeneratorPrototypes.cfg,trade,,TradeItemGenerator_Corpus,GeneralNPC_TradeItemGenerator_Corpus,GeneralNPC_TradeItemGenerator_Corpus,[0],"{""SID"":""GeneralNPC_TradeItemGenerator_Corpus"",""SpecificRewardSound"":""EUISound::SystemNotificationNews""}",[0],Consumable,,,,{},[5],GeneralNPC_TradeItemGenerator_Corpus.ItemGenerator.[0].PossibleItems.[5],Vodka,,chance,,0.5,1,1,,,,,"{""ItemPrototypeSID"":""Vodka"",""Chance"":""0.5"",""MinCount"":""1"",""MaxCount"":""1""}"
vanilla/Stalker2/Content/GameLite/GameData/ItemGeneratorPrototypes.cfg,trade,,TradeItemGenerator_Corpus,GeneralNPC_TradeItemGenerator_Corpus,GeneralNPC_TradeItemGenerator_Corpus,[0],"{""SID"":""GeneralNPC_TradeItemGenerator_Corpus"",""SpecificRewardSound"":""EUISound::SystemNotificationNews""}",[1],Ammo,,,,{},[0],GeneralNPC_TradeItemGenerator_Corpus.ItemGenerator.[1].PossibleItems.[0],A545D,,chance,,0.6,1,1,,,,,"{""ItemPrototypeSID"":""A545D"",""Chance"":""0.6"",""MinCount"":""1"",""MaxCount"":""1""}"
vanilla/Stalker2/Content/GameLite/GameData/ItemGeneratorPrototypes.cfg,site-specific,SIRCAA,Scientist_Recon_ItemGenerator,GeneralNPC_SIRCAA_Scientist_Recon_ItemGenerator,GeneralNPC_SIRCAA_Scientist_Recon_ItemGenerator,[0],"{""SID"":""GeneralNPC_SIRCAA_Scientist_Recon_ItemGenerator"",""RefreshTime"":""1d"",""SpecificRewardSound"":""EUISound::SystemNotificationNews""}",[0],WeaponPistol,"ERank::Newbie, ERank::Experienced, ERank::Veteran,  ERank::Master",,,{},[0],GeneralNPC_SIRCAA_Scientist_Recon_ItemGenerator.ItemGenerator.[0].PossibleItems.[0],GunUDP_HG,,weight,1000,,,,0,3,0.25,0.5,"{""ItemPrototypeSID"":""GunUDP_HG"",""Weight"":""1000"",""MinDurability"":""0.25"",""MaxDurability"":""0.5"",""AmmoMinCount"":""0"",""AmmoMaxCount"":""3""}"
vanilla/Stalker2/Content/GameLite/GameData/ItemGeneratorPrototypes.cfg,site-specific,SIRCAA,Scientist_Recon_ItemGenerator,GeneralNPC_SIRCAA_Scientist_Recon_ItemGenerator,GeneralNPC_SIRCAA_Scientist_Recon_ItemGenerator,[0],"{""SID"":""GeneralNPC_SIRCAA_Scientist_Recon_ItemGenerator"",""RefreshTime"":""1d"",""SpecificRewardSound"":""EUISound::SystemNotificationNews""}",[1],BodyArmor,"ERank::Newbie, ERank::Experienced, ERank::Veteran,  ERank::Master",,,{},[0],GeneralNPC_SIRCAA_Scientist_Recon_ItemGenerator.ItemGenerator.[1].PossibleItems.[0],NPC_Spark_Armor,,weight,1000,,,,,,0.25,0.5,"{""ItemPrototypeSID"":""NPC_Spark_Armor"",""Weight"":""1000"",""MinDurability"":""0.25"",""MaxDurability"":""0.5""}"
vanilla/Stalker2/Content/GameLite/GameData/ItemGeneratorPrototypes.cfg,site-specific,SIRCAA,Scientist_Recon_ItemGenerator,GeneralNPC_SIRCAA_Scientist_Recon_ItemGenerator,GeneralNPC_SIRCAA_Scientist_Recon_ItemGenerator,[0],"{""SID"":""GeneralNPC_SIRCAA_Scientist_Recon_ItemGenerator"",""RefreshTime"":""1d"",""SpecificRewardSound"":""EUISound::SystemNotificationNews""}",[2],SubItemGenerator,,,,{},[0],GeneralNPC_SIRCAA_Scientist_Recon_ItemGenerator.ItemGenerator.[2].PossibleItems.[0],,GeneralNPC_Consumables_Recon,weight,1,,,,,,,,"{""ItemGeneratorPrototypeSID"":""GeneralNPC_Consumables_Recon"",""Weight"":""1""}"
vanilla/Stalker2/Content/GameLite/GameData/ItemGeneratorPrototypes.cfg,site-specific,SIRCAA,Scientist_Recon_ItemGenerator,GeneralNPC_SIRCAA_Scientist_Recon_ItemGenerator,GeneralNPC_SIRCAA_Scientist_Recon_ItemGenerator,[0],"{""SID"":""GeneralNPC_SIRCAA_Scientist_Recon_ItemGenerator"",""RefreshTime"":""1d"",""SpecificRewardSound"":""EUISound::SystemNotificationNews""}",[3],Detector,,,,{},[0],GeneralNPC_SIRCAA_Scientist_Recon_ItemGenerator.ItemGenerator.[3].PossibleItems.[0],Echo,,chance,,0.05,1,,,,,,"{""ItemPrototypeSID"":""Echo"",""Chance"":""0.05"",""MinCount"":""1""}"
vanilla/Stalker2/Content/GameLite/GameData/ItemGeneratorPrototypes.cfg,site-specific,MALACHITE,Scientist_Recon_ItemGenerator,GeneralNPC_MALACHITE_Scientist_Recon_ItemGenerator,GeneralNPC_MALACHITE_Scientist_Recon_ItemGenerator,[0],"{""SID"":""GeneralNPC_MALACHITE_Scientist_Recon_ItemGenerator"",""RefreshTime"":""1d"",""SpecificRewardSound"":""EUISound::SystemNotificationNews""}",[0],WeaponPistol,"ERank::Newbie, ERank::Experienced, ERank::Veteran,  ERank::Master",,,{},[0],GeneralNPC_MALACHITE_Scientist_Recon_ItemGenerator.ItemGenerator.[0].PossibleItems.[0],GunUDP_HG,,weight,1000,,,,0,3,0.25,0.5,"{""ItemPrototypeSID"":""GunUDP_HG"",""Weight"":""1000"",""MinDurability"":""0.25"",""MaxDurability"":""0.5"",""AmmoMinCount"":""0"",""AmmoMaxCount"":""3""}"
vanilla/Stalker2/Content/GameLite/GameData/ItemGeneratorPrototypes.cfg,site-specific,MALACHITE,Scientist_Recon_ItemGenerator,GeneralNPC_MALACHITE_Scientist_Recon_ItemGenerator,GeneralNPC_MALACHITE_Scientist_Recon_ItemGenerator,[0],"{""SID"":""GeneralNPC_MALACHITE_Scientist_Recon_ItemGenerator"",""RefreshTime"":""1d"",""SpecificRewardSound"":""EUISound::SystemNotificationNews""}",[1],BodyArmor,"ERank::Newbie, ERank::Experienced, ERank::Veteran,  ERank::Master",,,{},[0],GeneralNPC_MALACHITE_Scientist_Recon_ItemGenerator.ItemGenerator.[1].PossibleItems.[0],NPC_Sci_Armor,,weight,1000,,,,,,0.35,0.55,"{""ItemPrototypeSID"":""NPC_Sci_Armor"",""Weight"":""1000"",""MinDurability"":""0.35"",""MaxDurability"":""0.55""}"
vanilla/Stalker2/Content/GameLite/GameData/ItemGeneratorPrototypes.cfg,site-specific,MALACHITE,Scientist_Recon_ItemGenerator,GeneralNPC_MALACHITE_Scientist_Recon_ItemGenerator,GeneralNPC_MALACHITE_Scientist_Recon_ItemGenerator,[0],"{""SID"":""GeneralNPC_MALACHITE_Scientist_Recon_ItemGenerator"",""RefreshTime"":""1d"",""SpecificRewardSound"":""EUISound::SystemNotificationNews""}",[2],SubItemGenerator,,,,{},[0],GeneralNPC_MALACHITE_Scientist_Recon_ItemGenerator.ItemGenerator.[2].PossibleItems.[0],,GeneralNPC_Consumables_Recon,weight,1,,,,,,,,"{""ItemGeneratorPrototypeSID"":""GeneralNPC_Consumables_Recon"",""Weight"":""1""}"
vanilla/Stalker2/Content/GameLite/GameData/ItemGeneratorPrototypes.cfg,site-specific,MALACHITE,Scientist_Recon_ItemGenerator,GeneralNPC_MALACHITE_Scientist_Recon_ItemGenerator,GeneralNPC_MALACHITE_Scientist_Recon_ItemGenerator,[0],"{""SID"":""GeneralNPC_MALACHITE_Scientist_Recon_ItemGenerator"",""RefreshTime"":""1d"",""SpecificRewardSound"":""EUISound::SystemNotificationNews""}",[3],Detector,,,,{},[0],GeneralNPC_MALACHITE_Scientist_Recon_ItemGenerator.ItemGenerator.[3].PossibleItems.[0],Echo,,chance,,0.05,1,,,,,,"{""ItemPrototypeSID"":""Echo"",""Chance"":""0.05"",""MinCount"":""1""}"
vanilla/Stalker2/Content/GameLite/GameData/ItemGeneratorPrototypes.cfg,shared helper,Militaries,Armor_var2,GeneralNPC_Militaries_Armor_var2,GeneralNPC_Militaries_Armor_var2,[0],"{""SID"":""GeneralNPC_Militaries_Armor_var2"",""SpecificRewardSound"":""EUISound::SystemNotificationNews""}",[0],BodyArmor,,,,{},[0],GeneralNPC_Militaries_Armor_var2.ItemGenerator.[0].PossibleItems.[0],NPC_Heavy_Military_Armor,,weight,1.0,,,,,,,,"{""ItemPrototypeSID"":""NPC_Heavy_Military_Armor"",""Weight"":""1.0""}"
vanilla/Stalker2/Content/GameLite/GameData/ItemGeneratorPrototypes.cfg,shared helper,Militaries,Armor_var2,GeneralNPC_Militaries_Armor_var2,GeneralNPC_Militaries_Armor_var2,[0],"{""SID"":""GeneralNPC_Militaries_Armor_var2"",""SpecificRewardSound"":""EUISound::SystemNotificationNews""}",[0],BodyArmor,,,,{},[1],GeneralNPC_Militaries_Armor_var2.ItemGenerator.[0].PossibleItems.[1],NPC_Cloak_Heavy_Military_Armor,,weight,1.0,,,,,,,,"{""ItemPrototypeSID"":""NPC_Cloak_Heavy_Military_Armor"",""Weight"":""1.0""}"
vanilla/Stalker2/Content/GameLite/GameData/ItemGeneratorPrototypes.cfg,shared helper,Militaries,Armor_var2,GeneralNPC_Militaries_Armor_var2,GeneralNPC_Militaries_Armor_var2,[0],"{""SID"":""GeneralNPC_Militaries_Armor_var2"",""SpecificRewardSound"":""EUISound::SystemNotificationNews""}",[1],Head,,,,{},[0],GeneralNPC_Militaries_Armor_var2.ItemGenerator.[1].PossibleItems.[0],Heavy_Military_Helmet,,chance,,0.9,,,,,,,"{""ItemPrototypeSID"":""Heavy_Military_Helmet"",""Chance"":""0.9""}"
vanilla/Stalker2/Content/GameLite/GameData/ItemGeneratorPrototypes.cfg,shared helper,Militaries,Armor_var1,GeneralNPC_Militaries_Armor_var1,GeneralNPC_Militaries_Armor_var1,[0],"{""SID"":""GeneralNPC_Militaries_Armor_var1"",""SpecificRewardSound"":""EUISound::SystemNotificationNews""}",[0],BodyArmor,,,,{},[0],GeneralNPC_Militaries_Armor_var1.ItemGenerator.[0].PossibleItems.[0],Heavy2_Military_Armor,,chance,,1,,,,,,,"{""ItemPrototypeSID"":""Heavy2_Military_Armor"",""Chance"":""1""}"
vanilla/Stalker2/Content/GameLite/GameData/ItemGeneratorPrototypes.cfg,special variant,Neutral,Recon_No_Armor_ItemGenerator,GeneralNPC_Neutral_Recon_No_Armor_ItemGenerator,GeneralNPC_Neutral_Recon_No_Armor_ItemGenerator,GeneralNPC_Neutral_Recon_ItemGenerator,"{""SID"":""GeneralNPC_Neutral_Recon_No_Armor_ItemGenerator"",""RefreshTime"":""1d"",""SpecificRewardSound"":""EUISound::SystemNotificationNews""}",BodyArmor,BodyArmor,"ERank::Newbie, ERank::Experienced, ERank::Veteran, ERank::Master",,,"{""bAllowSameCategoryGeneration"":""false""}",[0],GeneralNPC_Neutral_Recon_No_Armor_ItemGenerator.ItemGenerator.BodyArmor.PossibleItems.[0],empty,,weight,15.0,,,,,,,,"{""ItemPrototypeSID"":""empty"",""Weight"":""15.0""}"
vanilla/Stalker2/Content/GameLite/GameData/ItemGeneratorPrototypes.cfg,special variant,Neutral,Recon_No_Armor_ItemGenerator,GeneralNPC_Neutral_Recon_No_Armor_ItemGenerator,GeneralNPC_Neutral_Recon_No_Armor_ItemGenerator,GeneralNPC_Neutral_Recon_ItemGenerator,"{""SID"":""GeneralNPC_Neutral_Recon_No_Armor_ItemGenerator"",""RefreshTime"":""1d"",""SpecificRewardSound"":""EUISound::SystemNotificationNews""}",Head,Head,"ERank::Newbie, ERank::Experienced, ERank::Veteran, ERank::Master",,,"{""bAllowSameCategoryGeneration"":""false""}",[0],GeneralNPC_Neutral_Recon_No_Armor_ItemGenerator.ItemGenerator.Head.PossibleItems.[0],empty,,weight,15.0,,,,,,,,"{""ItemPrototypeSID"":""empty"",""Weight"":""15.0""}"
vanilla/Stalker2/Content/GameLite/GameData/ItemGeneratorPrototypes.cfg,special variant,Neutral,Recon_No_Armor_ItemGenerator,GeneralNPC_Neutral_Recon_No_Armor_ItemGenerator,GeneralNPC_Neutral_Recon_No_Armor_ItemGenerator,GeneralNPC_Neutral_Recon_ItemGenerator,"{""SID"":""GeneralNPC_Neutral_Recon_No_Armor_ItemGenerator"",""RefreshTime"":""1d"",""SpecificRewardSound"":""EUISound::SystemNotificationNews""}",[0],WeaponPrimary,ERank::Newbie,,,{},[0],GeneralNPC_Neutral_Recon_No_Armor_ItemGenerator.ItemGenerator.[0].PossibleItems.[0],GunViper_PP,,weight,1000,,,,0,5,0.25,0.5,"{""ItemPrototypeSID"":""GunViper_PP"",""Weight"":""1000"",""MinDurability"":""0.25"",""MaxDurability"":""0.5"",""AmmoMinCount"":""0"",""AmmoMaxCount"":""5""}"
vanilla/Stalker2/Content/GameLite/GameData/ItemGeneratorPrototypes.cfg,special variant,Neutral,Recon_No_Armor_ItemGenerator,GeneralNPC_Neutral_Recon_No_Armor_ItemGenerator,GeneralNPC_Neutral_Recon_No_Armor_ItemGenerator,GeneralNPC_Neutral_Recon_ItemGenerator,"{""SID"":""GeneralNPC_Neutral_Recon_No_Armor_ItemGenerator"",""RefreshTime"":""1d"",""SpecificRewardSound"":""EUISound::SystemNotificationNews""}",[0],WeaponPrimary,ERank::Newbie,,,{},[1],GeneralNPC_Neutral_Recon_No_Armor_ItemGenerator.ItemGenerator.[0].PossibleItems.[1],GunAKU_PP,,weight,100,,,,0,5,0.25,0.5,"{""ItemPrototypeSID"":""GunAKU_PP"",""Weight"":""100"",""MinDurability"":""0.25"",""MaxDurability"":""0.5"",""AmmoMinCount"":""0"",""AmmoMaxCount"":""5""}"
vanilla/Stalker2/Content/GameLite/GameData/ItemGeneratorPrototypes.cfg,special variant,Neutral,Recon_No_Armor_ItemGenerator,GeneralNPC_Neutral_Recon_No_Armor_ItemGenerator,GeneralNPC_Neutral_Recon_No_Armor_ItemGenerator,GeneralNPC_Neutral_Recon_ItemGenerator,"{""SID"":""GeneralNPC_Neutral_Recon_No_Armor_ItemGenerator"",""RefreshTime"":""1d"",""SpecificRewardSound"":""EUISound::SystemNotificationNews""}",[1],SubItemGenerator,,,,{},[0],GeneralNPC_Neutral_Recon_No_Armor_ItemGenerator.ItemGenerator.[1].PossibleItems.[0],,GeneralNPC_Neutral_WeaponPistol,chance,,0.25,,,,,,,"{""ItemGeneratorPrototypeSID"":""GeneralNPC_Neutral_WeaponPistol"",""Chance"":""0.25""}"
vanilla/Stalker2/Content/GameLite/GameData/ItemGeneratorPrototypes.cfg,special variant,Neutral,Recon_No_Armor_ItemGenerator,GeneralNPC_Neutral_Recon_No_Armor_ItemGenerator,GeneralNPC_Neutral_Recon_No_Armor_ItemGenerator,GeneralNPC_Neutral_Recon_ItemGenerator,"{""SID"":""GeneralNPC_Neutral_Recon_No_Armor_ItemGenerator"",""RefreshTime"":""1d"",""SpecificRewardSound"":""EUISound::SystemNotificationNews""}",[2],WeaponPrimary,ERank::Experienced,,"EGameDifficulty::Easy, EGameDifficulty::Medium, EGameDifficulty::Hard",{},[0],GeneralNPC_Neutral_Recon_No_Armor_ItemGenerator.ItemGenerator.[2].PossibleItems.[0],GunViper_PP,,weight,800,,,,0,7,0.25,0.5,"{""ItemPrototypeSID"":""GunViper_PP"",""Weight"":""800"",""MinDurability"":""0.25"",""MaxDurability"":""0.5"",""AmmoMinCount"":""0"",""AmmoMaxCount"":""7""}"
vanilla/Stalker2/Content/GameLite/GameData/ItemGeneratorPrototypes.cfg,special variant,Neutral,Recon_No_Armor_ItemGenerator,GeneralNPC_Neutral_Recon_No_Armor_ItemGenerator,GeneralNPC_Neutral_Recon_No_Armor_ItemGenerator,GeneralNPC_Neutral_Recon_ItemGenerator,"{""SID"":""GeneralNPC_Neutral_Recon_No_Armor_ItemGenerator"",""RefreshTime"":""1d"",""SpecificRewardSound"":""EUISound::SystemNotificationNews""}",[2],WeaponPrimary,ERank::Experienced,,"EGameDifficulty::Easy, EGameDifficulty::Medium, EGameDifficulty::Hard",{},[1],GeneralNPC_Neutral_Recon_No_Armor_ItemGenerator.ItemGenerator.[2].PossibleItems.[1],GunAKU_PP,,weight,1000,,,,0,7,0.25,0.5,"{""ItemPrototypeSID"":""GunAKU_PP"",""Weight"":""1000"",""MinDurability"":""0.25"",""MaxDurability"":""0.5"",""AmmoMinCount"":""0"",""AmmoMaxCount"":""7""}"
vanilla/Stalker2/Content/GameLite/GameData/ItemGeneratorPrototypes.cfg,special variant,Neutral,Recon_No_Armor_ItemGenerator,GeneralNPC_Neutral_Recon_No_Armor_ItemGenerator,GeneralNPC_Neutral_Recon_No_Armor_ItemGenerator,GeneralNPC_Neutral_Recon_ItemGenerator,"{""SID"":""GeneralNPC_Neutral_Recon_No_Armor_ItemGenerator"",""RefreshTime"":""1d"",""SpecificRewardSound"":""EUISound::SystemNotificationNews""}",[2],WeaponPrimary,ERank::Experienced,,"EGameDifficulty::Easy, EGameDifficulty::Medium, EGameDifficulty::Hard",{},[2],GeneralNPC_Neutral_Recon_No_Armor_ItemGenerator.ItemGenerator.[2].PossibleItems.[2],GunBucket_PP,,weight,100,,,,0,7,0.25,0.5,"{""ItemPrototypeSID"":""GunBucket_PP"",""Weight"":""100"",""MinDurability"":""0.25"",""MaxDurability"":""0.5"",""AmmoMinCount"":""0"",""AmmoMaxCount"":""7""}"
vanilla/Stalker2/Content/GameLite/GameData/ItemGeneratorPrototypes.cfg,special variant,Neutral,Recon_No_Armor_ItemGenerator,GeneralNPC_Neutral_Recon_No_Armor_ItemGenerator,GeneralNPC_Neutral_Recon_No_Armor_ItemGenerator,GeneralNPC_Neutral_Recon_ItemGenerator,"{""SID"":""GeneralNPC_Neutral_Recon_No_Armor_ItemGenerator"",""RefreshTime"":""1d"",""SpecificRewardSound"":""EUISound::SystemNotificationNews""}",[2],WeaponPrimary,ERank::Experienced,,"EGameDifficulty::Easy, EGameDifficulty::Medium, EGameDifficulty::Hard",{},[3],GeneralNPC_Neutral_Recon_No_Armor_ItemGenerator.ItemGenerator.[2].PossibleItems.[3],GunFora230_PP,,weight,100,,,,0,7,0.25,0.5,"{""ItemPrototypeSID"":""GunFora230_PP"",""Weight"":""100"",""MinDurability"":""0.25"",""MaxDurability"":""0.5"",""AmmoMinCount"":""0"",""AmmoMaxCount"":""7""}"
vanilla/Stalker2/Content/GameLite/GameData/ItemGeneratorPrototypes.cfg,special variant,Neutral,Recon_No_Armor_ItemGenerator,GeneralNPC_Neutral_Recon_No_Armor_ItemGenerator,GeneralNPC_Neutral_Recon_No_Armor_ItemGenerator,GeneralNPC_Neutral_Recon_ItemGenerator,"{""SID"":""GeneralNPC_Neutral_Recon_No_Armor_ItemGenerator"",""RefreshTime"":""1d"",""SpecificRewardSound"":""EUISound::SystemNotificationNews""}",[3],WeaponPrimary,ERank::Veteran,,"EGameDifficulty::Easy, EGameDifficulty::Medium, EGameDifficulty::Hard",{},[0],GeneralNPC_Neutral_Recon_No_Armor_ItemGenerator.ItemGenerator.[3].PossibleItems.[0],GunViper_PP,,weight,400,,,,0,7,0.25,0.5,"{""ItemPrototypeSID"":""GunViper_PP"",""Weight"":""400"",""MinDurability"":""0.25"",""MaxDurability"":""0.5"",""AmmoMinCount"":""0"",""AmmoMaxCount"":""7""}"
vanilla/Stalker2/Content/GameLite/GameData/ItemGeneratorPrototypes.cfg,special variant,Neutral,Recon_No_Armor_ItemGenerator,GeneralNPC_Neutral_Recon_No_Armor_ItemGenerator,GeneralNPC_Neutral_Recon_No_Armor_ItemGenerator,GeneralNPC_Neutral_Recon_ItemGenerator,"{""SID"":""GeneralNPC_Neutral_Recon_No_Armor_ItemGenerator"",""RefreshTime"":""1d"",""SpecificRewardSound"":""EUISound::SystemNotificationNews""}",[3],WeaponPrimary,ERank::Veteran,,"EGameDifficulty::Easy, EGameDifficulty::Medium, EGameDifficulty::Hard",{},[1],GeneralNPC_Neutral_Recon_No_Armor_ItemGenerator.ItemGenerator.[3].PossibleItems.[1],GunAKU_PP,,weight,500,,,,0,7,0.25,0.5,"{""ItemPrototypeSID"":""GunAKU_PP"",""Weight"":""500"",""MinDurability"":""0.25"",""MaxDurability"":""0.5"",""AmmoMinCount"":""0"",""AmmoMaxCount"":""7""}"
vanilla/Stalker2/Content/GameLite/GameData/ItemGeneratorPrototypes.cfg,special variant,Neutral,Recon_No_Armor_ItemGenerator,GeneralNPC_Neutral_Recon_No_Armor_ItemGenerator,GeneralNPC_Neutral_Recon_No_Armor_ItemGenerator,GeneralNPC_Neutral_Recon_ItemGenerator,"{""SID"":""GeneralNPC_Neutral_Recon_No_Armor_ItemGenerator"",""RefreshTime"":""1d"",""SpecificRewardSound"":""EUISound::SystemNotificationNews""}",[3],WeaponPrimary,ERank::Veteran,,"EGameDifficulty::Easy, EGameDifficulty::Medium, EGameDifficulty::Hard",{},[2],GeneralNPC_Neutral_Recon_No_Armor_ItemGenerator.ItemGenerator.[3].PossibleItems.[2],GunBucket_PP,,weight,1000,,,,0,7,0.25,0.5,"{""ItemPrototypeSID"":""GunBucket_PP"",""Weight"":""1000"",""MinDurability"":""0.25"",""MaxDurability"":""0.5"",""AmmoMinCount"":""0"",""AmmoMaxCount"":""7""}"
vanilla/Stalker2/Content/GameLite/GameData/ItemGeneratorPrototypes.cfg,special variant,Neutral,Recon_No_Armor_ItemGenerator,GeneralNPC_Neutral_Recon_No_Armor_ItemGenerator,GeneralNPC_Neutral_Recon_No_Armor_ItemGenerator,GeneralNPC_Neutral_Recon_ItemGenerator,"{""SID"":""GeneralNPC_Neutral_Recon_No_Armor_ItemGenerator"",""RefreshTime"":""1d"",""SpecificRewardSound"":""EUISound::SystemNotificationNews""}",[3],WeaponPrimary,ERank::Veteran,,"EGameDifficulty::Easy, EGameDifficulty::Medium, EGameDifficulty::Hard",{},[3],GeneralNPC_Neutral_Recon_No_Armor_ItemGenerator.ItemGenerator.[3].PossibleItems.[3],GunIntegral_PP,,weight,100,,,,0,7,0.25,0.5,"{""ItemPrototypeSID"":""GunIntegral_PP"",""Weight"":""100"",""MinDurability"":""0.25"",""MaxDurability"":""0.5"",""AmmoMinCount"":""0"",""AmmoMaxCount"":""7""}"
vanilla/Stalker2/Content/GameLite/GameData/ItemGeneratorPrototypes.cfg,special variant,Neutral,Recon_No_Armor_ItemGenerator,GeneralNPC_Neutral_Recon_No_Armor_ItemGenerator,GeneralNPC_Neutral_Recon_No_Armor_ItemGenerator,GeneralNPC_Neutral_Recon_ItemGenerator,"{""SID"":""GeneralNPC_Neutral_Recon_No_Armor_ItemGenerator"",""RefreshTime"":""1d"",""SpecificRewardSound"":""EUISound::SystemNotificationNews""}",[3],WeaponPrimary,ERank::Veteran,,"EGameDifficulty::Easy, EGameDifficulty::Medium, EGameDifficulty::Hard",{},[4],GeneralNPC_Neutral_Recon_No_Armor_ItemGenerator.ItemGenerator.[3].PossibleItems.[4],GunFora230_PP,,weight,1000,,,,0,7,0.25,0.5,"{""ItemPrototypeSID"":""GunFora230_PP"",""Weight"":""1000"",""MinDurability"":""0.25"",""MaxDurability"":""0.5"",""AmmoMinCount"":""0"",""AmmoMaxCount"":""7""}"
vanilla/Stalker2/Content/GameLite/GameData/ItemGeneratorPrototypes.cfg,special variant,Neutral,Recon_No_Armor_ItemGenerator,GeneralNPC_Neutral_Recon_No_Armor_ItemGenerator,GeneralNPC_Neutral_Recon_No_Armor_ItemGenerator,GeneralNPC_Neutral_Recon_ItemGenerator,"{""SID"":""GeneralNPC_Neutral_Recon_No_Armor_ItemGenerator"",""RefreshTime"":""1d"",""SpecificRewardSound"":""EUISound::SystemNotificationNews""}",[4],WeaponPrimary,ERank::Master,,"EGameDifficulty::Easy, EGameDifficulty::Medium, EGameDifficulty::Hard",{},[0],GeneralNPC_Neutral_Recon_No_Armor_ItemGenerator.ItemGenerator.[4].PossibleItems.[0],GunAKU_PP,,weight,500,,,,0,7,0.25,0.5,"{""ItemPrototypeSID"":""GunAKU_PP"",""Weight"":""500"",""MinDurability"":""0.25"",""MaxDurability"":""0.5"",""AmmoMinCount"":""0"",""AmmoMaxCount"":""7""}"
vanilla/Stalker2/Content/GameLite/GameData/ItemGeneratorPrototypes.cfg,special variant,Neutral,Recon_No_Armor_ItemGenerator,GeneralNPC_Neutral_Recon_No_Armor_ItemGenerator,GeneralNPC_Neutral_Recon_No_Armor_ItemGenerator,GeneralNPC_Neutral_Recon_ItemGenerator,"{""SID"":""GeneralNPC_Neutral_Recon_No_Armor_ItemGenerator"",""RefreshTime"":""1d"",""SpecificRewardSound"":""EUISound::SystemNotificationNews""}",[4],WeaponPrimary,ERank::Master,,"EGameDifficulty::Easy, EGameDifficulty::Medium, EGameDifficulty::Hard",{},[1],GeneralNPC_Neutral_Recon_No_Armor_ItemGenerator.ItemGenerator.[4].PossibleItems.[1],GunBucket_PP,,weight,1000,,,,0,7,0.25,0.5,"{""ItemPrototypeSID"":""GunBucket_PP"",""Weight"":""1000"",""MinDurability"":""0.25"",""MaxDurability"":""0.5"",""AmmoMinCount"":""0"",""AmmoMaxCount"":""7""}"
vanilla/Stalker2/Content/GameLite/GameData/ItemGeneratorPrototypes.cfg,special variant,Neutral,Recon_No_Armor_ItemGenerator,GeneralNPC_Neutral_Recon_No_Armor_ItemGenerator,GeneralNPC_Neutral_Recon_No_Armor_ItemGenerator,GeneralNPC_Neutral_Recon_ItemGenerator,"{""SID"":""GeneralNPC_Neutral_Recon_No_Armor_ItemGenerator"",""RefreshTime"":""1d"",""SpecificRewardSound"":""EUISound::SystemNotificationNews""}",[4],WeaponPrimary,ERank::Master,,"EGameDifficulty::Easy, EGameDifficulty::Medium, EGameDifficulty::Hard",{},[2],GeneralNPC_Neutral_Recon_No_Armor_ItemGenerator.ItemGenerator.[4].PossibleItems.[2],GunIntegral_PP,,weight,1000,,,,0,7,0.25,0.5,"{""ItemPrototypeSID"":""GunIntegral_PP"",""Weight"":""1000"",""MinDurability"":""0.25"",""MaxDurability"":""0.5"",""AmmoMinCount"":""0"",""AmmoMaxCount"":""7""}"
vanilla/Stalker2/Content/GameLite/GameData/ItemGeneratorPrototypes.cfg,special variant,Neutral,Recon_No_Armor_ItemGenerator,GeneralNPC_Neutral_Recon_No_Armor_ItemGenerator,GeneralNPC_Neutral_Recon_No_Armor_ItemGenerator,GeneralNPC_Neutral_Recon_ItemGenerator,"{""SID"":""GeneralNPC_Neutral_Recon_No_Armor_ItemGenerator"",""RefreshTime"":""1d"",""SpecificRewardSound"":""EUISound::SystemNotificationNews""}",[4],WeaponPrimary,ERank::Master,,"EGameDifficulty::Easy, EGameDifficulty::Medium, EGameDifficulty::Hard",{},[3],GeneralNPC_Neutral_Recon_No_Armor_ItemGenerator.ItemGenerator.[4].PossibleItems.[3],GunFora230_PP,,weight,1000,,,,0,7,0.25,0.5,"{""ItemPrototypeSID"":""GunFora230_PP"",""Weight"":""1000"",""MinDurability"":""0.25"",""MaxDurability"":""0.5"",""AmmoMinCount"":""0"",""AmmoMaxCount"":""7""}"
vanilla/Stalker2/Content/GameLite/GameData/ItemGeneratorPrototypes.cfg,special variant,Neutral,Recon_No_Armor_ItemGenerator,GeneralNPC_Neutral_Recon_No_Armor_ItemGenerator,GeneralNPC_Neutral_Recon_No_Armor_ItemGenerator,GeneralNPC_Neutral_Recon_ItemGenerator,"{""SID"":""GeneralNPC_Neutral_Recon_No_Armor_ItemGenerator"",""RefreshTime"":""1d"",""SpecificRewardSound"":""EUISound::SystemNotificationNews""}",[5],WeaponPrimary,ERank::Experienced,,EGameDifficulty::Stalker,{},[0],GeneralNPC_Neutral_Recon_No_Armor_ItemGenerator.ItemGenerator.[5].PossibleItems.[0],GunViper_PP,,weight,800,,,,0,6,0.25,0.5,"{""ItemPrototypeSID"":""GunViper_PP"",""Weight"":""800"",""MinDurability"":""0.25"",""MaxDurability"":""0.5"",""AmmoMinCount"":""0"",""AmmoMaxCount"":""6""}"
vanilla/Stalker2/Content/GameLite/GameData/ItemGeneratorPrototypes.cfg,special variant,Neutral,Recon_No_Armor_ItemGenerator,GeneralNPC_Neutral_Recon_No_Armor_ItemGenerator,GeneralNPC_Neutral_Recon_No_Armor_ItemGenerator,GeneralNPC_Neutral_Recon_ItemGenerator,"{""SID"":""GeneralNPC_Neutral_Recon_No_Armor_ItemGenerator"",""RefreshTime"":""1d"",""SpecificRewardSound"":""EUISound::SystemNotificationNews""}",[5],WeaponPrimary,ERank::Experienced,,EGameDifficulty::Stalker,{},[1],GeneralNPC_Neutral_Recon_No_Armor_ItemGenerator.ItemGenerator.[5].PossibleItems.[1],GunAKU_PP,,weight,1000,,,,0,6,0.25,0.5,"{""ItemPrototypeSID"":""GunAKU_PP"",""Weight"":""1000"",""MinDurability"":""0.25"",""MaxDurability"":""0.5"",""AmmoMinCount"":""0"",""AmmoMaxCount"":""6""}"
vanilla/Stalker2/Content/GameLite/GameData/ItemGeneratorPrototypes.cfg,special variant,Neutral,Recon_No_Armor_ItemGenerator,GeneralNPC_Neutral_Recon_No_Armor_ItemGenerator,GeneralNPC_Neutral_Recon_No_Armor_ItemGenerator,GeneralNPC_Neutral_Recon_ItemGenerator,"{""SID"":""GeneralNPC_Neutral_Recon_No_Armor_ItemGenerator"",""RefreshTime"":""1d"",""SpecificRewardSound"":""EUISound::SystemNotificationNews""}",[5],WeaponPrimary,ERank::Experienced,,EGameDifficulty::Stalker,{},[2],GeneralNPC_Neutral_Recon_No_Armor_ItemGenerator.ItemGenerator.[5].PossibleItems.[2],GunBucket_PP,,weight,100,,,,0,6,0.25,0.5,"{""ItemPrototypeSID"":""GunBucket_PP"",""Weight"":""100"",""MinDurability"":""0.25"",""MaxDurability"":""0.5"",""AmmoMinCount"":""0"",""AmmoMaxCount"":""6""}"
vanilla/Stalker2/Content/GameLite/GameData/ItemGeneratorPrototypes.cfg,special variant,Neutral,Recon_No_Armor_ItemGenerator,GeneralNPC_Neutral_Recon_No_Armor_ItemGenerator,GeneralNPC_Neutral_Recon_No_Armor_ItemGenerator,GeneralNPC_Neutral_Recon_ItemGenerator,"{""SID"":""GeneralNPC_Neutral_Recon_No_Armor_ItemGenerator"",""RefreshTime"":""1d"",""SpecificRewardSound"":""EUISound::SystemNotificationNews""}",[5],WeaponPrimary,ERank::Experienced,,EGameDifficulty::Stalker,{},[3],GeneralNPC_Neutral_Recon_No_Armor_ItemGenerator.ItemGenerator.[5].PossibleItems.[3],GunFora230_PP,,weight,100,,,,0,6,0.25,0.5,"{""ItemPrototypeSID"":""GunFora230_PP"",""Weight"":""100"",""MinDurability"":""0.25"",""MaxDurability"":""0.5"",""AmmoMinCount"":""0"",""AmmoMaxCount"":""6""}"
vanilla/Stalker2/Content/GameLite/GameData/ItemGeneratorPrototypes.cfg,special variant,Neutral,Recon_No_Armor_ItemGenerator,GeneralNPC_Neutral_Recon_No_Armor_ItemGenerator,GeneralNPC_Neutral_Recon_No_Armor_ItemGenerator,GeneralNPC_Neutral_Recon_ItemGenerator,"{""SID"":""GeneralNPC_Neutral_Recon_No_Armor_ItemGenerator"",""RefreshTime"":""1d"",""SpecificRewardSound"":""EUISound::SystemNotificationNews""}",[6],WeaponPrimary,ERank::Veteran,,EGameDifficulty::Stalker,{},[0],GeneralNPC_Neutral_Recon_No_Armor_ItemGenerator.ItemGenerator.[6].PossibleItems.[0],GunViper_PP,,weight,400,,,,0,6,0.25,0.5,"{""ItemPrototypeSID"":""GunViper_PP"",""Weight"":""400"",""MinDurability"":""0.25"",""MaxDurability"":""0.5"",""AmmoMinCount"":""0"",""AmmoMaxCount"":""6""}"
vanilla/Stalker2/Content/GameLite/GameData/ItemGeneratorPrototypes.cfg,special variant,Neutral,Recon_No_Armor_ItemGenerator,GeneralNPC_Neutral_Recon_No_Armor_ItemGenerator,GeneralNPC_Neutral_Recon_No_Armor_ItemGenerator,GeneralNPC_Neutral_Recon_ItemGenerator,"{""SID"":""GeneralNPC_Neutral_Recon_No_Armor_ItemGenerator"",""RefreshTime"":""1d"",""SpecificRewardSound"":""EUISound::SystemNotificationNews""}",[6],WeaponPrimary,ERank::Veteran,,EGameDifficulty::Stalker,{},[1],GeneralNPC_Neutral_Recon_No_Armor_ItemGenerator.ItemGenerator.[6].PossibleItems.[1],GunAKU_PP,,weight,500,,,,0,6,0.25,0.5,"{""ItemPrototypeSID"":""GunAKU_PP"",""Weight"":""500"",""MinDurability"":""0.25"",""MaxDurability"":""0.5"",""AmmoMinCount"":""0"",""AmmoMaxCount"":""6""}"
vanilla/Stalker2/Content/GameLite/GameData/ItemGeneratorPrototypes.cfg,special variant,Neutral,Recon_No_Armor_ItemGenerator,GeneralNPC_Neutral_Recon_No_Armor_ItemGenerator,GeneralNPC_Neutral_Recon_No_Armor_ItemGenerator,GeneralNPC_Neutral_Recon_ItemGenerator,"{""SID"":""GeneralNPC_Neutral_Recon_No_Armor_ItemGenerator"",""RefreshTime"":""1d"",""SpecificRewardSound"":""EUISound::SystemNotificationNews""}",[6],WeaponPrimary,ERank::Veteran,,EGameDifficulty::Stalker,{},[2],GeneralNPC_Neutral_Recon_No_Armor_ItemGenerator.ItemGenerator.[6].PossibleItems.[2],GunBucket_PP,,weight,1000,,,,0,6,0.25,0.5,"{""ItemPrototypeSID"":""GunBucket_PP"",""Weight"":""1000"",""MinDurability"":""0.25"",""MaxDurability"":""0.5"",""AmmoMinCount"":""0"",""AmmoMaxCount"":""6""}"
vanilla/Stalker2/Content/GameLite/GameData/ItemGeneratorPrototypes.cfg,special variant,Neutral,Recon_No_Armor_ItemGenerator,GeneralNPC_Neutral_Recon_No_Armor_ItemGenerator,GeneralNPC_Neutral_Recon_No_Armor_ItemGenerator,GeneralNPC_Neutral_Recon_ItemGenerator,"{""SID"":""GeneralNPC_Neutral_Recon_No_Armor_ItemGenerator"",""RefreshTime"":""1d"",""SpecificRewardSound"":""EUISound::SystemNotificationNews""}",[6],WeaponPrimary,ERank::Veteran,,EGameDifficulty::Stalker,{},[3],GeneralNPC_Neutral_Recon_No_Armor_ItemGenerator.ItemGenerator.[6].PossibleItems.[3],GunIntegral_PP,,weight,100,,,,0,6,0.25,0.5,"{""ItemPrototypeSID"":""GunIntegral_PP"",""Weight"":""100"",""MinDurability"":""0.25"",""MaxDurability"":""0.5"",""AmmoMinCount"":""0"",""AmmoMaxCount"":""6""}"
vanilla/Stalker2/Content/GameLite/GameData/ItemGeneratorPrototypes.cfg,special variant,Neutral,Recon_No_Armor_ItemGenerator,GeneralNPC_Neutral_Recon_No_Armor_ItemGenerator,GeneralNPC_Neutral_Recon_No_Armor_ItemGenerator,GeneralNPC_Neutral_Recon_ItemGenerator,"{""SID"":""GeneralNPC_Neutral_Recon_No_Armor_ItemGenerator"",""RefreshTime"":""1d"",""SpecificRewardSound"":""EUISound::SystemNotificationNews""}",[6],WeaponPrimary,ERank::Veteran,,EGameDifficulty::Stalker,{},[4],GeneralNPC_Neutral_Recon_No_Armor_ItemGenerator.ItemGenerator.[6].PossibleItems.[4],GunFora230_PP,,weight,1000,,,,0,6,0.25,0.5,"{""ItemPrototypeSID"":""GunFora230_PP"",""Weight"":""1000"",""MinDurability"":""0.25"",""MaxDurability"":""0.5"",""AmmoMinCount"":""0"",""AmmoMaxCount"":""6""}"
vanilla/Stalker2/Content/GameLite/GameData/ItemGeneratorPrototypes.cfg,special variant,Neutral,Recon_No_Armor_ItemGenerator,GeneralNPC_Neutral_Recon_No_Armor_ItemGenerator,GeneralNPC_Neutral_Recon_No_Armor_ItemGenerator,GeneralNPC_Neutral_Recon_ItemGenerator,"{""SID"":""GeneralNPC_Neutral_Recon_No_Armor_ItemGenerator"",""RefreshTime"":""1d"",""SpecificRewardSound"":""EUISound::SystemNotificationNews""}",[7],WeaponPrimary,ERank::Master,,EGameDifficulty::Stalker,{},[0],GeneralNPC_Neutral_Recon_No_Armor_ItemGenerator.ItemGenerator.[7].PossibleItems.[0],GunAKU_PP,,weight,500,,,,0,6,0.25,0.5,"{""ItemPrototypeSID"":""GunAKU_PP"",""Weight"":""500"",""MinDurability"":""0.25"",""MaxDurability"":""0.5"",""AmmoMinCount"":""0"",""AmmoMaxCount"":""6""}"
vanilla/Stalker2/Content/GameLite/GameData/ItemGeneratorPrototypes.cfg,special variant,Neutral,Recon_No_Armor_ItemGenerator,GeneralNPC_Neutral_Recon_No_Armor_ItemGenerator,GeneralNPC_Neutral_Recon_No_Armor_ItemGenerator,GeneralNPC_Neutral_Recon_ItemGenerator,"{""SID"":""GeneralNPC_Neutral_Recon_No_Armor_ItemGenerator"",""RefreshTime"":""1d"",""SpecificRewardSound"":""EUISound::SystemNotificationNews""}",[7],WeaponPrimary,ERank::Master,,EGameDifficulty::Stalker,{},[1],GeneralNPC_Neutral_Recon_No_Armor_ItemGenerator.ItemGenerator.[7].PossibleItems.[1],GunBucket_PP,,weight,1000,,,,0,6,0.25,0.5,"{""ItemPrototypeSID"":""GunBucket_PP"",""Weight"":""1000"",""MinDurability"":""0.25"",""MaxDurability"":""0.5"",""AmmoMinCount"":""0"",""AmmoMaxCount"":""6""}"
vanilla/Stalker2/Content/GameLite/GameData/ItemGeneratorPrototypes.cfg,special variant,Neutral,Recon_No_Armor_ItemGenerator,GeneralNPC_Neutral_Recon_No_Armor_ItemGenerator,GeneralNPC_Neutral_Recon_No_Armor_ItemGenerator,GeneralNPC_Neutral_Recon_ItemGenerator,"{""SID"":""GeneralNPC_Neutral_Recon_No_Armor_ItemGenerator"",""RefreshTime"":""1d"",""SpecificRewardSound"":""EUISound::SystemNotificationNews""}",[7],WeaponPrimary,ERank::Master,,EGameDifficulty::Stalker,{},[2],GeneralNPC_Neutral_Recon_No_Armor_ItemGenerator.ItemGenerator.[7].PossibleItems.[2],GunIntegral_PP,,weight,1000,,,,0,6,0.25,0.5,"{""ItemPrototypeSID"":""GunIntegral_PP"",""Weight"":""1000"",""MinDurability"":""0.25"",""MaxDurability"":""0.5"",""AmmoMinCount"":""0"",""AmmoMaxCount"":""6""}"
vanilla/Stalker2/Content/GameLite/GameData/ItemGeneratorPrototypes.cfg,special variant,Neutral,Recon_No_Armor_ItemGenerator,GeneralNPC_Neutral_Recon_No_Armor_ItemGenerator,GeneralNPC_Neutral_Recon_No_Armor_ItemGenerator,GeneralNPC_Neutral_Recon_ItemGenerator,"{""SID"":""GeneralNPC_Neutral_Recon_No_Armor_ItemGenerator"",""RefreshTime"":""1d"",""SpecificRewardSound"":""EUISound::SystemNotificationNews""}",[7],WeaponPrimary,ERank::Master,,EGameDifficulty::Stalker,{},[3],GeneralNPC_Neutral_Recon_No_Armor_ItemGenerator.ItemGenerator.[7].PossibleItems.[3],GunFora230_PP,,weight,1000,,,,0,6,0.25,0.5,"{""ItemPrototypeSID"":""GunFora230_PP"",""Weight"":""1000"",""MinDurability"":""0.25"",""MaxDurability"":""0.5"",""AmmoMinCount"":""0"",""AmmoMaxCount"":""6""}"
vanilla/Stalker2/Content/GameLite/GameData/ItemGeneratorPrototypes.cfg,special variant,Neutral,Recon_No_Armor_ItemGenerator,GeneralNPC_Neutral_Recon_No_Armor_ItemGenerator,GeneralNPC_Neutral_Recon_No_Armor_ItemGenerator,GeneralNPC_Neutral_Recon_ItemGenerator,"{""SID"":""GeneralNPC_Neutral_Recon_No_Armor_ItemGenerator"",""RefreshTime"":""1d"",""SpecificRewardSound"":""EUISound::SystemNotificationNews""}",[8],BodyArmor,ERank::Newbie,,,{},[0],GeneralNPC_Neutral_Recon_No_Armor_ItemGenerator.ItemGenerator.[8].PossibleItems.[0],Jemmy_Neutral_Armor,,weight,15.0,,,,,,,,"{""ItemPrototypeSID"":""Jemmy_Neutral_Armor"",""Weight"":""15.0""}"
vanilla/Stalker2/Content/GameLite/GameData/ItemGeneratorPrototypes.cfg,special variant,Neutral,Recon_No_Armor_ItemGenerator,GeneralNPC_Neutral_Recon_No_Armor_ItemGenerator,GeneralNPC_Neutral_Recon_No_Armor_ItemGenerator,GeneralNPC_Neutral_Recon_ItemGenerator,"{""SID"":""GeneralNPC_Neutral_Recon_No_Armor_ItemGenerator"",""RefreshTime"":""1d"",""SpecificRewardSound"":""EUISound::SystemNotificationNews""}",[8],BodyArmor,ERank::Newbie,,,{},[1],GeneralNPC_Neutral_Recon_No_Armor_ItemGenerator.ItemGenerator.[8].PossibleItems.[1],Newbee_Neutral_Armor,,weight,1.0,,,,,,,,"{""ItemPrototypeSID"":""Newbee_Neutral_Armor"",""Weight"":""1.0""}"
vanilla/Stalker2/Content/GameLite/GameData/ItemGeneratorPrototypes.cfg,special variant,Neutral,Recon_No_Armor_ItemGenerator,GeneralNPC_Neutral_Recon_No_Armor_ItemGenerator,GeneralNPC_Neutral_Recon_No_Armor_ItemGenerator,GeneralNPC_Neutral_Recon_ItemGenerator,"{""SID"":""GeneralNPC_Neutral_Recon_No_Armor_ItemGenerator"",""RefreshTime"":""1d"",""SpecificRewardSound"":""EUISound::SystemNotificationNews""}",[8],BodyArmor,ERank::Newbie,,,{},[2],GeneralNPC_Neutral_Recon_No_Armor_ItemGenerator.ItemGenerator.[8].PossibleItems.[2],NPC_Sel_Neutral_Armor,,weight,4.0,,,,,,,,"{""ItemPrototypeSID"":""NPC_Sel_Neutral_Armor"",""Weight"":""4.0""}"
vanilla/Stalker2/Content/GameLite/GameData/ItemGeneratorPrototypes.cfg,special variant,Neutral,Recon_No_Armor_ItemGenerator,GeneralNPC_Neutral_Recon_No_Armor_ItemGenerator,GeneralNPC_Neutral_Recon_No_Armor_ItemGenerator,GeneralNPC_Neutral_Recon_ItemGenerator,"{""SID"":""GeneralNPC_Neutral_Recon_No_Armor_ItemGenerator"",""RefreshTime"":""1d"",""SpecificRewardSound"":""EUISound::SystemNotificationNews""}",[9],BodyArmor,ERank::Experienced,,,{},[0],GeneralNPC_Neutral_Recon_No_Armor_ItemGenerator.ItemGenerator.[9].PossibleItems.[0],Nasos_Neutral_Armor,,weight,1.0,,,,,,,,"{""ItemPrototypeSID"":""Nasos_Neutral_Armor"",""Weight"":""1.0""}"
vanilla/Stalker2/Content/GameLite/GameData/ItemGeneratorPrototypes.cfg,special variant,Neutral,Recon_No_Armor_ItemGenerator,GeneralNPC_Neutral_Recon_No_Armor_ItemGenerator,GeneralNPC_Neutral_Recon_No_Armor_ItemGenerator,GeneralNPC_Neutral_Recon_ItemGenerator,"{""SID"":""GeneralNPC_Neutral_Recon_No_Armor_ItemGenerator"",""RefreshTime"":""1d"",""SpecificRewardSound"":""EUISound::SystemNotificationNews""}",[9],BodyArmor,ERank::Experienced,,,{},[1],GeneralNPC_Neutral_Recon_No_Armor_ItemGenerator.ItemGenerator.[9].PossibleItems.[1],Zorya_Neutral_Armor,,weight,1.0,,,,,,,,"{""ItemPrototypeSID"":""Zorya_Neutral_Armor"",""Weight"":""1.0""}"
vanilla/Stalker2/Content/GameLite/GameData/ItemGeneratorPrototypes.cfg,special variant,Neutral,Recon_No_Armor_ItemGenerator,GeneralNPC_Neutral_Recon_No_Armor_ItemGenerator,GeneralNPC_Neutral_Recon_No_Armor_ItemGenerator,GeneralNPC_Neutral_Recon_ItemGenerator,"{""SID"":""GeneralNPC_Neutral_Recon_No_Armor_ItemGenerator"",""RefreshTime"":""1d"",""SpecificRewardSound"":""EUISound::SystemNotificationNews""}",[10],BodyArmor,ERank::Veteran,,,{},[0],GeneralNPC_Neutral_Recon_No_Armor_ItemGenerator.ItemGenerator.[10].PossibleItems.[0],SEVA_Neutral_Armor,,weight,2.0,,,,,,,,"{""ItemPrototypeSID"":""SEVA_Neutral_Armor"",""Weight"":""2.0""}"
vanilla/Stalker2/Content/GameLite/GameData/ItemGeneratorPrototypes.cfg,special variant,Neutral,Recon_No_Armor_ItemGenerator,GeneralNPC_Neutral_Recon_No_Armor_ItemGenerator,GeneralNPC_Neutral_Recon_No_Armor_ItemGenerator,GeneralNPC_Neutral_Recon_ItemGenerator,"{""SID"":""GeneralNPC_Neutral_Recon_No_Armor_ItemGenerator"",""RefreshTime"":""1d"",""SpecificRewardSound"":""EUISound::SystemNotificationNews""}",[10],BodyArmor,ERank::Veteran,,,{},[1],GeneralNPC_Neutral_Recon_No_Armor_ItemGenerator.ItemGenerator.[10].PossibleItems.[1],NPC_Cloak_Heavy_Neutral_Armor,,weight,2.0,,,,,,,,"{""ItemPrototypeSID"":""NPC_Cloak_Heavy_Neutral_Armor"",""Weight"":""2.0""}"
vanilla/Stalker2/Content/GameLite/GameData/ItemGeneratorPrototypes.cfg,special variant,Neutral,Recon_No_Armor_ItemGenerator,GeneralNPC_Neutral_Recon_No_Armor_ItemGenerator,GeneralNPC_Neutral_Recon_No_Armor_ItemGenerator,GeneralNPC_Neutral_Recon_ItemGenerator,"{""SID"":""GeneralNPC_Neutral_Recon_No_Armor_ItemGenerator"",""RefreshTime"":""1d"",""SpecificRewardSound"":""EUISound::SystemNotificationNews""}",[11],BodyArmor,ERank::Master,,,{},[0],GeneralNPC_Neutral_Recon_No_Armor_ItemGenerator.ItemGenerator.[11].PossibleItems.[0],Exoskeleton_Neutral_Armor,,weight,2.0,,,,,,,,"{""ItemPrototypeSID"":""Exoskeleton_Neutral_Armor"",""Weight"":""2.0""}"
vanilla/Stalker2/Content/GameLite/GameData/ItemGeneratorPrototypes.cfg,special variant,Neutral,Recon_No_Armor_ItemGenerator,GeneralNPC_Neutral_Recon_No_Armor_ItemGenerator,GeneralNPC_Neutral_Recon_No_Armor_ItemGenerator,GeneralNPC_Neutral_Recon_ItemGenerator,"{""SID"":""GeneralNPC_Neutral_Recon_No_Armor_ItemGenerator"",""RefreshTime"":""1d"",""SpecificRewardSound"":""EUISound::SystemNotificationNews""}",[11],BodyArmor,ERank::Master,,,{},[1],GeneralNPC_Neutral_Recon_No_Armor_ItemGenerator.ItemGenerator.[11].PossibleItems.[1],SEVA_Neutral_Armor,,weight,1.0,,,,,,,,"{""ItemPrototypeSID"":""SEVA_Neutral_Armor"",""Weight"":""1.0""}"
vanilla/Stalker2/Content/GameLite/GameData/ItemGeneratorPrototypes.cfg,special variant,Neutral,Recon_No_Armor_ItemGenerator,GeneralNPC_Neutral_Recon_No_Armor_ItemGenerator,GeneralNPC_Neutral_Recon_No_Armor_ItemGenerator,GeneralNPC_Neutral_Recon_ItemGenerator,"{""SID"":""GeneralNPC_Neutral_Recon_No_Armor_ItemGenerator"",""RefreshTime"":""1d"",""SpecificRewardSound"":""EUISound::SystemNotificationNews""}",[11],BodyArmor,ERank::Master,,,{},[2],GeneralNPC_Neutral_Recon_No_Armor_ItemGenerator.ItemGenerator.[11].PossibleItems.[2],NPC_Cloak_Heavy_Neutral_Armor,,weight,2.0,,,,,,,,"{""ItemPrototypeSID"":""NPC_Cloak_Heavy_Neutral_Armor"",""Weight"":""2.0""}"
vanilla/Stalker2/Content/GameLite/GameData/ItemGeneratorPrototypes.cfg,special variant,Neutral,Recon_No_Armor_ItemGenerator,GeneralNPC_Neutral_Recon_No_Armor_ItemGenerator,GeneralNPC_Neutral_Recon_No_Armor_ItemGenerator,GeneralNPC_Neutral_Recon_ItemGenerator,"{""SID"":""GeneralNPC_Neutral_Recon_No_Armor_ItemGenerator"",""RefreshTime"":""1d"",""SpecificRewardSound"":""EUISound::SystemNotificationNews""}",[12],Head,"ERank::Newbie, ERank::Experienced",,,{},[0],GeneralNPC_Neutral_Recon_No_Armor_ItemGenerator.ItemGenerator.[12].PossibleItems.[0],Light_Neutral_Helmet,,chance,,0.3,,,,,,,"{""ItemPrototypeSID"":""Light_Neutral_Helmet"",""Chance"":""0.3""}"
vanilla/Stalker2/Content/GameLite/GameData/ItemGeneratorPrototypes.cfg,special variant,Neutral,Recon_No_Armor_ItemGenerator,GeneralNPC_Neutral_Recon_No_Armor_ItemGenerator,GeneralNPC_Neutral_Recon_No_Armor_ItemGenerator,GeneralNPC_Neutral_Recon_ItemGenerator,"{""SID"":""GeneralNPC_Neutral_Recon_No_Armor_ItemGenerator"",""RefreshTime"":""1d"",""SpecificRewardSound"":""EUISound::SystemNotificationNews""}",[13],Head,"ERank::Veteran, ERank::Master",,,{},[0],GeneralNPC_Neutral_Recon_No_Armor_ItemGenerator.ItemGenerator.[13].PossibleItems.[0],Light_Neutral_Helmet,,chance,,0.7,,,,,,,"{""ItemPrototypeSID"":""Light_Neutral_Helmet"",""Chance"":""0.7""}"
vanilla/Stalker2/Content/GameLite/GameData/ItemGeneratorPrototypes.cfg,special variant,Neutral,Recon_No_Armor_ItemGenerator,GeneralNPC_Neutral_Recon_No_Armor_ItemGenerator,GeneralNPC_Neutral_Recon_No_Armor_ItemGenerator,GeneralNPC_Neutral_Recon_ItemGenerator,"{""SID"":""GeneralNPC_Neutral_Recon_No_Armor_ItemGenerator"",""RefreshTime"":""1d"",""SpecificRewardSound"":""EUISound::SystemNotificationNews""}",[14],SubItemGenerator,,,,{},[0],GeneralNPC_Neutral_Recon_No_Armor_ItemGenerator.ItemGenerator.[14].PossibleItems.[0],,GeneralNPC_Consumables_Recon,weight,1,,,,,,,,"{""ItemGeneratorPrototypeSID"":""GeneralNPC_Consumables_Recon"",""Weight"":""1""}"
vanilla/Stalker2/Content/GameLite/GameData/ItemGeneratorPrototypes.cfg,special variant,Neutral,Recon_No_Armor_ItemGenerator,GeneralNPC_Neutral_Recon_No_Armor_ItemGenerator,GeneralNPC_Neutral_Recon_No_Armor_ItemGenerator,GeneralNPC_Neutral_Recon_ItemGenerator,"{""SID"":""GeneralNPC_Neutral_Recon_No_Armor_ItemGenerator"",""RefreshTime"":""1d"",""SpecificRewardSound"":""EUISound::SystemNotificationNews""}",[15],Artifact,,,,{},[0],GeneralNPC_Neutral_Recon_No_Armor_ItemGenerator.ItemGenerator.[15].PossibleItems.[0],GrenadeRGD5,,chance,,0.2,1,1,,,,,"{""ItemPrototypeSID"":""GrenadeRGD5"",""Chance"":""0.2"",""MinCount"":""1"",""MaxCount"":""1""}"
vanilla/Stalker2/Content/GameLite/GameData/ItemGeneratorPrototypes.cfg,special variant,Neutral,Recon_No_Armor_ItemGenerator,GeneralNPC_Neutral_Recon_No_Armor_ItemGenerator,GeneralNPC_Neutral_Recon_No_Armor_ItemGenerator,GeneralNPC_Neutral_Recon_ItemGenerator,"{""SID"":""GeneralNPC_Neutral_Recon_No_Armor_ItemGenerator"",""RefreshTime"":""1d"",""SpecificRewardSound"":""EUISound::SystemNotificationNews""}",[16],Detector,,,,{},[0],GeneralNPC_Neutral_Recon_No_Armor_ItemGenerator.ItemGenerator.[16].PossibleItems.[0],Echo,,chance,,0.05,1,,,,,,"{""ItemPrototypeSID"":""Echo"",""Chance"":""0.05"",""MinCount"":""1""}"
vanilla/Stalker2/Content/GameLite/GameData/ItemGeneratorPrototypes.cfg,special variant,Neutral,Recon_No_Armor_ItemGenerator,GeneralNPC_Neutral_Recon_No_Armor_ItemGenerator,GeneralNPC_Neutral_Recon_No_Armor_ItemGenerator,GeneralNPC_Neutral_Recon_ItemGenerator,"{""SID"":""GeneralNPC_Neutral_Recon_No_Armor_ItemGenerator"",""RefreshTime"":""1d"",""SpecificRewardSound"":""EUISound::SystemNotificationNews""}",[17],SubItemGenerator,,,,{},[0],GeneralNPC_Neutral_Recon_No_Armor_ItemGenerator.ItemGenerator.[17].PossibleItems.[0],,GeneralNPC_Neutral_NVG,chance,,1,,,,,,,"{""ItemGeneratorPrototypeSID"":""GeneralNPC_Neutral_NVG"",""Chance"":""1""}"
vanilla/Stalker2/Content/GameLite/GameData/ItemGeneratorPrototypes.cfg,special variant,Neutral,Stormtrooper_No_Armor_ItemGenerator,GeneralNPC_Neutral_Stormtrooper_No_Armor_ItemGenerator,GeneralNPC_Neutral_Stormtrooper_No_Armor_ItemGenerator,GeneralNPC_Neutral_Stormtrooper_ItemGenerator,"{""SID"":""GeneralNPC_Neutral_Stormtrooper_No_Armor_ItemGenerator"",""RefreshTime"":""1d"",""SpecificRewardSound"":""EUISound::SystemNotificationNews""}",BodyArmor,BodyArmor,"ERank::Newbie, ERank::Experienced, ERank::Veteran, ERank::Master",,,"{""bAllowSameCategoryGeneration"":""false""}",[0],GeneralNPC_Neutral_Stormtrooper_No_Armor_ItemGenerator.ItemGenerator.BodyArmor.PossibleItems.[0],empty,,weight,15.0,,,,,,,,"{""ItemPrototypeSID"":""empty"",""Weight"":""15.0""}"
vanilla/Stalker2/Content/GameLite/GameData/ItemGeneratorPrototypes.cfg,special variant,Neutral,Stormtrooper_No_Armor_ItemGenerator,GeneralNPC_Neutral_Stormtrooper_No_Armor_ItemGenerator,GeneralNPC_Neutral_Stormtrooper_No_Armor_ItemGenerator,GeneralNPC_Neutral_Stormtrooper_ItemGenerator,"{""SID"":""GeneralNPC_Neutral_Stormtrooper_No_Armor_ItemGenerator"",""RefreshTime"":""1d"",""SpecificRewardSound"":""EUISound::SystemNotificationNews""}",Head,Head,"ERank::Newbie, ERank::Experienced, ERank::Veteran, ERank::Master",,,"{""bAllowSameCategoryGeneration"":""false""}",[0],GeneralNPC_Neutral_Stormtrooper_No_Armor_ItemGenerator.ItemGenerator.Head.PossibleItems.[0],empty,,weight,15.0,,,,,,,,"{""ItemPrototypeSID"":""empty"",""Weight"":""15.0""}"
vanilla/Stalker2/Content/GameLite/GameData/ItemGeneratorPrototypes.cfg,special variant,Neutral,Stormtrooper_No_Armor_ItemGenerator,GeneralNPC_Neutral_Stormtrooper_No_Armor_ItemGenerator,GeneralNPC_Neutral_Stormtrooper_No_Armor_ItemGenerator,GeneralNPC_Neutral_Stormtrooper_ItemGenerator,"{""SID"":""GeneralNPC_Neutral_Stormtrooper_No_Armor_ItemGenerator"",""RefreshTime"":""1d"",""SpecificRewardSound"":""EUISound::SystemNotificationNews""}",[0],SubItemGenerator,,,,{},[0],GeneralNPC_Neutral_Stormtrooper_No_Armor_ItemGenerator.ItemGenerator.[0].PossibleItems.[0],,GeneralNPC_Neutral_WeaponPistol,chance,,0.4,,,,,,,"{""ItemGeneratorPrototypeSID"":""GeneralNPC_Neutral_WeaponPistol"",""Chance"":""0.4""}"
vanilla/Stalker2/Content/GameLite/GameData/ItemGeneratorPrototypes.cfg,special variant,Neutral,Stormtrooper_No_Armor_ItemGenerator,GeneralNPC_Neutral_Stormtrooper_No_Armor_ItemGenerator,GeneralNPC_Neutral_Stormtrooper_No_Armor_ItemGenerator,GeneralNPC_Neutral_Stormtrooper_ItemGenerator,"{""SID"":""GeneralNPC_Neutral_Stormtrooper_No_Armor_ItemGenerator"",""RefreshTime"":""1d"",""SpecificRewardSound"":""EUISound::SystemNotificationNews""}",[0],SubItemGenerator,,,,{},[1],GeneralNPC_Neutral_Stormtrooper_No_Armor_ItemGenerator.ItemGenerator.[0].PossibleItems.[1],,GeneralNPC_Consumables_Stormtrooper,chance,,1,,,,,,,"{""ItemGeneratorPrototypeSID"":""GeneralNPC_Consumables_Stormtrooper"",""Chance"":""1""}"
vanilla/Stalker2/Content/GameLite/GameData/ItemGeneratorPrototypes.cfg,special variant,Neutral,Stormtrooper_No_Armor_ItemGenerator,GeneralNPC_Neutral_Stormtrooper_No_Armor_ItemGenerator,GeneralNPC_Neutral_Stormtrooper_No_Armor_ItemGenerator,GeneralNPC_Neutral_Stormtrooper_ItemGenerator,"{""SID"":""GeneralNPC_Neutral_Stormtrooper_No_Armor_ItemGenerator"",""RefreshTime"":""1d"",""SpecificRewardSound"":""EUISound::SystemNotificationNews""}",[1],WeaponPrimary,ERank::Newbie,,,{},[0],GeneralNPC_Neutral_Stormtrooper_No_Armor_ItemGenerator.ItemGenerator.[1].PossibleItems.[0],GunAK74_ST,,weight,1000,,,,0,7,0.25,0.5,"{""ItemPrototypeSID"":""GunAK74_ST"",""Weight"":""1000"",""MinDurability"":""0.25"",""MaxDurability"":""0.5"",""AmmoMinCount"":""0"",""AmmoMaxCount"":""7""}"
vanilla/Stalker2/Content/GameLite/GameData/ItemGeneratorPrototypes.cfg,special variant,Neutral,Stormtrooper_No_Armor_ItemGenerator,GeneralNPC_Neutral_Stormtrooper_No_Armor_ItemGenerator,GeneralNPC_Neutral_Stormtrooper_No_Armor_ItemGenerator,GeneralNPC_Neutral_Stormtrooper_ItemGenerator,"{""SID"":""GeneralNPC_Neutral_Stormtrooper_No_Armor_ItemGenerator"",""RefreshTime"":""1d"",""SpecificRewardSound"":""EUISound::SystemNotificationNews""}",[1],WeaponPrimary,ERank::Newbie,,,{},[1],GeneralNPC_Neutral_Stormtrooper_No_Armor_ItemGenerator.ItemGenerator.[1].PossibleItems.[1],GunM16_ST,,weight,1000,,,,0,7,0.25,0.5,"{""ItemPrototypeSID"":""GunM16_ST"",""Weight"":""1000"",""MinDurability"":""0.25"",""MaxDurability"":""0.5"",""AmmoMinCount"":""0"",""AmmoMaxCount"":""7""}"
vanilla/Stalker2/Content/GameLite/GameData/ItemGeneratorPrototypes.cfg,special variant,Neutral,Stormtrooper_No_Armor_ItemGenerator,GeneralNPC_Neutral_Stormtrooper_No_Armor_ItemGenerator,GeneralNPC_Neutral_Stormtrooper_No_Armor_ItemGenerator,GeneralNPC_Neutral_Stormtrooper_ItemGenerator,"{""SID"":""GeneralNPC_Neutral_Stormtrooper_No_Armor_ItemGenerator"",""RefreshTime"":""1d"",""SpecificRewardSound"":""EUISound::SystemNotificationNews""}",[2],WeaponPrimary,ERank::Experienced,,,{},[0],GeneralNPC_Neutral_Stormtrooper_No_Armor_ItemGenerator.ItemGenerator.[2].PossibleItems.[0],GunAK74_ST,,weight,500,,,,0,7,0.25,0.5,"{""ItemPrototypeSID"":""GunAK74_ST"",""Weight"":""500"",""MinDurability"":""0.25"",""MaxDurability"":""0.5"",""AmmoMinCount"":""0"",""AmmoMaxCount"":""7""}"
vanilla/Stalker2/Content/GameLite/GameData/ItemGeneratorPrototypes.cfg,special variant,Neutral,Stormtrooper_No_Armor_ItemGenerator,GeneralNPC_Neutral_Stormtrooper_No_Armor_ItemGenerator,GeneralNPC_Neutral_Stormtrooper_No_Armor_ItemGenerator,GeneralNPC_Neutral_Stormtrooper_ItemGenerator,"{""SID"":""GeneralNPC_Neutral_Stormtrooper_No_Armor_ItemGenerator"",""RefreshTime"":""1d"",""SpecificRewardSound"":""EUISound::SystemNotificationNews""}",[2],WeaponPrimary,ERank::Experienced,,,{},[1],GeneralNPC_Neutral_Stormtrooper_No_Armor_ItemGenerator.ItemGenerator.[2].PossibleItems.[1],GunM16_ST,,weight,1000,,,,0,7,0.25,0.5,"{""ItemPrototypeSID"":""GunM16_ST"",""Weight"":""1000"",""MinDurability"":""0.25"",""MaxDurability"":""0.5"",""AmmoMinCount"":""0"",""AmmoMaxCount"":""7""}"
vanilla/Stalker2/Content/GameLite/GameData/ItemGeneratorPrototypes.cfg,special variant,Neutral,Stormtrooper_No_Armor_ItemGenerator,GeneralNPC_Neutral_Stormtrooper_No_Armor_ItemGenerator,GeneralNPC_Neutral_Stormtrooper_No_Armor_ItemGenerator,GeneralNPC_Neutral_Stormtrooper_ItemGenerator,"{""SID"":""GeneralNPC_Neutral_Stormtrooper_No_Armor_ItemGenerator"",""RefreshTime"":""1d"",""SpecificRewardSound"":""EUISound::SystemNotificationNews""}",[2],WeaponPrimary,ERank::Experienced,,,{},[2],GeneralNPC_Neutral_Stormtrooper_No_Armor_ItemGenerator.ItemGenerator.[2].PossibleItems.[2],GunFora_ST,,weight,100,,,,0,7,0.25,0.5,"{""ItemPrototypeSID"":""GunFora_ST"",""Weight"":""100"",""MinDurability"":""0.25"",""MaxDurability"":""0.5"",""AmmoMinCount"":""0"",""AmmoMaxCount"":""7""}"
vanilla/Stalker2/Content/GameLite/GameData/ItemGeneratorPrototypes.cfg,special variant,Neutral,Stormtrooper_No_Armor_ItemGenerator,GeneralNPC_Neutral_Stormtrooper_No_Armor_ItemGenerator,GeneralNPC_Neutral_Stormtrooper_No_Armor_ItemGenerator,GeneralNPC_Neutral_Stormtrooper_ItemGenerator,"{""SID"":""GeneralNPC_Neutral_Stormtrooper_No_Armor_ItemGenerator"",""RefreshTime"":""1d"",""SpecificRewardSound"":""EUISound::SystemNotificationNews""}",[2],WeaponPrimary,ERank::Experienced,,,{},[3],GeneralNPC_Neutral_Stormtrooper_No_Armor_ItemGenerator.ItemGenerator.[2].PossibleItems.[3],GunGvintar_ST,,weight,100,,,,0,7,0.25,0.5,"{""ItemPrototypeSID"":""GunGvintar_ST"",""Weight"":""100"",""MinDurability"":""0.25"",""MaxDurability"":""0.5"",""AmmoMinCount"":""0"",""AmmoMaxCount"":""7""}"
vanilla/Stalker2/Content/GameLite/GameData/ItemGeneratorPrototypes.cfg,special variant,Neutral,Stormtrooper_No_Armor_ItemGenerator,GeneralNPC_Neutral_Stormtrooper_No_Armor_ItemGenerator,GeneralNPC_Neutral_Stormtrooper_No_Armor_ItemGenerator,GeneralNPC_Neutral_Stormtrooper_ItemGenerator,"{""SID"":""GeneralNPC_Neutral_Stormtrooper_No_Armor_ItemGenerator"",""RefreshTime"":""1d"",""SpecificRewardSound"":""EUISound::SystemNotificationNews""}",[3],WeaponPrimary,ERank::Veteran,,,{},[0],GeneralNPC_Neutral_Stormtrooper_No_Armor_ItemGenerator.ItemGenerator.[3].PossibleItems.[0],GunM16_ST,,weight,500,,,,0,7,0.25,0.5,"{""ItemPrototypeSID"":""GunM16_ST"",""Weight"":""500"",""MinDurability"":""0.25"",""MaxDurability"":""0.5"",""AmmoMinCount"":""0"",""AmmoMaxCount"":""7""}"
vanilla/Stalker2/Content/GameLite/GameData/ItemGeneratorPrototypes.cfg,special variant,Neutral,Stormtrooper_No_Armor_ItemGenerator,GeneralNPC_Neutral_Stormtrooper_No_Armor_ItemGenerator,GeneralNPC_Neutral_Stormtrooper_No_Armor_ItemGenerator,GeneralNPC_Neutral_Stormtrooper_ItemGenerator,"{""SID"":""GeneralNPC_Neutral_Stormtrooper_No_Armor_ItemGenerator"",""RefreshTime"":""1d"",""SpecificRewardSound"":""EUISound::SystemNotificationNews""}",[3],WeaponPrimary,ERank::Veteran,,,{},[1],GeneralNPC_Neutral_Stormtrooper_No_Armor_ItemGenerator.ItemGenerator.[3].PossibleItems.[1],GunG37_ST,,weight,100,,,,0,7,0.25,0.5,"{""ItemPrototypeSID"":""GunG37_ST"",""Weight"":""100"",""MinDurability"":""0.25"",""MaxDurability"":""0.5"",""AmmoMinCount"":""0"",""AmmoMaxCount"":""7""}"
vanilla/Stalker2/Content/GameLite/GameData/ItemGeneratorPrototypes.cfg,special variant,Neutral,Stormtrooper_No_Armor_ItemGenerator,GeneralNPC_Neutral_Stormtrooper_No_Armor_ItemGenerator,GeneralNPC_Neutral_Stormtrooper_No_Armor_ItemGenerator,GeneralNPC_Neutral_Stormtrooper_ItemGenerator,"{""SID"":""GeneralNPC_Neutral_Stormtrooper_No_Armor_ItemGenerator"",""RefreshTime"":""1d"",""SpecificRewardSound"":""EUISound::SystemNotificationNews""}",[3],WeaponPrimary,ERank::Veteran,,,{},[2],GeneralNPC_Neutral_Stormtrooper_No_Armor_ItemGenerator.ItemGenerator.[3].PossibleItems.[2],GunFora_ST,,weight,500,,,,0,7,0.25,0.5,"{""ItemPrototypeSID"":""GunFora_ST"",""Weight"":""500"",""MinDurability"":""0.25"",""MaxDurability"":""0.5"",""AmmoMinCount"":""0"",""AmmoMaxCount"":""7""}"
vanilla/Stalker2/Content/GameLite/GameData/ItemGeneratorPrototypes.cfg,special variant,Neutral,Stormtrooper_No_Armor_ItemGenerator,GeneralNPC_Neutral_Stormtrooper_No_Armor_ItemGenerator,GeneralNPC_Neutral_Stormtrooper_No_Armor_ItemGenerator,GeneralNPC_Neutral_Stormtrooper_ItemGenerator,"{""SID"":""GeneralNPC_Neutral_Stormtrooper_No_Armor_ItemGenerator"",""RefreshTime"":""1d"",""SpecificRewardSound"":""EUISound::SystemNotificationNews""}",[3],WeaponPrimary,ERank::Veteran,,,{},[3],GeneralNPC_Neutral_Stormtrooper_No_Armor_ItemGenerator.ItemGenerator.[3].PossibleItems.[3],GunGrim_ST,,weight,100,,,,0,7,0.25,0.5,"{""ItemPrototypeSID"":""GunGrim_ST"",""Weight"":""100"",""MinDurability"":""0.25"",""MaxDurability"":""0.5"",""AmmoMinCount"":""0"",""AmmoMaxCount"":""7""}"
vanilla/Stalker2/Content/GameLite/GameData/ItemGeneratorPrototypes.cfg,special variant,Neutral,Stormtrooper_No_Armor_ItemGenerator,GeneralNPC_Neutral_Stormtrooper_No_Armor_ItemGenerator,GeneralNPC_Neutral_Stormtrooper_No_Armor_ItemGenerator,GeneralNPC_Neutral_Stormtrooper_ItemGenerator,"{""SID"":""GeneralNPC_Neutral_Stormtrooper_No_Armor_ItemGenerator"",""RefreshTime"":""1d"",""SpecificRewardSound"":""EUISound::SystemNotificationNews""}",[3],WeaponPrimary,ERank::Veteran,,,{},[4],GeneralNPC_Neutral_Stormtrooper_No_Armor_ItemGenerator.ItemGenerator.[3].PossibleItems.[4],GunGvintar_ST,,weight,1000,,,,0,7,0.25,0.5,"{""ItemPrototypeSID"":""GunGvintar_ST"",""Weight"":""1000"",""MinDurability"":""0.25"",""MaxDurability"":""0.5"",""AmmoMinCount"":""0"",""AmmoMaxCount"":""7""}"
vanilla/Stalker2/Content/GameLite/GameData/ItemGeneratorPrototypes.cfg,special variant,Neutral,Stormtrooper_No_Armor_ItemGenerator,GeneralNPC_Neutral_Stormtrooper_No_Armor_ItemGenerator,GeneralNPC_Neutral_Stormtrooper_No_Armor_ItemGenerator,GeneralNPC_Neutral_Stormtrooper_ItemGenerator,"{""SID"":""GeneralNPC_Neutral_Stormtrooper_No_Armor_ItemGenerator"",""RefreshTime"":""1d"",""SpecificRewardSound"":""EUISound::SystemNotificationNews""}",[3],WeaponPrimary,ERank::Veteran,,,{},[5],GeneralNPC_Neutral_Stormtrooper_No_Armor_ItemGenerator.ItemGenerator.[3].PossibleItems.[5],GunArev_ST,,weight,100,,,,0,7,0.25,0.5,"{""ItemPrototypeSID"":""GunArev_ST"",""Weight"":""100"",""MinDurability"":""0.25"",""MaxDurability"":""0.5"",""AmmoMinCount"":""0"",""AmmoMaxCount"":""7""}"
vanilla/Stalker2/Content/GameLite/GameData/ItemGeneratorPrototypes.cfg,special variant,Neutral,Stormtrooper_No_Armor_ItemGenerator,GeneralNPC_Neutral_Stormtrooper_No_Armor_ItemGenerator,GeneralNPC_Neutral_Stormtrooper_No_Armor_ItemGenerator,GeneralNPC_Neutral_Stormtrooper_ItemGenerator,"{""SID"":""GeneralNPC_Neutral_Stormtrooper_No_Armor_ItemGenerator"",""RefreshTime"":""1d"",""SpecificRewardSound"":""EUISound::SystemNotificationNews""}",[4],WeaponPrimary,ERank::Master,,,{},[0],GeneralNPC_Neutral_Stormtrooper_No_Armor_ItemGenerator.ItemGenerator.[4].PossibleItems.[0],GunG37_ST,,weight,500,,,,0,7,0.25,0.5,"{""ItemPrototypeSID"":""GunG37_ST"",""Weight"":""500"",""MinDurability"":""0.25"",""MaxDurability"":""0.5"",""AmmoMinCount"":""0"",""AmmoMaxCount"":""7""}"
vanilla/Stalker2/Content/GameLite/GameData/ItemGeneratorPrototypes.cfg,special variant,Neutral,Stormtrooper_No_Armor_ItemGenerator,GeneralNPC_Neutral_Stormtrooper_No_Armor_ItemGenerator,GeneralNPC_Neutral_Stormtrooper_No_Armor_ItemGenerator,GeneralNPC_Neutral_Stormtrooper_ItemGenerator,"{""SID"":""GeneralNPC_Neutral_Stormtrooper_No_Armor_ItemGenerator"",""RefreshTime"":""1d"",""SpecificRewardSound"":""EUISound::SystemNotificationNews""}",[4],WeaponPrimary,ERank::Master,,,{},[1],GeneralNPC_Neutral_Stormtrooper_No_Armor_ItemGenerator.ItemGenerator.[4].PossibleItems.[1],GunFora_ST,,weight,500,,,,0,7,0.25,0.5,"{""ItemPrototypeSID"":""GunFora_ST"",""Weight"":""500"",""MinDurability"":""0.25"",""MaxDurability"":""0.5"",""AmmoMinCount"":""0"",""AmmoMaxCount"":""7""}"
vanilla/Stalker2/Content/GameLite/GameData/ItemGeneratorPrototypes.cfg,special variant,Neutral,Stormtrooper_No_Armor_ItemGenerator,GeneralNPC_Neutral_Stormtrooper_No_Armor_ItemGenerator,GeneralNPC_Neutral_Stormtrooper_No_Armor_ItemGenerator,GeneralNPC_Neutral_Stormtrooper_ItemGenerator,"{""SID"":""GeneralNPC_Neutral_Stormtrooper_No_Armor_ItemGenerator"",""RefreshTime"":""1d"",""SpecificRewardSound"":""EUISound::SystemNotificationNews""}",[4],WeaponPrimary,ERank::Master,,,{},[2],GeneralNPC_Neutral_Stormtrooper_No_Armor_ItemGenerator.ItemGenerator.[4].PossibleItems.[2],GunGrim_ST,,weight,1000,,,,0,7,0.25,0.5,"{""ItemPrototypeSID"":""GunGrim_ST"",""Weight"":""1000"",""MinDurability"":""0.25"",""MaxDurability"":""0.5"",""AmmoMinCount"":""0"",""AmmoMaxCount"":""7""}"
vanilla/Stalker2/Content/GameLite/GameData/ItemGeneratorPrototypes.cfg,special variant,Neutral,Stormtrooper_No_Armor_ItemGenerator,GeneralNPC_Neutral_Stormtrooper_No_Armor_ItemGenerator,GeneralNPC_Neutral_Stormtrooper_No_Armor_ItemGenerator,GeneralNPC_Neutral_Stormtrooper_ItemGenerator,"{""SID"":""GeneralNPC_Neutral_Stormtrooper_No_Armor_ItemGenerator"",""RefreshTime"":""1d"",""SpecificRewardSound"":""EUISound::SystemNotificationNews""}",[4],WeaponPrimary,ERank::Master,,,{},[3],GeneralNPC_Neutral_Stormtrooper_No_Armor_ItemGenerator.ItemGenerator.[4].PossibleItems.[3],GunGvintar_ST,,weight,500,,,,0,7,0.25,0.5,"{""ItemPrototypeSID"":""GunGvintar_ST"",""Weight"":""500"",""MinDurability"":""0.25"",""MaxDurability"":""0.5"",""AmmoMinCount"":""0"",""AmmoMaxCount"":""7""}"
vanilla/Stalker2/Content/GameLite/GameData/ItemGeneratorPrototypes.cfg,special variant,Neutral,Stormtrooper_No_Armor_ItemGenerator,GeneralNPC_Neutral_Stormtrooper_No_Armor_ItemGenerator,GeneralNPC_Neutral_Stormtrooper_No_Armor_ItemGenerator,GeneralNPC_Neutral_Stormtrooper_ItemGenerator,"{""SID"":""GeneralNPC_Neutral_Stormtrooper_No_Armor_ItemGenerator"",""RefreshTime"":""1d"",""SpecificRewardSound"":""EUISound::SystemNotificationNews""}",[4],WeaponPrimary,ERank::Master,,,{},[4],GeneralNPC_Neutral_Stormtrooper_No_Armor_ItemGenerator.ItemGenerator.[4].PossibleItems.[4],GunLavina_ST,,weight,100,,,,0,7,0.25,0.5,"{""ItemPrototypeSID"":""GunLavina_ST"",""Weight"":""100"",""MinDurability"":""0.25"",""MaxDurability"":""0.5"",""AmmoMinCount"":""0"",""AmmoMaxCount"":""7""}"
vanilla/Stalker2/Content/GameLite/GameData/ItemGeneratorPrototypes.cfg,special variant,Neutral,Stormtrooper_No_Armor_ItemGenerator,GeneralNPC_Neutral_Stormtrooper_No_Armor_ItemGenerator,GeneralNPC_Neutral_Stormtrooper_No_Armor_ItemGenerator,GeneralNPC_Neutral_Stormtrooper_ItemGenerator,"{""SID"":""GeneralNPC_Neutral_Stormtrooper_No_Armor_ItemGenerator"",""RefreshTime"":""1d"",""SpecificRewardSound"":""EUISound::SystemNotificationNews""}",[4],WeaponPrimary,ERank::Master,,,{},[5],GeneralNPC_Neutral_Stormtrooper_No_Armor_ItemGenerator.ItemGenerator.[4].PossibleItems.[5],GunArev_ST,,weight,1000,,,,0,7,0.25,0.5,"{""ItemPrototypeSID"":""GunArev_ST"",""Weight"":""1000"",""MinDurability"":""0.25"",""MaxDurability"":""0.5"",""AmmoMinCount"":""0"",""AmmoMaxCount"":""7""}"
vanilla/Stalker2/Content/GameLite/GameData/ItemGeneratorPrototypes.cfg,special variant,Neutral,Stormtrooper_No_Armor_ItemGenerator,GeneralNPC_Neutral_Stormtrooper_No_Armor_ItemGenerator,GeneralNPC_Neutral_Stormtrooper_No_Armor_ItemGenerator,GeneralNPC_Neutral_Stormtrooper_ItemGenerator,"{""SID"":""GeneralNPC_Neutral_Stormtrooper_No_Armor_ItemGenerator"",""RefreshTime"":""1d"",""SpecificRewardSound"":""EUISound::SystemNotificationNews""}",[5],BodyArmor,ERank::Newbie,,,{},[0],GeneralNPC_Neutral_Stormtrooper_No_Armor_ItemGenerator.ItemGenerator.[5].PossibleItems.[0],Jemmy_Neutral_Armor,,weight,15.0,,,,,,,,"{""ItemPrototypeSID"":""Jemmy_Neutral_Armor"",""Weight"":""15.0""}"
vanilla/Stalker2/Content/GameLite/GameData/ItemGeneratorPrototypes.cfg,special variant,Neutral,Stormtrooper_No_Armor_ItemGenerator,GeneralNPC_Neutral_Stormtrooper_No_Armor_ItemGenerator,GeneralNPC_Neutral_Stormtrooper_No_Armor_ItemGenerator,GeneralNPC_Neutral_Stormtrooper_ItemGenerator,"{""SID"":""GeneralNPC_Neutral_Stormtrooper_No_Armor_ItemGenerator"",""RefreshTime"":""1d"",""SpecificRewardSound"":""EUISound::SystemNotificationNews""}",[5],BodyArmor,ERank::Newbie,,,{},[1],GeneralNPC_Neutral_Stormtrooper_No_Armor_ItemGenerator.ItemGenerator.[5].PossibleItems.[1],Newbee_Neutral_Armor,,weight,1.0,,,,,,,,"{""ItemPrototypeSID"":""Newbee_Neutral_Armor"",""Weight"":""1.0""}"
vanilla/Stalker2/Content/GameLite/GameData/ItemGeneratorPrototypes.cfg,special variant,Neutral,Stormtrooper_No_Armor_ItemGenerator,GeneralNPC_Neutral_Stormtrooper_No_Armor_ItemGenerator,GeneralNPC_Neutral_Stormtrooper_No_Armor_ItemGenerator,GeneralNPC_Neutral_Stormtrooper_ItemGenerator,"{""SID"":""GeneralNPC_Neutral_Stormtrooper_No_Armor_ItemGenerator"",""RefreshTime"":""1d"",""SpecificRewardSound"":""EUISound::SystemNotificationNews""}",[5],BodyArmor,ERank::Newbie,,,{},[2],GeneralNPC_Neutral_Stormtrooper_No_Armor_ItemGenerator.ItemGenerator.[5].PossibleItems.[2],NPC_Sel_Neutral_Armor,,weight,4.0,,,,,,,,"{""ItemPrototypeSID"":""NPC_Sel_Neutral_Armor"",""Weight"":""4.0""}"
vanilla/Stalker2/Content/GameLite/GameData/ItemGeneratorPrototypes.cfg,special variant,Neutral,Stormtrooper_No_Armor_ItemGenerator,GeneralNPC_Neutral_Stormtrooper_No_Armor_ItemGenerator,GeneralNPC_Neutral_Stormtrooper_No_Armor_ItemGenerator,GeneralNPC_Neutral_Stormtrooper_ItemGenerator,"{""SID"":""GeneralNPC_Neutral_Stormtrooper_No_Armor_ItemGenerator"",""RefreshTime"":""1d"",""SpecificRewardSound"":""EUISound::SystemNotificationNews""}",[6],BodyArmor,ERank::Experienced,,,{},[0],GeneralNPC_Neutral_Stormtrooper_No_Armor_ItemGenerator.ItemGenerator.[6].PossibleItems.[0],Nasos_Neutral_Armor,,weight,1.0,,,,,,,,"{""ItemPrototypeSID"":""Nasos_Neutral_Armor"",""Weight"":""1.0""}"
vanilla/Stalker2/Content/GameLite/GameData/ItemGeneratorPrototypes.cfg,special variant,Neutral,Stormtrooper_No_Armor_ItemGenerator,GeneralNPC_Neutral_Stormtrooper_No_Armor_ItemGenerator,GeneralNPC_Neutral_Stormtrooper_No_Armor_ItemGenerator,GeneralNPC_Neutral_Stormtrooper_ItemGenerator,"{""SID"":""GeneralNPC_Neutral_Stormtrooper_No_Armor_ItemGenerator"",""RefreshTime"":""1d"",""SpecificRewardSound"":""EUISound::SystemNotificationNews""}",[6],BodyArmor,ERank::Experienced,,,{},[1],GeneralNPC_Neutral_Stormtrooper_No_Armor_ItemGenerator.ItemGenerator.[6].PossibleItems.[1],Zorya_Neutral_Armor,,weight,1.0,,,,,,,,"{""ItemPrototypeSID"":""Zorya_Neutral_Armor"",""Weight"":""1.0""}"
vanilla/Stalker2/Content/GameLite/GameData/ItemGeneratorPrototypes.cfg,special variant,Neutral,Stormtrooper_No_Armor_ItemGenerator,GeneralNPC_Neutral_Stormtrooper_No_Armor_ItemGenerator,GeneralNPC_Neutral_Stormtrooper_No_Armor_ItemGenerator,GeneralNPC_Neutral_Stormtrooper_ItemGenerator,"{""SID"":""GeneralNPC_Neutral_Stormtrooper_No_Armor_ItemGenerator"",""RefreshTime"":""1d"",""SpecificRewardSound"":""EUISound::SystemNotificationNews""}",[7],BodyArmor,ERank::Veteran,,,{},[0],GeneralNPC_Neutral_Stormtrooper_No_Armor_ItemGenerator.ItemGenerator.[7].PossibleItems.[0],SEVA_Neutral_Armor,,weight,2.0,,,,,,,,"{""ItemPrototypeSID"":""SEVA_Neutral_Armor"",""Weight"":""2.0""}"
vanilla/Stalker2/Content/GameLite/GameData/ItemGeneratorPrototypes.cfg,special variant,Neutral,Stormtrooper_No_Armor_ItemGenerator,GeneralNPC_Neutral_Stormtrooper_No_Armor_ItemGenerator,GeneralNPC_Neutral_Stormtrooper_No_Armor_ItemGenerator,GeneralNPC_Neutral_Stormtrooper_ItemGenerator,"{""SID"":""GeneralNPC_Neutral_Stormtrooper_No_Armor_ItemGenerator"",""RefreshTime"":""1d"",""SpecificRewardSound"":""EUISound::SystemNotificationNews""}",[7],BodyArmor,ERank::Veteran,,,{},[1],GeneralNPC_Neutral_Stormtrooper_No_Armor_ItemGenerator.ItemGenerator.[7].PossibleItems.[1],NPC_Cloak_Heavy_Neutral_Armor,,weight,3.0,,,,,,,,"{""ItemPrototypeSID"":""NPC_Cloak_Heavy_Neutral_Armor"",""Weight"":""3.0""}"
vanilla/Stalker2/Content/GameLite/GameData/ItemGeneratorPrototypes.cfg,special variant,Neutral,Stormtrooper_No_Armor_ItemGenerator,GeneralNPC_Neutral_Stormtrooper_No_Armor_ItemGenerator,GeneralNPC_Neutral_Stormtrooper_No_Armor_ItemGenerator,GeneralNPC_Neutral_Stormtrooper_ItemGenerator,"{""SID"":""GeneralNPC_Neutral_Stormtrooper_No_Armor_ItemGenerator"",""RefreshTime"":""1d"",""SpecificRewardSound"":""EUISound::SystemNotificationNews""}",[8],BodyArmor,ERank::Master,,,{},[0],GeneralNPC_Neutral_Stormtrooper_No_Armor_ItemGenerator.ItemGenerator.[8].PossibleItems.[0],Exoskeleton_Neutral_Armor,,weight,2.0,,,,,,,,"{""ItemPrototypeSID"":""Exoskeleton_Neutral_Armor"",""Weight"":""2.0""}"
vanilla/Stalker2/Content/GameLite/GameData/ItemGeneratorPrototypes.cfg,special variant,Neutral,Stormtrooper_No_Armor_ItemGenerator,GeneralNPC_Neutral_Stormtrooper_No_Armor_ItemGenerator,GeneralNPC_Neutral_Stormtrooper_No_Armor_ItemGenerator,GeneralNPC_Neutral_Stormtrooper_ItemGenerator,"{""SID"":""GeneralNPC_Neutral_Stormtrooper_No_Armor_ItemGenerator"",""RefreshTime"":""1d"",""SpecificRewardSound"":""EUISound::SystemNotificationNews""}",[8],BodyArmor,ERank::Master,,,{},[1],GeneralNPC_Neutral_Stormtrooper_No_Armor_ItemGenerator.ItemGenerator.[8].PossibleItems.[1],SEVA_Neutral_Armor,,weight,1.0,,,,,,,,"{""ItemPrototypeSID"":""SEVA_Neutral_Armor"",""Weight"":""1.0""}"
vanilla/Stalker2/Content/GameLite/GameData/ItemGeneratorPrototypes.cfg,special variant,Neutral,Stormtrooper_No_Armor_ItemGenerator,GeneralNPC_Neutral_Stormtrooper_No_Armor_ItemGenerator,GeneralNPC_Neutral_Stormtrooper_No_Armor_ItemGenerator,GeneralNPC_Neutral_Stormtrooper_ItemGenerator,"{""SID"":""GeneralNPC_Neutral_Stormtrooper_No_Armor_ItemGenerator"",""RefreshTime"":""1d"",""SpecificRewardSound"":""EUISound::SystemNotificationNews""}",[8],BodyArmor,ERank::Master,,,{},[2],GeneralNPC_Neutral_Stormtrooper_No_Armor_ItemGenerator.ItemGenerator.[8].PossibleItems.[2],NPC_Cloak_Heavy_Neutral_Armor,,weight,2.0,,,,,,,,"{""ItemPrototypeSID"":""NPC_Cloak_Heavy_Neutral_Armor"",""Weight"":""2.0""}"
vanilla/Stalker2/Content/GameLite/GameData/ItemGeneratorPrototypes.cfg,special variant,Neutral,Stormtrooper_No_Armor_ItemGenerator,GeneralNPC_Neutral_Stormtrooper_No_Armor_ItemGenerator,GeneralNPC_Neutral_Stormtrooper_No_Armor_ItemGenerator,GeneralNPC_Neutral_Stormtrooper_ItemGenerator,"{""SID"":""GeneralNPC_Neutral_Stormtrooper_No_Armor_ItemGenerator"",""RefreshTime"":""1d"",""SpecificRewardSound"":""EUISound::SystemNotificationNews""}",[9],Head,"ERank::Newbie, ERank::Experienced",,,{},[0],GeneralNPC_Neutral_Stormtrooper_No_Armor_ItemGenerator.ItemGenerator.[9].PossibleItems.[0],Light_Neutral_Helmet,,chance,,0.3,,,,,,,"{""ItemPrototypeSID"":""Light_Neutral_Helmet"",""Chance"":""0.3""}"
vanilla/Stalker2/Content/GameLite/GameData/ItemGeneratorPrototypes.cfg,special variant,Neutral,Stormtrooper_No_Armor_ItemGenerator,GeneralNPC_Neutral_Stormtrooper_No_Armor_ItemGenerator,GeneralNPC_Neutral_Stormtrooper_No_Armor_ItemGenerator,GeneralNPC_Neutral_Stormtrooper_ItemGenerator,"{""SID"":""GeneralNPC_Neutral_Stormtrooper_No_Armor_ItemGenerator"",""RefreshTime"":""1d"",""SpecificRewardSound"":""EUISound::SystemNotificationNews""}",[10],Head,"ERank::Veteran, ERank::Master",,,{},[0],GeneralNPC_Neutral_Stormtrooper_No_Armor_ItemGenerator.ItemGenerator.[10].PossibleItems.[0],Light_Neutral_Helmet,,chance,,0.7,,,,,,,"{""ItemPrototypeSID"":""Light_Neutral_Helmet"",""Chance"":""0.7""}"
vanilla/Stalker2/Content/GameLite/GameData/ItemGeneratorPrototypes.cfg,special variant,Neutral,Stormtrooper_No_Armor_ItemGenerator,GeneralNPC_Neutral_Stormtrooper_No_Armor_ItemGenerator,GeneralNPC_Neutral_Stormtrooper_No_Armor_ItemGenerator,GeneralNPC_Neutral_Stormtrooper_ItemGenerator,"{""SID"":""GeneralNPC_Neutral_Stormtrooper_No_Armor_ItemGenerator"",""RefreshTime"":""1d"",""SpecificRewardSound"":""EUISound::SystemNotificationNews""}",[11],Artifact,,,,{},[0],GeneralNPC_Neutral_Stormtrooper_No_Armor_ItemGenerator.ItemGenerator.[11].PossibleItems.[0],GrenadeRGD5,,chance,,0.2,1,1,,,,,"{""ItemPrototypeSID"":""GrenadeRGD5"",""Chance"":""0.2"",""MinCount"":""1"",""MaxCount"":""1""}"
vanilla/Stalker2/Content/GameLite/GameData/ItemGeneratorPrototypes.cfg,special variant,Neutral,Stormtrooper_No_Armor_ItemGenerator,GeneralNPC_Neutral_Stormtrooper_No_Armor_ItemGenerator,GeneralNPC_Neutral_Stormtrooper_No_Armor_ItemGenerator,GeneralNPC_Neutral_Stormtrooper_ItemGenerator,"{""SID"":""GeneralNPC_Neutral_Stormtrooper_No_Armor_ItemGenerator"",""RefreshTime"":""1d"",""SpecificRewardSound"":""EUISound::SystemNotificationNews""}",[12],Detector,,,,{},[0],GeneralNPC_Neutral_Stormtrooper_No_Armor_ItemGenerator.ItemGenerator.[12].PossibleItems.[0],Echo,,chance,,0.05,1,,,,,,"{""ItemPrototypeSID"":""Echo"",""Chance"":""0.05"",""MinCount"":""1""}"
vanilla/Stalker2/Content/GameLite/GameData/ItemGeneratorPrototypes.cfg,special variant,Neutral,Stormtrooper_No_Armor_ItemGenerator,GeneralNPC_Neutral_Stormtrooper_No_Armor_ItemGenerator,GeneralNPC_Neutral_Stormtrooper_No_Armor_ItemGenerator,GeneralNPC_Neutral_Stormtrooper_ItemGenerator,"{""SID"":""GeneralNPC_Neutral_Stormtrooper_No_Armor_ItemGenerator"",""RefreshTime"":""1d"",""SpecificRewardSound"":""EUISound::SystemNotificationNews""}",[13],SubItemGenerator,,,,{},[0],GeneralNPC_Neutral_Stormtrooper_No_Armor_ItemGenerator.ItemGenerator.[13].PossibleItems.[0],,GeneralNPC_Neutral_NVG,chance,,1,,,,,,,"{""ItemGeneratorPrototypeSID"":""GeneralNPC_Neutral_NVG"",""Chance"":""1""}"
vanilla/Stalker2/Content/GameLite/GameData/ItemGeneratorPrototypes.cfg,special variant,Neutral,CloseCombat_No_Armor_ItemGenerator,GeneralNPC_Neutral_CloseCombat_No_Armor_ItemGenerator,GeneralNPC_Neutral_CloseCombat_No_Armor_ItemGenerator,GeneralNPC_Neutral_CloseCombat_ItemGenerator,"{""SID"":""GeneralNPC_Neutral_CloseCombat_No_Armor_ItemGenerator"",""RefreshTime"":""1d"",""SpecificRewardSound"":""EUISound::SystemNotificationNews""}",BodyArmor,BodyArmor,"ERank::Newbie, ERank::Experienced, ERank::Veteran, ERank::Master",,,"{""bAllowSameCategoryGeneration"":""false""}",[0],GeneralNPC_Neutral_CloseCombat_No_Armor_ItemGenerator.ItemGenerator.BodyArmor.PossibleItems.[0],empty,,weight,15.0,,,,,,,,"{""ItemPrototypeSID"":""empty"",""Weight"":""15.0""}"
vanilla/Stalker2/Content/GameLite/GameData/ItemGeneratorPrototypes.cfg,special variant,Neutral,CloseCombat_No_Armor_ItemGenerator,GeneralNPC_Neutral_CloseCombat_No_Armor_ItemGenerator,GeneralNPC_Neutral_CloseCombat_No_Armor_ItemGenerator,GeneralNPC_Neutral_CloseCombat_ItemGenerator,"{""SID"":""GeneralNPC_Neutral_CloseCombat_No_Armor_ItemGenerator"",""RefreshTime"":""1d"",""SpecificRewardSound"":""EUISound::SystemNotificationNews""}",Head,Head,"ERank::Newbie, ERank::Experienced, ERank::Veteran, ERank::Master",,,"{""bAllowSameCategoryGeneration"":""false""}",[0],GeneralNPC_Neutral_CloseCombat_No_Armor_ItemGenerator.ItemGenerator.Head.PossibleItems.[0],empty,,weight,15.0,,,,,,,,"{""ItemPrototypeSID"":""empty"",""Weight"":""15.0""}"
vanilla/Stalker2/Content/GameLite/GameData/ItemGeneratorPrototypes.cfg,special variant,Neutral,CloseCombat_No_Armor_ItemGenerator,GeneralNPC_Neutral_CloseCombat_No_Armor_ItemGenerator,GeneralNPC_Neutral_CloseCombat_No_Armor_ItemGenerator,GeneralNPC_Neutral_CloseCombat_ItemGenerator,"{""SID"":""GeneralNPC_Neutral_CloseCombat_No_Armor_ItemGenerator"",""RefreshTime"":""1d"",""SpecificRewardSound"":""EUISound::SystemNotificationNews""}",[0],WeaponPrimary,ERank::Newbie,,"EGameDifficulty::Easy, EGameDifficulty::Medium, EGameDifficulty::Hard",{},[0],GeneralNPC_Neutral_CloseCombat_No_Armor_ItemGenerator.ItemGenerator.[0].PossibleItems.[0],GunObrez_SG,,weight,1000,,,,0,2,0.25,0.5,"{""ItemPrototypeSID"":""GunObrez_SG"",""Weight"":""1000"",""MinDurability"":""0.25"",""MaxDurability"":""0.5"",""AmmoMinCount"":""0"",""AmmoMaxCount"":""2""}"
vanilla/Stalker2/Content/GameLite/GameData/ItemGeneratorPrototypes.cfg,special variant,Neutral,CloseCombat_No_Armor_ItemGenerator,GeneralNPC_Neutral_CloseCombat_No_Armor_ItemGenerator,GeneralNPC_Neutral_CloseCombat_No_Armor_ItemGenerator,GeneralNPC_Neutral_CloseCombat_ItemGenerator,"{""SID"":""GeneralNPC_Neutral_CloseCombat_No_Armor_ItemGenerator"",""RefreshTime"":""1d"",""SpecificRewardSound"":""EUISound::SystemNotificationNews""}",[0],WeaponPrimary,ERank::Newbie,,"EGameDifficulty::Easy, EGameDifficulty::Medium, EGameDifficulty::Hard",{},[1],GeneralNPC_Neutral_CloseCombat_No_Armor_ItemGenerator.ItemGenerator.[0].PossibleItems.[1],GunTOZ_SG,,weight,100,,,,0,2,0.25,0.5,"{""ItemPrototypeSID"":""GunTOZ_SG"",""Weight"":""100"",""MinDurability"":""0.25"",""MaxDurability"":""0.5"",""AmmoMinCount"":""0"",""AmmoMaxCount"":""2""}"
vanilla/Stalker2/Content/GameLite/GameData/ItemGeneratorPrototypes.cfg,special variant,Neutral,CloseCombat_No_Armor_ItemGenerator,GeneralNPC_Neutral_CloseCombat_No_Armor_ItemGenerator,GeneralNPC_Neutral_CloseCombat_No_Armor_ItemGenerator,GeneralNPC_Neutral_CloseCombat_ItemGenerator,"{""SID"":""GeneralNPC_Neutral_CloseCombat_No_Armor_ItemGenerator"",""RefreshTime"":""1d"",""SpecificRewardSound"":""EUISound::SystemNotificationNews""}",[1],WeaponPrimary,ERank::Experienced,,"EGameDifficulty::Easy, EGameDifficulty::Medium, EGameDifficulty::Hard",{},[0],GeneralNPC_Neutral_CloseCombat_No_Armor_ItemGenerator.ItemGenerator.[1].PossibleItems.[0],GunM860_SG,,weight,100,,,,2,4,0.25,0.5,"{""ItemPrototypeSID"":""GunM860_SG"",""Weight"":""100"",""MinDurability"":""0.25"",""MaxDurability"":""0.5"",""AmmoMinCount"":""2"",""AmmoMaxCount"":""4""}"
vanilla/Stalker2/Content/GameLite/GameData/ItemGeneratorPrototypes.cfg,special variant,Neutral,CloseCombat_No_Armor_ItemGenerator,GeneralNPC_Neutral_CloseCombat_No_Armor_ItemGenerator,GeneralNPC_Neutral_CloseCombat_No_Armor_ItemGenerator,GeneralNPC_Neutral_CloseCombat_ItemGenerator,"{""SID"":""GeneralNPC_Neutral_CloseCombat_No_Armor_ItemGenerator"",""RefreshTime"":""1d"",""SpecificRewardSound"":""EUISound::SystemNotificationNews""}",[1],WeaponPrimary,ERank::Experienced,,"EGameDifficulty::Easy, EGameDifficulty::Medium, EGameDifficulty::Hard",{},[1],GeneralNPC_Neutral_CloseCombat_No_Armor_ItemGenerator.ItemGenerator.[1].PossibleItems.[1],GunTOZ_SG,,weight,1000,,,,2,4,0.25,0.5,"{""ItemPrototypeSID"":""GunTOZ_SG"",""Weight"":""1000"",""MinDurability"":""0.25"",""MaxDurability"":""0.5"",""AmmoMinCount"":""2"",""AmmoMaxCount"":""4""}"
vanilla/Stalker2/Content/GameLite/GameData/ItemGeneratorPrototypes.cfg,special variant,Neutral,CloseCombat_No_Armor_ItemGenerator,GeneralNPC_Neutral_CloseCombat_No_Armor_ItemGenerator,GeneralNPC_Neutral_CloseCombat_No_Armor_ItemGenerator,GeneralNPC_Neutral_CloseCombat_ItemGenerator,"{""SID"":""GeneralNPC_Neutral_CloseCombat_No_Armor_ItemGenerator"",""RefreshTime"":""1d"",""SpecificRewardSound"":""EUISound::SystemNotificationNews""}",[2],WeaponPrimary,ERank::Newbie,,EGameDifficulty::Stalker,{},[0],GeneralNPC_Neutral_CloseCombat_No_Armor_ItemGenerator.ItemGenerator.[2].PossibleItems.[0],GunObrez_SG,,weight,1000,,,,0,2,0.25,0.5,"{""ItemPrototypeSID"":""GunObrez_SG"",""Weight"":""1000"",""MinDurability"":""0.25"",""MaxDurability"":""0.5"",""AmmoMinCount"":""0"",""AmmoMaxCount"":""2""}"
vanilla/Stalker2/Content/GameLite/GameData/ItemGeneratorPrototypes.cfg,special variant,Neutral,CloseCombat_No_Armor_ItemGenerator,GeneralNPC_Neutral_CloseCombat_No_Armor_ItemGenerator,GeneralNPC_Neutral_CloseCombat_No_Armor_ItemGenerator,GeneralNPC_Neutral_CloseCombat_ItemGenerator,"{""SID"":""GeneralNPC_Neutral_CloseCombat_No_Armor_ItemGenerator"",""RefreshTime"":""1d"",""SpecificRewardSound"":""EUISound::SystemNotificationNews""}",[2],WeaponPrimary,ERank::Newbie,,EGameDifficulty::Stalker,{},[1],GeneralNPC_Neutral_CloseCombat_No_Armor_ItemGenerator.ItemGenerator.[2].PossibleItems.[1],GunTOZ_SG,,weight,100,,,,0,2,0.25,0.5,"{""ItemPrototypeSID"":""GunTOZ_SG"",""Weight"":""100"",""MinDurability"":""0.25"",""MaxDurability"":""0.5"",""AmmoMinCount"":""0"",""AmmoMaxCount"":""2""}"
vanilla/Stalker2/Content/GameLite/GameData/ItemGeneratorPrototypes.cfg,special variant,Neutral,CloseCombat_No_Armor_ItemGenerator,GeneralNPC_Neutral_CloseCombat_No_Armor_ItemGenerator,GeneralNPC_Neutral_CloseCombat_No_Armor_ItemGenerator,GeneralNPC_Neutral_CloseCombat_ItemGenerator,"{""SID"":""GeneralNPC_Neutral_CloseCombat_No_Armor_ItemGenerator"",""RefreshTime"":""1d"",""SpecificRewardSound"":""EUISound::SystemNotificationNews""}",[3],WeaponPrimary,ERank::Experienced,,EGameDifficulty::Stalker,{},[0],GeneralNPC_Neutral_CloseCombat_No_Armor_ItemGenerator.ItemGenerator.[3].PossibleItems.[0],GunM860_SG,,weight,100,,,,1,4,0.25,0.5,"{""ItemPrototypeSID"":""GunM860_SG"",""Weight"":""100"",""MinDurability"":""0.25"",""MaxDurability"":""0.5"",""AmmoMinCount"":""1"",""AmmoMaxCount"":""4""}"
vanilla/Stalker2/Content/GameLite/GameData/ItemGeneratorPrototypes.cfg,special variant,Neutral,CloseCombat_No_Armor_ItemGenerator,GeneralNPC_Neutral_CloseCombat_No_Armor_ItemGenerator,GeneralNPC_Neutral_CloseCombat_No_Armor_ItemGenerator,GeneralNPC_Neutral_CloseCombat_ItemGenerator,"{""SID"":""GeneralNPC_Neutral_CloseCombat_No_Armor_ItemGenerator"",""RefreshTime"":""1d"",""SpecificRewardSound"":""EUISound::SystemNotificationNews""}",[3],WeaponPrimary,ERank::Experienced,,EGameDifficulty::Stalker,{},[1],GeneralNPC_Neutral_CloseCombat_No_Armor_ItemGenerator.ItemGenerator.[3].PossibleItems.[1],GunTOZ_SG,,weight,1000,,,,1,4,0.25,0.5,"{""ItemPrototypeSID"":""GunTOZ_SG"",""Weight"":""1000"",""MinDurability"":""0.25"",""MaxDurability"":""0.5"",""AmmoMinCount"":""1"",""AmmoMaxCount"":""4""}"
vanilla/Stalker2/Content/GameLite/GameData/ItemGeneratorPrototypes.cfg,special variant,Neutral,CloseCombat_No_Armor_ItemGenerator,GeneralNPC_Neutral_CloseCombat_No_Armor_ItemGenerator,GeneralNPC_Neutral_CloseCombat_No_Armor_ItemGenerator,GeneralNPC_Neutral_CloseCombat_ItemGenerator,"{""SID"":""GeneralNPC_Neutral_CloseCombat_No_Armor_ItemGenerator"",""RefreshTime"":""1d"",""SpecificRewardSound"":""EUISound::SystemNotificationNews""}",[4],SubItemGenerator,,,,{},[0],GeneralNPC_Neutral_CloseCombat_No_Armor_ItemGenerator.ItemGenerator.[4].PossibleItems.[0],,GeneralNPC_Neutral_WeaponPistol,chance,,0.3,,,,,,,"{""ItemGeneratorPrototypeSID"":""GeneralNPC_Neutral_WeaponPistol"",""Chance"":""0.3""}"
vanilla/Stalker2/Content/GameLite/GameData/ItemGeneratorPrototypes.cfg,special variant,Neutral,CloseCombat_No_Armor_ItemGenerator,GeneralNPC_Neutral_CloseCombat_No_Armor_ItemGenerator,GeneralNPC_Neutral_CloseCombat_No_Armor_ItemGenerator,GeneralNPC_Neutral_CloseCombat_ItemGenerator,"{""SID"":""GeneralNPC_Neutral_CloseCombat_No_Armor_ItemGenerator"",""RefreshTime"":""1d"",""SpecificRewardSound"":""EUISound::SystemNotificationNews""}",[5],WeaponPrimary,ERank::Veteran,,"EGameDifficulty::Easy, EGameDifficulty::Medium, EGameDifficulty::Hard",{},[0],GeneralNPC_Neutral_CloseCombat_No_Armor_ItemGenerator.ItemGenerator.[5].PossibleItems.[0],GunM860_SG,,weight,1000,,,,2,4,0.25,0.5,"{""ItemPrototypeSID"":""GunM860_SG"",""Weight"":""1000"",""MinDurability"":""0.25"",""MaxDurability"":""0.5"",""AmmoMinCount"":""2"",""AmmoMaxCount"":""4""}"
vanilla/Stalker2/Content/GameLite/GameData/ItemGeneratorPrototypes.cfg,special variant,Neutral,CloseCombat_No_Armor_ItemGenerator,GeneralNPC_Neutral_CloseCombat_No_Armor_ItemGenerator,GeneralNPC_Neutral_CloseCombat_No_Armor_ItemGenerator,GeneralNPC_Neutral_CloseCombat_ItemGenerator,"{""SID"":""GeneralNPC_Neutral_CloseCombat_No_Armor_ItemGenerator"",""RefreshTime"":""1d"",""SpecificRewardSound"":""EUISound::SystemNotificationNews""}",[5],WeaponPrimary,ERank::Veteran,,"EGameDifficulty::Easy, EGameDifficulty::Medium, EGameDifficulty::Hard",{},[1],GeneralNPC_Neutral_CloseCombat_No_Armor_ItemGenerator.ItemGenerator.[5].PossibleItems.[1],GunSPSA_SG,,weight,100,,,,2,4,0.25,0.5,"{""ItemPrototypeSID"":""GunSPSA_SG"",""Weight"":""100"",""MinDurability"":""0.25"",""MaxDurability"":""0.5"",""AmmoMinCount"":""2"",""AmmoMaxCount"":""4""}"
vanilla/Stalker2/Content/GameLite/GameData/ItemGeneratorPrototypes.cfg,special variant,Neutral,CloseCombat_No_Armor_ItemGenerator,GeneralNPC_Neutral_CloseCombat_No_Armor_ItemGenerator,GeneralNPC_Neutral_CloseCombat_No_Armor_ItemGenerator,GeneralNPC_Neutral_CloseCombat_ItemGenerator,"{""SID"":""GeneralNPC_Neutral_CloseCombat_No_Armor_ItemGenerator"",""RefreshTime"":""1d"",""SpecificRewardSound"":""EUISound::SystemNotificationNews""}",[6],WeaponPrimary,ERank::Master,,"EGameDifficulty::Easy, EGameDifficulty::Medium, EGameDifficulty::Hard",{},[0],GeneralNPC_Neutral_CloseCombat_No_Armor_ItemGenerator.ItemGenerator.[6].PossibleItems.[0],GunSPSA_SG,,weight,1000,,,,2,4,0.25,0.5,"{""ItemPrototypeSID"":""GunSPSA_SG"",""Weight"":""1000"",""MinDurability"":""0.25"",""MaxDurability"":""0.5"",""AmmoMinCount"":""2"",""AmmoMaxCount"":""4""}"
vanilla/Stalker2/Content/GameLite/GameData/ItemGeneratorPrototypes.cfg,special variant,Neutral,CloseCombat_No_Armor_ItemGenerator,GeneralNPC_Neutral_CloseCombat_No_Armor_ItemGenerator,GeneralNPC_Neutral_CloseCombat_No_Armor_ItemGenerator,GeneralNPC_Neutral_CloseCombat_ItemGenerator,"{""SID"":""GeneralNPC_Neutral_CloseCombat_No_Armor_ItemGenerator"",""RefreshTime"":""1d"",""SpecificRewardSound"":""EUISound::SystemNotificationNews""}",[7],WeaponPrimary,ERank::Veteran,,EGameDifficulty::Stalker,{},[0],GeneralNPC_Neutral_CloseCombat_No_Armor_ItemGenerator.ItemGenerator.[7].PossibleItems.[0],GunM860_SG,,weight,1000,,,,1,4,0.25,0.5,"{""ItemPrototypeSID"":""GunM860_SG"",""Weight"":""1000"",""MinDurability"":""0.25"",""MaxDurability"":""0.5"",""AmmoMinCount"":""1"",""AmmoMaxCount"":""4""}"
vanilla/Stalker2/Content/GameLite/GameData/ItemGeneratorPrototypes.cfg,special variant,Neutral,CloseCombat_No_Armor_ItemGenerator,GeneralNPC_Neutral_CloseCombat_No_Armor_ItemGenerator,GeneralNPC_Neutral_CloseCombat_No_Armor_ItemGenerator,GeneralNPC_Neutral_CloseCombat_ItemGenerator,"{""SID"":""GeneralNPC_Neutral_CloseCombat_No_Armor_ItemGenerator"",""RefreshTime"":""1d"",""SpecificRewardSound"":""EUISound::SystemNotificationNews""}",[7],WeaponPrimary,ERank::Veteran,,EGameDifficulty::Stalker,{},[1],GeneralNPC_Neutral_CloseCombat_No_Armor_ItemGenerator.ItemGenerator.[7].PossibleItems.[1],GunSPSA_SG,,weight,100,,,,1,4,0.25,0.5,"{""ItemPrototypeSID"":""GunSPSA_SG"",""Weight"":""100"",""MinDurability"":""0.25"",""MaxDurability"":""0.5"",""AmmoMinCount"":""1"",""AmmoMaxCount"":""4""}"
vanilla/Stalker2/Content/GameLite/GameData/ItemGeneratorPrototypes.cfg,special variant,Neutral,CloseCombat_No_Armor_ItemGenerator,GeneralNPC_Neutral_CloseCombat_No_Armor_ItemGenerator,GeneralNPC_Neutral_CloseCombat_No_Armor_ItemGenerator,GeneralNPC_Neutral_CloseCombat_ItemGenerator,"{""SID"":""GeneralNPC_Neutral_CloseCombat_No_Armor_ItemGenerator"",""RefreshTime"":""1d"",""SpecificRewardSound"":""EUISound::SystemNotificationNews""}",[8],WeaponPrimary,ERank::Master,,EGameDifficulty::Stalker,{},[0],GeneralNPC_Neutral_CloseCombat_No_Armor_ItemGenerator.ItemGenerator.[8].PossibleItems.[0],GunSPSA_SG,,weight,1000,,,,1,4,0.25,0.5,"{""ItemPrototypeSID"":""GunSPSA_SG"",""Weight"":""1000"",""MinDurability"":""0.25"",""MaxDurability"":""0.5"",""AmmoMinCount"":""1"",""AmmoMaxCount"":""4""}"
vanilla/Stalker2/Content/GameLite/GameData/ItemGeneratorPrototypes.cfg,special variant,Neutral,CloseCombat_No_Armor_ItemGenerator,GeneralNPC_Neutral_CloseCombat_No_Armor_ItemGenerator,GeneralNPC_Neutral_CloseCombat_No_Armor_ItemGenerator,GeneralNPC_Neutral_CloseCombat_ItemGenerator,"{""SID"":""GeneralNPC_Neutral_CloseCombat_No_Armor_ItemGenerator"",""RefreshTime"":""1d"",""SpecificRewardSound"":""EUISound::SystemNotificationNews""}",[9],BodyArmor,ERank::Newbie,,,{},[0],GeneralNPC_Neutral_CloseCombat_No_Armor_ItemGenerator.ItemGenerator.[9].PossibleItems.[0],Jemmy_Neutral_Armor,,weight,15.0,,,,,,,,"{""ItemPrototypeSID"":""Jemmy_Neutral_Armor"",""Weight"":""15.0""}"
vanilla/Stalker2/Content/GameLite/GameData/ItemGeneratorPrototypes.cfg,special variant,Neutral,CloseCombat_No_Armor_ItemGenerator,GeneralNPC_Neutral_CloseCombat_No_Armor_ItemGenerator,GeneralNPC_Neutral_CloseCombat_No_Armor_ItemGenerator,GeneralNPC_Neutral_CloseCombat_ItemGenerator,"{""SID"":""GeneralNPC_Neutral_CloseCombat_No_Armor_ItemGenerator"",""RefreshTime"":""1d"",""SpecificRewardSound"":""EUISound::SystemNotificationNews""}",[9],BodyArmor,ERank::Newbie,,,{},[1],GeneralNPC_Neutral_CloseCombat_No_Armor_ItemGenerator.ItemGenerator.[9].PossibleItems.[1],Newbee_Neutral_Armor,,weight,1.0,,,,,,,,"{""ItemPrototypeSID"":""Newbee_Neutral_Armor"",""Weight"":""1.0""}"
vanilla/Stalker2/Content/GameLite/GameData/ItemGeneratorPrototypes.cfg,special variant,Neutral,CloseCombat_No_Armor_ItemGenerator,GeneralNPC_Neutral_CloseCombat_No_Armor_ItemGenerator,GeneralNPC_Neutral_CloseCombat_No_Armor_ItemGenerator,GeneralNPC_Neutral_CloseCombat_ItemGenerator,"{""SID"":""GeneralNPC_Neutral_CloseCombat_No_Armor_ItemGenerator"",""RefreshTime"":""1d"",""SpecificRewardSound"":""EUISound::SystemNotificationNews""}",[9],BodyArmor,ERank::Newbie,,,{},[2],GeneralNPC_Neutral_CloseCombat_No_Armor_ItemGenerator.ItemGenerator.[9].PossibleItems.[2],NPC_Sel_Neutral_Armor,,weight,4.0,,,,,,,,"{""ItemPrototypeSID"":""NPC_Sel_Neutral_Armor"",""Weight"":""4.0""}"
vanilla/Stalker2/Content/GameLite/GameData/ItemGeneratorPrototypes.cfg,special variant,Neutral,CloseCombat_No_Armor_ItemGenerator,GeneralNPC_Neutral_CloseCombat_No_Armor_ItemGenerator,GeneralNPC_Neutral_CloseCombat_No_Armor_ItemGenerator,GeneralNPC_Neutral_CloseCombat_ItemGenerator,"{""SID"":""GeneralNPC_Neutral_CloseCombat_No_Armor_ItemGenerator"",""RefreshTime"":""1d"",""SpecificRewardSound"":""EUISound::SystemNotificationNews""}",[10],BodyArmor,ERank::Experienced,,,{},[0],GeneralNPC_Neutral_CloseCombat_No_Armor_ItemGenerator.ItemGenerator.[10].PossibleItems.[0],Nasos_Neutral_Armor,,weight,1.0,,,,,,,,"{""ItemPrototypeSID"":""Nasos_Neutral_Armor"",""Weight"":""1.0""}"
vanilla/Stalker2/Content/GameLite/GameData/ItemGeneratorPrototypes.cfg,special variant,Neutral,CloseCombat_No_Armor_ItemGenerator,GeneralNPC_Neutral_CloseCombat_No_Armor_ItemGenerator,GeneralNPC_Neutral_CloseCombat_No_Armor_ItemGenerator,GeneralNPC_Neutral_CloseCombat_ItemGenerator,"{""SID"":""GeneralNPC_Neutral_CloseCombat_No_Armor_ItemGenerator"",""RefreshTime"":""1d"",""SpecificRewardSound"":""EUISound::SystemNotificationNews""}",[10],BodyArmor,ERank::Experienced,,,{},[1],GeneralNPC_Neutral_CloseCombat_No_Armor_ItemGenerator.ItemGenerator.[10].PossibleItems.[1],Zorya_Neutral_Armor,,weight,1.0,,,,,,,,"{""ItemPrototypeSID"":""Zorya_Neutral_Armor"",""Weight"":""1.0""}"
vanilla/Stalker2/Content/GameLite/GameData/ItemGeneratorPrototypes.cfg,special variant,Neutral,CloseCombat_No_Armor_ItemGenerator,GeneralNPC_Neutral_CloseCombat_No_Armor_ItemGenerator,GeneralNPC_Neutral_CloseCombat_No_Armor_ItemGenerator,GeneralNPC_Neutral_CloseCombat_ItemGenerator,"{""SID"":""GeneralNPC_Neutral_CloseCombat_No_Armor_ItemGenerator"",""RefreshTime"":""1d"",""SpecificRewardSound"":""EUISound::SystemNotificationNews""}",[11],BodyArmor,ERank::Veteran,,,{},[0],GeneralNPC_Neutral_CloseCombat_No_Armor_ItemGenerator.ItemGenerator.[11].PossibleItems.[0],SEVA_Neutral_Armor,,weight,2.0,,,,,,,,"{""ItemPrototypeSID"":""SEVA_Neutral_Armor"",""Weight"":""2.0""}"
vanilla/Stalker2/Content/GameLite/GameData/ItemGeneratorPrototypes.cfg,special variant,Neutral,CloseCombat_No_Armor_ItemGenerator,GeneralNPC_Neutral_CloseCombat_No_Armor_ItemGenerator,GeneralNPC_Neutral_CloseCombat_No_Armor_ItemGenerator,GeneralNPC_Neutral_CloseCombat_ItemGenerator,"{""SID"":""GeneralNPC_Neutral_CloseCombat_No_Armor_ItemGenerator"",""RefreshTime"":""1d"",""SpecificRewardSound"":""EUISound::SystemNotificationNews""}",[11],BodyArmor,ERank::Veteran,,,{},[1],GeneralNPC_Neutral_CloseCombat_No_Armor_ItemGenerator.ItemGenerator.[11].PossibleItems.[1],NPC_Cloak_Heavy_Neutral_Armor,,weight,3.0,,,,,,,,"{""ItemPrototypeSID"":""NPC_Cloak_Heavy_Neutral_Armor"",""Weight"":""3.0""}"
vanilla/Stalker2/Content/GameLite/GameData/ItemGeneratorPrototypes.cfg,special variant,Neutral,CloseCombat_No_Armor_ItemGenerator,GeneralNPC_Neutral_CloseCombat_No_Armor_ItemGenerator,GeneralNPC_Neutral_CloseCombat_No_Armor_ItemGenerator,GeneralNPC_Neutral_CloseCombat_ItemGenerator,"{""SID"":""GeneralNPC_Neutral_CloseCombat_No_Armor_ItemGenerator"",""RefreshTime"":""1d"",""SpecificRewardSound"":""EUISound::SystemNotificationNews""}",[12],BodyArmor,ERank::Master,,,{},[0],GeneralNPC_Neutral_CloseCombat_No_Armor_ItemGenerator.ItemGenerator.[12].PossibleItems.[0],Exoskeleton_Neutral_Armor,,weight,2.0,,,,,,,,"{""ItemPrototypeSID"":""Exoskeleton_Neutral_Armor"",""Weight"":""2.0""}"
vanilla/Stalker2/Content/GameLite/GameData/ItemGeneratorPrototypes.cfg,special variant,Neutral,CloseCombat_No_Armor_ItemGenerator,GeneralNPC_Neutral_CloseCombat_No_Armor_ItemGenerator,GeneralNPC_Neutral_CloseCombat_No_Armor_ItemGenerator,GeneralNPC_Neutral_CloseCombat_ItemGenerator,"{""SID"":""GeneralNPC_Neutral_CloseCombat_No_Armor_ItemGenerator"",""RefreshTime"":""1d"",""SpecificRewardSound"":""EUISound::SystemNotificationNews""}",[12],BodyArmor,ERank::Master,,,{},[1],GeneralNPC_Neutral_CloseCombat_No_Armor_ItemGenerator.ItemGenerator.[12].PossibleItems.[1],SEVA_Neutral_Armor,,weight,1.0,,,,,,,,"{""ItemPrototypeSID"":""SEVA_Neutral_Armor"",""Weight"":""1.0""}"
vanilla/Stalker2/Content/GameLite/GameData/ItemGeneratorPrototypes.cfg,special variant,Neutral,CloseCombat_No_Armor_ItemGenerator,GeneralNPC_Neutral_CloseCombat_No_Armor_ItemGenerator,GeneralNPC_Neutral_CloseCombat_No_Armor_ItemGenerator,GeneralNPC_Neutral_CloseCombat_ItemGenerator,"{""SID"":""GeneralNPC_Neutral_CloseCombat_No_Armor_ItemGenerator"",""RefreshTime"":""1d"",""SpecificRewardSound"":""EUISound::SystemNotificationNews""}",[12],BodyArmor,ERank::Master,,,{},[2],GeneralNPC_Neutral_CloseCombat_No_Armor_ItemGenerator.ItemGenerator.[12].PossibleItems.[2],NPC_Cloak_Heavy_Neutral_Armor,,weight,2.0,,,,,,,,"{""ItemPrototypeSID"":""NPC_Cloak_Heavy_Neutral_Armor"",""Weight"":""2.0""}"
vanilla/Stalker2/Content/GameLite/GameData/ItemGeneratorPrototypes.cfg,special variant,Neutral,CloseCombat_No_Armor_ItemGenerator,GeneralNPC_Neutral_CloseCombat_No_Armor_ItemGenerator,GeneralNPC_Neutral_CloseCombat_No_Armor_ItemGenerator,GeneralNPC_Neutral_CloseCombat_ItemGenerator,"{""SID"":""GeneralNPC_Neutral_CloseCombat_No_Armor_ItemGenerator"",""RefreshTime"":""1d"",""SpecificRewardSound"":""EUISound::SystemNotificationNews""}",[13],Head,"ERank::Newbie, ERank::Experienced",,,{},[0],GeneralNPC_Neutral_CloseCombat_No_Armor_ItemGenerator.ItemGenerator.[13].PossibleItems.[0],Light_Neutral_Helmet,,chance,,0.3,,,,,,,"{""ItemPrototypeSID"":""Light_Neutral_Helmet"",""Chance"":""0.3""}"
vanilla/Stalker2/Content/GameLite/GameData/ItemGeneratorPrototypes.cfg,special variant,Neutral,CloseCombat_No_Armor_ItemGenerator,GeneralNPC_Neutral_CloseCombat_No_Armor_ItemGenerator,GeneralNPC_Neutral_CloseCombat_No_Armor_ItemGenerator,GeneralNPC_Neutral_CloseCombat_ItemGenerator,"{""SID"":""GeneralNPC_Neutral_CloseCombat_No_Armor_ItemGenerator"",""RefreshTime"":""1d"",""SpecificRewardSound"":""EUISound::SystemNotificationNews""}",[14],Head,"ERank::Veteran, ERank::Master",,,{},[0],GeneralNPC_Neutral_CloseCombat_No_Armor_ItemGenerator.ItemGenerator.[14].PossibleItems.[0],Light_Neutral_Helmet,,chance,,0.7,,,,,,,"{""ItemPrototypeSID"":""Light_Neutral_Helmet"",""Chance"":""0.7""}"
vanilla/Stalker2/Content/GameLite/GameData/ItemGeneratorPrototypes.cfg,special variant,Neutral,CloseCombat_No_Armor_ItemGenerator,GeneralNPC_Neutral_CloseCombat_No_Armor_ItemGenerator,GeneralNPC_Neutral_CloseCombat_No_Armor_ItemGenerator,GeneralNPC_Neutral_CloseCombat_ItemGenerator,"{""SID"":""GeneralNPC_Neutral_CloseCombat_No_Armor_ItemGenerator"",""RefreshTime"":""1d"",""SpecificRewardSound"":""EUISound::SystemNotificationNews""}",[15],SubItemGenerator,,,,{},[0],GeneralNPC_Neutral_CloseCombat_No_Armor_ItemGenerator.ItemGenerator.[15].PossibleItems.[0],,GeneralNPC_Consumables_CloseCombat,weight,1,,,,,,,,"{""ItemGeneratorPrototypeSID"":""GeneralNPC_Consumables_CloseCombat"",""Weight"":""1""}"
vanilla/Stalker2/Content/GameLite/GameData/ItemGeneratorPrototypes.cfg,special variant,Neutral,CloseCombat_No_Armor_ItemGenerator,GeneralNPC_Neutral_CloseCombat_No_Armor_ItemGenerator,GeneralNPC_Neutral_CloseCombat_No_Armor_ItemGenerator,GeneralNPC_Neutral_CloseCombat_ItemGenerator,"{""SID"":""GeneralNPC_Neutral_CloseCombat_No_Armor_ItemGenerator"",""RefreshTime"":""1d"",""SpecificRewardSound"":""EUISound::SystemNotificationNews""}",[16],Detector,,,,{},[0],GeneralNPC_Neutral_CloseCombat_No_Armor_ItemGenerator.ItemGenerator.[16].PossibleItems.[0],Echo,,chance,,0.05,1,,,,,,"{""ItemPrototypeSID"":""Echo"",""Chance"":""0.05"",""MinCount"":""1""}"
vanilla/Stalker2/Content/GameLite/GameData/ItemGeneratorPrototypes.cfg,special variant,Neutral,CloseCombat_No_Armor_ItemGenerator,GeneralNPC_Neutral_CloseCombat_No_Armor_ItemGenerator,GeneralNPC_Neutral_CloseCombat_No_Armor_ItemGenerator,GeneralNPC_Neutral_CloseCombat_ItemGenerator,"{""SID"":""GeneralNPC_Neutral_CloseCombat_No_Armor_ItemGenerator"",""RefreshTime"":""1d"",""SpecificRewardSound"":""EUISound::SystemNotificationNews""}",[17],Artifact,,,,{},[0],GeneralNPC_Neutral_CloseCombat_No_Armor_ItemGenerator.ItemGenerator.[17].PossibleItems.[0],GrenadeRGD5,,chance,,0.2,1,1,,,,,"{""ItemPrototypeSID"":""GrenadeRGD5"",""Chance"":""0.2"",""MinCount"":""1"",""MaxCount"":""1""}"
vanilla/Stalker2/Content/GameLite/GameData/ItemGeneratorPrototypes.cfg,special variant,Neutral,CloseCombat_No_Armor_ItemGenerator,GeneralNPC_Neutral_CloseCombat_No_Armor_ItemGenerator,GeneralNPC_Neutral_CloseCombat_No_Armor_ItemGenerator,GeneralNPC_Neutral_CloseCombat_ItemGenerator,"{""SID"":""GeneralNPC_Neutral_CloseCombat_No_Armor_ItemGenerator"",""RefreshTime"":""1d"",""SpecificRewardSound"":""EUISound::SystemNotificationNews""}",[18],SubItemGenerator,,,,{},[0],GeneralNPC_Neutral_CloseCombat_No_Armor_ItemGenerator.ItemGenerator.[18].PossibleItems.[0],,GeneralNPC_Neutral_NVG,chance,,1,,,,,,,"{""ItemGeneratorPrototypeSID"":""GeneralNPC_Neutral_NVG"",""Chance"":""1""}"
vanilla/Stalker2/Content/GameLite/GameData/ItemGeneratorPrototypes.cfg,special variant,Neutral,Sniper_ItemGeneratorCustom,GeneralNPC_Neutral_Sniper_ItemGeneratorCustom,GeneralNPC_Neutral_Sniper_ItemGeneratorCustom,[0],"{""SID"":""GeneralNPC_Neutral_Sniper_ItemGeneratorCustom"",""SpecificRewardSound"":""EUISound::SystemNotificationNews""}",[0],WeaponPrimary,ERank::Newbie,,,{},[0],GeneralNPC_Neutral_Sniper_ItemGeneratorCustom.ItemGenerator.[0].PossibleItems.[0],GunThreeLine_SP,,chance,,1.0,,,0,7,0.25,0.5,"{""ItemPrototypeSID"":""GunThreeLine_SP"",""Chance"":""1.0"",""MinDurability"":""0.25"",""MaxDurability"":""0.5"",""AmmoMinCount"":""0"",""AmmoMaxCount"":""7""}"
vanilla/Stalker2/Content/GameLite/GameData/ItemGeneratorPrototypes.cfg,special variant,Neutral,Sniper_ItemGeneratorCustom,GeneralNPC_Neutral_Sniper_ItemGeneratorCustom,GeneralNPC_Neutral_Sniper_ItemGeneratorCustom,[0],"{""SID"":""GeneralNPC_Neutral_Sniper_ItemGeneratorCustom"",""SpecificRewardSound"":""EUISound::SystemNotificationNews""}",[1],WeaponPrimary,ERank::Experienced,,,{},[0],GeneralNPC_Neutral_Sniper_ItemGeneratorCustom.ItemGenerator.[1].PossibleItems.[0],GunSVDM_SP,,chance,,1.0,,,0,7,0.25,0.5,"{""ItemPrototypeSID"":""GunSVDM_SP"",""Chance"":""1.0"",""MinDurability"":""0.25"",""MaxDurability"":""0.5"",""AmmoMinCount"":""0"",""AmmoMaxCount"":""7""}"
vanilla/Stalker2/Content/GameLite/GameData/ItemGeneratorPrototypes.cfg,special variant,Neutral,Sniper_ItemGeneratorCustom,GeneralNPC_Neutral_Sniper_ItemGeneratorCustom,GeneralNPC_Neutral_Sniper_ItemGeneratorCustom,[0],"{""SID"":""GeneralNPC_Neutral_Sniper_ItemGeneratorCustom"",""SpecificRewardSound"":""EUISound::SystemNotificationNews""}",[2],WeaponPrimary,ERank::Veteran,,,{},[0],GeneralNPC_Neutral_Sniper_ItemGeneratorCustom.ItemGenerator.[2].PossibleItems.[0],GunSKP_DMR,,chance,,1.0,,,0,2,0.25,0.5,"{""ItemPrototypeSID"":""GunSKP_DMR"",""Chance"":""1.0"",""MinDurability"":""0.25"",""MaxDurability"":""0.5"",""AmmoMinCount"":""0"",""AmmoMaxCount"":""2""}"
vanilla/Stalker2/Content/GameLite/GameData/ItemGeneratorPrototypes.cfg,special variant,Neutral,Sniper_ItemGeneratorCustom,GeneralNPC_Neutral_Sniper_ItemGeneratorCustom,GeneralNPC_Neutral_Sniper_ItemGeneratorCustom,[0],"{""SID"":""GeneralNPC_Neutral_Sniper_ItemGeneratorCustom"",""SpecificRewardSound"":""EUISound::SystemNotificationNews""}",[3],WeaponPrimary,ERank::Master,,,{},[0],GeneralNPC_Neutral_Sniper_ItemGeneratorCustom.ItemGenerator.[3].PossibleItems.[0],GunSKP_DMR,,chance,,1.0,,,3,5,0.25,0.5,"{""ItemPrototypeSID"":""GunSKP_DMR"",""Chance"":""1.0"",""MinDurability"":""0.25"",""MaxDurability"":""0.5"",""AmmoMinCount"":""3"",""AmmoMaxCount"":""5""}"
vanilla/Stalker2/Content/GameLite/GameData/ItemGeneratorPrototypes.cfg,special variant,Neutral,Sniper_ItemGeneratorCustom,GeneralNPC_Neutral_Sniper_ItemGeneratorCustom,GeneralNPC_Neutral_Sniper_ItemGeneratorCustom,[0],"{""SID"":""GeneralNPC_Neutral_Sniper_ItemGeneratorCustom"",""SpecificRewardSound"":""EUISound::SystemNotificationNews""}",[4],SubItemGenerator,,,,{},[0],GeneralNPC_Neutral_Sniper_ItemGeneratorCustom.ItemGenerator.[4].PossibleItems.[0],,GamePass_Stash_ItemGenerator_Rare,chance,,1.0,,,,,,,"{""ItemGeneratorPrototypeSID"":""GamePass_Stash_ItemGenerator_Rare"",""Chance"":""1.0""}"
vanilla/Stalker2/Content/GameLite/GameData/ItemGeneratorPrototypes.cfg,special variant,Neutral,Sniper_ItemGeneratorCustom,GeneralNPC_Neutral_Sniper_ItemGeneratorCustom,GeneralNPC_Neutral_Sniper_ItemGeneratorCustom,[0],"{""SID"":""GeneralNPC_Neutral_Sniper_ItemGeneratorCustom"",""SpecificRewardSound"":""EUISound::SystemNotificationNews""}",[5],BodyArmor,ERank::Newbie,,,{},[0],GeneralNPC_Neutral_Sniper_ItemGeneratorCustom.ItemGenerator.[5].PossibleItems.[0],Jemmy_Neutral_Armor,,weight,15.0,,,,,,,,"{""ItemPrototypeSID"":""Jemmy_Neutral_Armor"",""Weight"":""15.0""}"
vanilla/Stalker2/Content/GameLite/GameData/ItemGeneratorPrototypes.cfg,special variant,Neutral,Sniper_ItemGeneratorCustom,GeneralNPC_Neutral_Sniper_ItemGeneratorCustom,GeneralNPC_Neutral_Sniper_ItemGeneratorCustom,[0],"{""SID"":""GeneralNPC_Neutral_Sniper_ItemGeneratorCustom"",""SpecificRewardSound"":""EUISound::SystemNotificationNews""}",[5],BodyArmor,ERank::Newbie,,,{},[1],GeneralNPC_Neutral_Sniper_ItemGeneratorCustom.ItemGenerator.[5].PossibleItems.[1],Newbee_Neutral_Armor,,weight,1.0,,,,,,,,"{""ItemPrototypeSID"":""Newbee_Neutral_Armor"",""Weight"":""1.0""}"
vanilla/Stalker2/Content/GameLite/GameData/ItemGeneratorPrototypes.cfg,special variant,Neutral,Sniper_ItemGeneratorCustom,GeneralNPC_Neutral_Sniper_ItemGeneratorCustom,GeneralNPC_Neutral_Sniper_ItemGeneratorCustom,[0],"{""SID"":""GeneralNPC_Neutral_Sniper_ItemGeneratorCustom"",""SpecificRewardSound"":""EUISound::SystemNotificationNews""}",[5],BodyArmor,ERank::Newbie,,,{},[2],GeneralNPC_Neutral_Sniper_ItemGeneratorCustom.ItemGenerator.[5].PossibleItems.[2],NPC_Sel_Neutral_Armor,,weight,4.0,,,,,,,,"{""ItemPrototypeSID"":""NPC_Sel_Neutral_Armor"",""Weight"":""4.0""}"
vanilla/Stalker2/Content/GameLite/GameData/ItemGeneratorPrototypes.cfg,special variant,Neutral,Sniper_ItemGeneratorCustom,GeneralNPC_Neutral_Sniper_ItemGeneratorCustom,GeneralNPC_Neutral_Sniper_ItemGeneratorCustom,[0],"{""SID"":""GeneralNPC_Neutral_Sniper_ItemGeneratorCustom"",""SpecificRewardSound"":""EUISound::SystemNotificationNews""}",[6],BodyArmor,ERank::Experienced,,,{},[0],GeneralNPC_Neutral_Sniper_ItemGeneratorCustom.ItemGenerator.[6].PossibleItems.[0],Nasos_Neutral_Armor,,weight,1.0,,,,,,,,"{""ItemPrototypeSID"":""Nasos_Neutral_Armor"",""Weight"":""1.0""}"
vanilla/Stalker2/Content/GameLite/GameData/ItemGeneratorPrototypes.cfg,special variant,Neutral,Sniper_ItemGeneratorCustom,GeneralNPC_Neutral_Sniper_ItemGeneratorCustom,GeneralNPC_Neutral_Sniper_ItemGeneratorCustom,[0],"{""SID"":""GeneralNPC_Neutral_Sniper_ItemGeneratorCustom"",""SpecificRewardSound"":""EUISound::SystemNotificationNews""}",[6],BodyArmor,ERank::Experienced,,,{},[1],GeneralNPC_Neutral_Sniper_ItemGeneratorCustom.ItemGenerator.[6].PossibleItems.[1],Zorya_Neutral_Armor,,weight,1.0,,,,,,,,"{""ItemPrototypeSID"":""Zorya_Neutral_Armor"",""Weight"":""1.0""}"
vanilla/Stalker2/Content/GameLite/GameData/ItemGeneratorPrototypes.cfg,special variant,Neutral,Sniper_ItemGeneratorCustom,GeneralNPC_Neutral_Sniper_ItemGeneratorCustom,GeneralNPC_Neutral_Sniper_ItemGeneratorCustom,[0],"{""SID"":""GeneralNPC_Neutral_Sniper_ItemGeneratorCustom"",""SpecificRewardSound"":""EUISound::SystemNotificationNews""}",[7],BodyArmor,ERank::Veteran,,,{},[0],GeneralNPC_Neutral_Sniper_ItemGeneratorCustom.ItemGenerator.[7].PossibleItems.[0],SEVA_Neutral_Armor,,weight,2.0,,,,,,,,"{""ItemPrototypeSID"":""SEVA_Neutral_Armor"",""Weight"":""2.0""}"
vanilla/Stalker2/Content/GameLite/GameData/ItemGeneratorPrototypes.cfg,special variant,Neutral,Sniper_ItemGeneratorCustom,GeneralNPC_Neutral_Sniper_ItemGeneratorCustom,GeneralNPC_Neutral_Sniper_ItemGeneratorCustom,[0],"{""SID"":""GeneralNPC_Neutral_Sniper_ItemGeneratorCustom"",""SpecificRewardSound"":""EUISound::SystemNotificationNews""}",[7],BodyArmor,ERank::Veteran,,,{},[1],GeneralNPC_Neutral_Sniper_ItemGeneratorCustom.ItemGenerator.[7].PossibleItems.[1],NPC_Cloak_Heavy_Neutral_Armor,,weight,2.0,,,,,,,,"{""ItemPrototypeSID"":""NPC_Cloak_Heavy_Neutral_Armor"",""Weight"":""2.0""}"
vanilla/Stalker2/Content/GameLite/GameData/ItemGeneratorPrototypes.cfg,special variant,Neutral,Sniper_ItemGeneratorCustom,GeneralNPC_Neutral_Sniper_ItemGeneratorCustom,GeneralNPC_Neutral_Sniper_ItemGeneratorCustom,[0],"{""SID"":""GeneralNPC_Neutral_Sniper_ItemGeneratorCustom"",""SpecificRewardSound"":""EUISound::SystemNotificationNews""}",[8],BodyArmor,ERank::Master,,,{},[0],GeneralNPC_Neutral_Sniper_ItemGeneratorCustom.ItemGenerator.[8].PossibleItems.[0],Exoskeleton_Neutral_Armor,,weight,2.0,,,,,,,,"{""ItemPrototypeSID"":""Exoskeleton_Neutral_Armor"",""Weight"":""2.0""}"
vanilla/Stalker2/Content/GameLite/GameData/ItemGeneratorPrototypes.cfg,special variant,Neutral,Sniper_ItemGeneratorCustom,GeneralNPC_Neutral_Sniper_ItemGeneratorCustom,GeneralNPC_Neutral_Sniper_ItemGeneratorCustom,[0],"{""SID"":""GeneralNPC_Neutral_Sniper_ItemGeneratorCustom"",""SpecificRewardSound"":""EUISound::SystemNotificationNews""}",[8],BodyArmor,ERank::Master,,,{},[1],GeneralNPC_Neutral_Sniper_ItemGeneratorCustom.ItemGenerator.[8].PossibleItems.[1],SEVA_Neutral_Armor,,weight,1.0,,,,,,,,"{""ItemPrototypeSID"":""SEVA_Neutral_Armor"",""Weight"":""1.0""}"
vanilla/Stalker2/Content/GameLite/GameData/ItemGeneratorPrototypes.cfg,special variant,Neutral,Sniper_ItemGeneratorCustom,GeneralNPC_Neutral_Sniper_ItemGeneratorCustom,GeneralNPC_Neutral_Sniper_ItemGeneratorCustom,[0],"{""SID"":""GeneralNPC_Neutral_Sniper_ItemGeneratorCustom"",""SpecificRewardSound"":""EUISound::SystemNotificationNews""}",[8],BodyArmor,ERank::Master,,,{},[2],GeneralNPC_Neutral_Sniper_ItemGeneratorCustom.ItemGenerator.[8].PossibleItems.[2],NPC_Cloak_Heavy_Neutral_Armor,,weight,2.0,,,,,,,,"{""ItemPrototypeSID"":""NPC_Cloak_Heavy_Neutral_Armor"",""Weight"":""2.0""}"
vanilla/Stalker2/Content/GameLite/GameData/ItemGeneratorPrototypes.cfg,special variant,Neutral,Sniper_ItemGeneratorCustom,GeneralNPC_Neutral_Sniper_ItemGeneratorCustom,GeneralNPC_Neutral_Sniper_ItemGeneratorCustom,[0],"{""SID"":""GeneralNPC_Neutral_Sniper_ItemGeneratorCustom"",""SpecificRewardSound"":""EUISound::SystemNotificationNews""}",[9],Head,"ERank::Newbie, ERank::Experienced",,,{},[0],GeneralNPC_Neutral_Sniper_ItemGeneratorCustom.ItemGenerator.[9].PossibleItems.[0],Light_Neutral_Helmet,,chance,,0.3,,,,,,,"{""ItemPrototypeSID"":""Light_Neutral_Helmet"",""Chance"":""0.3""}"
vanilla/Stalker2/Content/GameLite/GameData/ItemGeneratorPrototypes.cfg,special variant,Neutral,Sniper_ItemGeneratorCustom,GeneralNPC_Neutral_Sniper_ItemGeneratorCustom,GeneralNPC_Neutral_Sniper_ItemGeneratorCustom,[0],"{""SID"":""GeneralNPC_Neutral_Sniper_ItemGeneratorCustom"",""SpecificRewardSound"":""EUISound::SystemNotificationNews""}",[10],Head,"ERank::Veteran, ERank::Master",,,{},[0],GeneralNPC_Neutral_Sniper_ItemGeneratorCustom.ItemGenerator.[10].PossibleItems.[0],Light_Neutral_Helmet,,chance,,0.7,,,,,,,"{""ItemPrototypeSID"":""Light_Neutral_Helmet"",""Chance"":""0.7""}"
vanilla/Stalker2/Content/GameLite/GameData/ItemGeneratorPrototypes.cfg,special variant,Neutral,Sniper_ItemGeneratorCustom,GeneralNPC_Neutral_Sniper_ItemGeneratorCustom,GeneralNPC_Neutral_Sniper_ItemGeneratorCustom,[0],"{""SID"":""GeneralNPC_Neutral_Sniper_ItemGeneratorCustom"",""SpecificRewardSound"":""EUISound::SystemNotificationNews""}",[11],SubItemGenerator,,,,{},[0],GeneralNPC_Neutral_Sniper_ItemGeneratorCustom.ItemGenerator.[11].PossibleItems.[0],,GeneralNPC_Consumables_Sniper,weight,1,,,,,,,,"{""ItemGeneratorPrototypeSID"":""GeneralNPC_Consumables_Sniper"",""Weight"":""1""}"
vanilla/Stalker2/Content/GameLite/GameData/ItemGeneratorPrototypes.cfg,special variant,Neutral,Sniper_ItemGeneratorCustom,GeneralNPC_Neutral_Sniper_ItemGeneratorCustom,GeneralNPC_Neutral_Sniper_ItemGeneratorCustom,[0],"{""SID"":""GeneralNPC_Neutral_Sniper_ItemGeneratorCustom"",""SpecificRewardSound"":""EUISound::SystemNotificationNews""}",[12],Artifact,,,,{},[0],GeneralNPC_Neutral_Sniper_ItemGeneratorCustom.ItemGenerator.[12].PossibleItems.[0],GrenadeF1,,chance,,0.2,1,1,,,,,"{""ItemPrototypeSID"":""GrenadeF1"",""Chance"":""0.2"",""MinCount"":""1"",""MaxCount"":""1""}"
vanilla/Stalker2/Content/GameLite/GameData/ItemGeneratorPrototypes.cfg,special variant,Neutral,Sniper_ItemGeneratorCustom,GeneralNPC_Neutral_Sniper_ItemGeneratorCustom,GeneralNPC_Neutral_Sniper_ItemGeneratorCustom,[0],"{""SID"":""GeneralNPC_Neutral_Sniper_ItemGeneratorCustom"",""SpecificRewardSound"":""EUISound::SystemNotificationNews""}",[13],Detector,,,,{},[0],GeneralNPC_Neutral_Sniper_ItemGeneratorCustom.ItemGenerator.[13].PossibleItems.[0],Echo,,chance,,0.05,1,,,,,,"{""ItemPrototypeSID"":""Echo"",""Chance"":""0.05"",""MinCount"":""1""}"
vanilla/Stalker2/Content/GameLite/GameData/ItemGeneratorPrototypes.cfg,special variant,Neutral,Sniper_ItemGeneratorCustom,GeneralNPC_Neutral_Sniper_ItemGeneratorCustom,GeneralNPC_Neutral_Sniper_ItemGeneratorCustom,[0],"{""SID"":""GeneralNPC_Neutral_Sniper_ItemGeneratorCustom"",""SpecificRewardSound"":""EUISound::SystemNotificationNews""}",[14],SubItemGenerator,,,,{},[0],GeneralNPC_Neutral_Sniper_ItemGeneratorCustom.ItemGenerator.[14].PossibleItems.[0],,GeneralNPC_Neutral_NVG,chance,,1,,,,,,,"{""ItemGeneratorPrototypeSID"":""GeneralNPC_Neutral_NVG"",""Chance"":""1""}"
vanilla/Stalker2/Content/GameLite/GameData/ItemGeneratorPrototypes.cfg,prologue,Neutral,CloseCombat_ItemGenerator_Prolog,GeneralNPC_Neutral_CloseCombat_ItemGenerator_Prolog,GeneralNPC_Neutral_CloseCombat_ItemGenerator_Prolog,[0],"{""SID"":""GeneralNPC_Neutral_CloseCombat_ItemGenerator_Prolog"",""RefreshTime"":""1d"",""SpecificRewardSound"":""EUISound::SystemNotificationNews""}",[0],Ammo,"ERank::Newbie, ERank::Experienced",,,{},[0],GeneralNPC_Neutral_CloseCombat_ItemGenerator_Prolog.ItemGenerator.[0].PossibleItems.[0],A545D,,chance,,1,30,30,,,,,"{""ItemPrototypeSID"":""A545D"",""Chance"":""1"",""MinCount"":""30"",""MaxCount"":""30""}"
vanilla/Stalker2/Content/GameLite/GameData/ItemGeneratorPrototypes.cfg,prologue,Neutral,CloseCombat_ItemGenerator_Prolog,GeneralNPC_Neutral_CloseCombat_ItemGenerator_Prolog,GeneralNPC_Neutral_CloseCombat_ItemGenerator_Prolog,[0],"{""SID"":""GeneralNPC_Neutral_CloseCombat_ItemGenerator_Prolog"",""RefreshTime"":""1d"",""SpecificRewardSound"":""EUISound::SystemNotificationNews""}",[1],BodyArmor,ERank::Newbie,,,{},[0],GeneralNPC_Neutral_CloseCombat_ItemGenerator_Prolog.ItemGenerator.[1].PossibleItems.[0],Jemmy_Neutral_Armor,,weight,1.0,,,,,,,,"{""ItemPrototypeSID"":""Jemmy_Neutral_Armor"",""Weight"":""1.0""}"
vanilla/Stalker2/Content/GameLite/GameData/ItemGeneratorPrototypes.cfg,prologue,Neutral,CloseCombat_ItemGenerator_Prolog,GeneralNPC_Neutral_CloseCombat_ItemGenerator_Prolog,GeneralNPC_Neutral_CloseCombat_ItemGenerator_Prolog,[0],"{""SID"":""GeneralNPC_Neutral_CloseCombat_ItemGenerator_Prolog"",""RefreshTime"":""1d"",""SpecificRewardSound"":""EUISound::SystemNotificationNews""}",[1],BodyArmor,ERank::Newbie,,,{},[1],GeneralNPC_Neutral_CloseCombat_ItemGenerator_Prolog.ItemGenerator.[1].PossibleItems.[1],Newbee_Neutral_Armor,,weight,1.0,,,,,,,,"{""ItemPrototypeSID"":""Newbee_Neutral_Armor"",""Weight"":""1.0""}"
vanilla/Stalker2/Content/GameLite/GameData/ItemGeneratorPrototypes.cfg,prologue,Neutral,CloseCombat_ItemGenerator_Prolog,GeneralNPC_Neutral_CloseCombat_ItemGenerator_Prolog,GeneralNPC_Neutral_CloseCombat_ItemGenerator_Prolog,[0],"{""SID"":""GeneralNPC_Neutral_CloseCombat_ItemGenerator_Prolog"",""RefreshTime"":""1d"",""SpecificRewardSound"":""EUISound::SystemNotificationNews""}",[2],Head,,,,{},[0],GeneralNPC_Neutral_CloseCombat_ItemGenerator_Prolog.ItemGenerator.[2].PossibleItems.[0],Light_Neutral_Helmet,,weight,1.0,,,,,,,,"{""ItemPrototypeSID"":""Light_Neutral_Helmet"",""Weight"":""1.0""}"
vanilla/Stalker2/Content/GameLite/GameData/ItemGeneratorPrototypes.cfg,prologue,Neutral,CloseCombat_ItemGenerator_Prolog,GeneralNPC_Neutral_CloseCombat_ItemGenerator_Prolog,GeneralNPC_Neutral_CloseCombat_ItemGenerator_Prolog,[0],"{""SID"":""GeneralNPC_Neutral_CloseCombat_ItemGenerator_Prolog"",""RefreshTime"":""1d"",""SpecificRewardSound"":""EUISound::SystemNotificationNews""}",[3],Consumable,,,,{},[0],GeneralNPC_Neutral_CloseCombat_ItemGenerator_Prolog.ItemGenerator.[3].PossibleItems.[0],Medkit,,chance,,1,1,1,,,,,"{""ItemPrototypeSID"":""Medkit"",""Chance"":""1"",""MinCount"":""1"",""MaxCount"":""1""}"
vanilla/Stalker2/Content/GameLite/GameData/ItemGeneratorPrototypes.cfg,prologue,Neutral,CloseCombat_ItemGenerator_Prolog,GeneralNPC_Neutral_CloseCombat_ItemGenerator_Prolog,GeneralNPC_Neutral_CloseCombat_ItemGenerator_Prolog,[0],"{""SID"":""GeneralNPC_Neutral_CloseCombat_ItemGenerator_Prolog"",""RefreshTime"":""1d"",""SpecificRewardSound"":""EUISound::SystemNotificationNews""}",[3],Consumable,,,,{},[1],GeneralNPC_Neutral_CloseCombat_ItemGenerator_Prolog.ItemGenerator.[3].PossibleItems.[1],Bandage,,chance,,1,1,1,,,,,"{""ItemPrototypeSID"":""Bandage"",""Chance"":""1"",""MinCount"":""1"",""MaxCount"":""1""}"
vanilla/Stalker2/Content/GameLite/GameData/ItemGeneratorPrototypes.cfg,prologue,Neutral,CloseCombat_ItemGenerator_Prolog_Medkit,GeneralNPC_Neutral_CloseCombat_ItemGenerator_Prolog_Medkit,GeneralNPC_Neutral_CloseCombat_ItemGenerator_Prolog_Medkit,[0],"{""SID"":""GeneralNPC_Neutral_CloseCombat_ItemGenerator_Prolog_Medkit"",""RefreshTime"":""1d"",""SpecificRewardSound"":""EUISound::SystemNotificationNews""}",[0],BodyArmor,ERank::Newbie,,,{},[0],GeneralNPC_Neutral_CloseCombat_ItemGenerator_Prolog_Medkit.ItemGenerator.[0].PossibleItems.[0],Jemmy_Neutral_Armor,,weight,1.0,,,,,,,,"{""ItemPrototypeSID"":""Jemmy_Neutral_Armor"",""Weight"":""1.0""}"
vanilla/Stalker2/Content/GameLite/GameData/ItemGeneratorPrototypes.cfg,prologue,Neutral,CloseCombat_ItemGenerator_Prolog_Medkit,GeneralNPC_Neutral_CloseCombat_ItemGenerator_Prolog_Medkit,GeneralNPC_Neutral_CloseCombat_ItemGenerator_Prolog_Medkit,[0],"{""SID"":""GeneralNPC_Neutral_CloseCombat_ItemGenerator_Prolog_Medkit"",""RefreshTime"":""1d"",""SpecificRewardSound"":""EUISound::SystemNotificationNews""}",[0],BodyArmor,ERank::Newbie,,,{},[1],GeneralNPC_Neutral_CloseCombat_ItemGenerator_Prolog_Medkit.ItemGenerator.[0].PossibleItems.[1],Newbee_Neutral_Armor,,weight,1.0,,,,,,,,"{""ItemPrototypeSID"":""Newbee_Neutral_Armor"",""Weight"":""1.0""}"
vanilla/Stalker2/Content/GameLite/GameData/ItemGeneratorPrototypes.cfg,prologue,Neutral,CloseCombat_ItemGenerator_Prolog_Medkit,GeneralNPC_Neutral_CloseCombat_ItemGenerator_Prolog_Medkit,GeneralNPC_Neutral_CloseCombat_ItemGenerator_Prolog_Medkit,[0],"{""SID"":""GeneralNPC_Neutral_CloseCombat_ItemGenerator_Prolog_Medkit"",""RefreshTime"":""1d"",""SpecificRewardSound"":""EUISound::SystemNotificationNews""}",[1],Head,,,,{},[0],GeneralNPC_Neutral_CloseCombat_ItemGenerator_Prolog_Medkit.ItemGenerator.[1].PossibleItems.[0],Light_Neutral_Helmet,,weight,1.0,,,,,,,,"{""ItemPrototypeSID"":""Light_Neutral_Helmet"",""Weight"":""1.0""}"
vanilla/Stalker2/Content/GameLite/GameData/ItemGeneratorPrototypes.cfg,prologue,Neutral,CloseCombat_ItemGenerator_Prolog_Medkit,GeneralNPC_Neutral_CloseCombat_ItemGenerator_Prolog_Medkit,GeneralNPC_Neutral_CloseCombat_ItemGenerator_Prolog_Medkit,[0],"{""SID"":""GeneralNPC_Neutral_CloseCombat_ItemGenerator_Prolog_Medkit"",""RefreshTime"":""1d"",""SpecificRewardSound"":""EUISound::SystemNotificationNews""}",[2],Consumable,,,,{},[0],GeneralNPC_Neutral_CloseCombat_ItemGenerator_Prolog_Medkit.ItemGenerator.[2].PossibleItems.[0],Medkit,,chance,,1,3,3,,,,,"{""ItemPrototypeSID"":""Medkit"",""Chance"":""1"",""MinCount"":""3"",""MaxCount"":""3""}"
vanilla/Stalker2/Content/GameLite/GameData/ItemGeneratorPrototypes.cfg,prologue,Neutral,CloseCombat_ItemGenerator_Prolog_Medkit,GeneralNPC_Neutral_CloseCombat_ItemGenerator_Prolog_Medkit,GeneralNPC_Neutral_CloseCombat_ItemGenerator_Prolog_Medkit,[0],"{""SID"":""GeneralNPC_Neutral_CloseCombat_ItemGenerator_Prolog_Medkit"",""RefreshTime"":""1d"",""SpecificRewardSound"":""EUISound::SystemNotificationNews""}",[2],Consumable,,,,{},[1],GeneralNPC_Neutral_CloseCombat_ItemGenerator_Prolog_Medkit.ItemGenerator.[2].PossibleItems.[1],Bandage,,chance,,1,2,2,,,,,"{""ItemPrototypeSID"":""Bandage"",""Chance"":""1"",""MinCount"":""2"",""MaxCount"":""2""}"
vanilla/Stalker2/Content/GameLite/GameData/ItemGeneratorPrototypes.cfg,prologue,Neutral,CloseCombat_ItemGenerator_Prolog_Medkit,GeneralNPC_Neutral_CloseCombat_ItemGenerator_Prolog_Medkit,GeneralNPC_Neutral_CloseCombat_ItemGenerator_Prolog_Medkit,[0],"{""SID"":""GeneralNPC_Neutral_CloseCombat_ItemGenerator_Prolog_Medkit"",""RefreshTime"":""1d"",""SpecificRewardSound"":""EUISound::SystemNotificationNews""}",[3],WeaponPrimary,"ERank::Newbie, ERank::Experienced",,,{},[0],GeneralNPC_Neutral_CloseCombat_ItemGenerator_Prolog_Medkit.ItemGenerator.[3].PossibleItems.[0],GunAK74_ST,,weight,1000,,,,60,60,0.8,0.9,"{""ItemPrototypeSID"":""GunAK74_ST"",""Weight"":""1000"",""MinDurability"":""0.8"",""MaxDurability"":""0.9"",""AmmoMinCount"":""60"",""AmmoMaxCount"":""60""}"
